{"type":"FeatureCollection","crs":{"type":"name","properties":{"name":"urn:ogc:def:crs:OGC:1.3:CRS84"}},"bbox":[-164.90347246002,-52.1577287739643,177.520356700634,75.7934837911399],"features":[{"type":"Feature","properties":{"dissolve":"11River","scalerank":1,"featurecla":"River","name":"Tuotuo","name_alt":null,"rivernum":11,"note":null,"min_zoom":2,"name_en":"Tuotuo","min_label":3},"bbox":[90.794688,34.081326,92.992768,34.341376],"geometry":{"type":"MultiLineString","coordinates":[[[90.794688,34.300401],[90.841807,34.303656],[90.923269,34.327012],[91.066498,34.341376],[91.090831,34.338324],[91.127533,34.324164],[91.151541,34.320909],[91.21933,34.32453],[91.259858,34.316596],[91.305186,34.301296],[91.322276,34.290798],[91.340424,34.285102],[91.391694,34.293484],[91.414643,34.294216],[91.425304,34.291205],[91.444835,34.283271],[91.456391,34.280544],[91.468435,34.280626],[91.500662,34.28738],[91.704845,34.256537],[91.750499,34.259467],[91.792735,34.270697],[91.811534,34.268175],[91.819428,34.249538],[91.824229,34.228461],[91.836681,34.215928],[91.874034,34.198025],[91.939871,34.153266],[91.97755,34.136542],[92.017996,34.136542],[92.030528,34.13996],[92.035167,34.142279],[92.057546,34.179023],[92.064952,34.18769],[92.09905,34.19713],[92.116303,34.211127],[92.131847,34.227078],[92.148448,34.238959],[92.167003,34.245063],[92.191824,34.249823],[92.216319,34.250027],[92.233979,34.242703],[92.325857,34.238959],[92.511485,34.211697],[92.560639,34.212836],[92.58546,34.210313],[92.604015,34.201117],[92.631277,34.174099],[92.639578,34.162787],[92.644135,34.13996],[92.648692,34.129096],[92.680593,34.100938],[92.722585,34.087226],[92.813243,34.081326],[92.839285,34.082953],[92.886485,34.092637],[92.992768,34.100287]]]}},{"type":"Feature","properties":{"dissolve":"128River","scalerank":4,"featurecla":"River","name":"Nanpan","name_alt":null,"rivernum":128,"note":null,"min_zoom":4,"name_en":"Nanpan","min_label":5},"bbox":[103.030284,23.794623,106.97047,25.878933],"geometry":{"type":"MultiLineString","coordinates":[[[103.921641,25.878933],[103.912364,25.859483],[103.874766,25.837836],[103.866303,25.813747],[103.873139,25.794013],[103.875011,25.781073],[103.870128,25.775255],[103.860444,25.772488],[103.852631,25.76789],[103.844168,25.766913],[103.832286,25.775255],[103.832286,25.697048],[103.83546,25.69184],[103.842459,25.686306],[103.849539,25.679267],[103.852631,25.669745],[103.849132,25.658149],[103.841075,25.652899],[103.832286,25.650214],[103.826101,25.646186],[103.819916,25.62405],[103.827729,25.608344],[103.839854,25.593451],[103.845876,25.573839],[103.849132,25.56863],[103.86321,25.558417],[103.866303,25.553046],[103.861908,25.295966],[103.86907,25.281317],[103.883718,25.27558],[103.895437,25.263983],[103.88795,25.23782],[103.872325,25.210069],[103.859467,25.193671],[103.84547,25.185492],[103.818858,25.176703],[103.804861,25.165717],[103.795909,25.151638],[103.788666,25.135932],[103.780935,25.123358],[103.770112,25.118598],[103.770112,25.111151],[103.778575,25.107611],[103.782725,25.103339],[103.78419,25.097113],[103.784434,25.08751],[103.780935,25.08336],[103.772634,25.083564],[103.763438,25.084784],[103.75644,25.083808],[103.708751,25.046454],[103.701915,25.039415],[103.69573,25.03144],[103.681407,25.023505],[103.664236,25.017361],[103.632823,25.010199],[103.585867,24.973944],[103.566742,24.98253],[103.552338,24.974962],[103.539236,24.96015],[103.523692,24.946641],[103.507904,24.941107],[103.464366,24.934272],[103.427338,24.932929],[103.423106,24.937934],[103.426362,24.95071],[103.428152,24.973944],[103.422455,24.995429],[103.41155,25.001288],[103.396902,25.005683],[103.380382,25.022325],[103.355968,25.01085],[103.316417,25.00849],[103.276134,25.013129],[103.249441,25.022325],[103.231293,25.005154],[103.207774,24.987982],[103.186453,24.981147],[103.174327,24.995063],[103.164561,24.984076],[103.161632,24.973253],[103.163503,24.961249],[103.167491,24.946641],[103.169688,24.944037],[103.174083,24.941759],[103.178396,24.938503],[103.181163,24.932969],[103.181163,24.925157],[103.162364,24.866278],[103.160655,24.85102],[103.161632,24.844835],[103.166515,24.834255],[103.167491,24.830593],[103.165131,24.822618],[103.15325,24.80329],[103.145518,24.804511],[103.12794,24.776679],[103.10906,24.76911],[103.085867,24.764594],[103.073171,24.752468],[103.038097,24.674018],[103.032319,24.654568],[103.030284,24.627875],[103.032237,24.606798],[103.038503,24.58454],[103.049083,24.566026],[103.064464,24.55622],[103.075125,24.556749],[103.080577,24.562038],[103.084972,24.567816],[103.092296,24.569892],[103.10377,24.56684],[103.114675,24.560329],[103.120209,24.550849],[103.109874,24.519884],[103.112397,24.471991],[103.105398,24.453192],[103.09669,24.449246],[103.073253,24.445909],[103.064464,24.439521],[103.058686,24.427273],[103.060476,24.418972],[103.06837,24.414333],[103.081716,24.412869],[103.089854,24.401882],[103.092296,24.329657],[103.098237,24.32156],[103.10434,24.317939],[103.109386,24.313544],[103.112804,24.303005],[103.111339,24.292426],[103.101085,24.268744],[103.098562,24.258328],[103.098888,24.235907],[103.10198,24.226671],[103.117279,24.207302],[103.120209,24.199774],[103.122081,24.191718],[103.126475,24.18004],[103.130951,24.174628],[103.143565,24.164008],[103.146983,24.158393],[103.146251,24.14822],[103.135916,24.131659],[103.133311,24.121121],[103.125255,24.056098],[103.126475,24.035468],[103.129405,24.025824],[103.134044,24.017686],[103.145518,24.00377],[103.151134,23.997016],[103.155935,23.989447],[103.159434,23.98078],[103.16212,23.947292],[103.174327,23.891466],[103.173106,23.848212],[103.177257,23.825548],[103.191742,23.815741],[103.211436,23.810411],[103.230479,23.80036],[103.249766,23.794623],[103.270518,23.802069],[103.277192,23.812201],[103.285167,23.840888],[103.291026,23.850531],[103.300222,23.854804],[103.36907,23.859971],[103.434255,23.88463],[103.545909,23.878974],[103.602306,23.888699],[103.598888,23.925605],[103.620616,23.96072],[103.630056,23.981147],[103.634288,23.997626],[103.626882,24.014757],[103.591401,24.04503],[103.578298,24.062771],[103.574799,24.087673],[103.583507,24.105821],[103.616222,24.134467],[103.627371,24.148627],[103.632091,24.156684],[103.638764,24.175401],[103.649669,24.181342],[103.674571,24.186306],[103.733409,24.204535],[103.753022,24.206732],[103.764171,24.206732],[103.774425,24.208279],[103.781668,24.213324],[103.784434,24.224189],[103.786225,24.238471],[103.791108,24.246527],[103.797537,24.252875],[103.804861,24.26203],[103.813975,24.286811],[103.818614,24.295518],[103.836843,24.315131],[103.839773,24.319688],[103.846202,24.34162],[103.861746,24.357693],[103.894216,24.378038],[103.914236,24.397895],[103.933442,24.421332],[103.95517,24.44184],[103.983653,24.453192],[104.004487,24.454372],[104.018565,24.451524],[104.05128,24.439521],[104.067556,24.438096],[104.083588,24.441352],[104.112804,24.453192],[104.146251,24.471788],[104.197846,24.512274],[104.229503,24.528917],[104.243337,24.532172],[104.291515,24.535102],[104.304454,24.539618],[104.352957,24.562445],[104.372162,24.570746],[104.381602,24.58336],[104.393972,24.617703],[104.401134,24.627509],[104.412364,24.636583],[104.470225,24.669949],[104.511729,24.718329],[104.537364,24.741156],[104.555756,24.745307],[104.582123,24.72838],[104.630056,24.682807],[104.640147,24.676622],[104.654552,24.671251],[104.670502,24.667507],[104.685069,24.666083],[104.694916,24.661689],[104.717459,24.63996],[104.729096,24.631374],[104.746349,24.646267],[104.762787,24.664333],[104.780772,24.679551],[104.801768,24.685899],[104.825125,24.688178],[104.840831,24.694892],[104.851573,24.705756],[104.876475,24.75495],[104.889415,24.765326],[104.931733,24.771064],[104.973643,24.782579],[104.999522,24.793036],[105.006358,24.794786],[105.012218,24.797431],[105.018321,24.80329],[105.024099,24.814521],[105.03004,24.838324],[105.038992,24.855048],[105.0442,24.879665],[105.045014,24.888617],[105.047862,24.895331],[105.066824,24.912543],[105.099864,24.95421],[105.110281,24.960273],[105.119558,24.962429],[105.139171,24.971788],[105.15089,24.973944],[105.163585,24.978787],[105.177013,25.001329],[105.188487,25.008734],[105.205658,25.003852],[105.228608,24.988878],[105.248627,24.970974],[105.267019,24.938096],[105.289073,24.933132],[105.314138,24.935818],[105.332449,24.940456],[105.360444,24.953315],[105.380463,24.957058],[105.39796,24.950059],[105.413585,24.940456],[105.430675,24.934027],[105.444021,24.923529],[105.457774,24.866319],[105.478933,24.837185],[105.508393,24.81741],[105.541921,24.810085],[105.580089,24.812323],[105.593028,24.810655],[105.607432,24.80329],[105.636241,24.784125],[105.654796,24.780626],[105.675141,24.789618],[105.728282,24.753241],[105.760346,24.742784],[105.787527,24.715644],[105.805431,24.707058],[105.82545,24.70893],[105.851736,24.729315],[105.870616,24.734402],[105.89796,24.733344],[105.916108,24.728624],[105.931407,24.718329],[106.000906,24.648383],[106.020437,24.641872],[106.036143,24.654731],[106.059255,24.693427],[106.083751,24.715196],[106.150808,24.759711],[106.175955,24.782172],[106.199148,24.829779],[106.198334,24.876736],[106.181244,24.920925],[106.155365,24.960273],[106.16741,24.964545],[106.176524,24.962429],[106.185639,24.959255],[106.197032,24.960273],[106.203624,24.965603],[106.207774,24.972683],[106.213878,24.978787],[106.227143,24.981391],[106.306244,24.981391],[106.370372,25.00434],[106.380789,25.011786],[106.456554,25.035997],[106.504405,25.071316],[106.515147,25.076972],[106.586843,25.104315],[106.61671,25.126899],[106.640391,25.15294],[106.666515,25.173407],[106.704112,25.179389],[106.784923,25.179714],[106.885753,25.196885],[106.889089,25.199286],[106.895274,25.206732],[106.900076,25.216498],[106.904796,25.240098],[106.908946,25.248318],[106.923595,25.254828],[106.944428,25.256171],[106.962983,25.25019],[106.97047,25.234646]]]}},{"type":"Feature","properties":{"dissolve":"134River","scalerank":4,"featurecla":"River","name":"Nu","name_alt":"Salween","rivernum":134,"note":null,"min_zoom":4,"name_en":"Salween","min_label":5},"bbox":[91.518321,30.432685,96.595632,31.943061],"geometry":{"type":"MultiLineString","coordinates":[[[91.518321,31.943061],[91.532237,31.909735],[91.536632,31.891466],[91.538015,31.85871],[91.540457,31.850369],[91.545014,31.840644],[91.545421,31.832099],[91.544444,31.816189],[91.545014,31.806464],[91.548595,31.787218],[91.554698,31.772081],[91.565522,31.762234],[91.583263,31.758653],[91.595144,31.753241],[91.628673,31.729356],[91.659434,31.718817],[91.669526,31.706814],[91.678315,31.692979],[91.688975,31.6824],[91.70574,31.677191],[91.72226,31.675482],[91.73585,31.6706],[91.743663,31.655626],[91.744151,31.645697],[91.741954,31.639431],[91.73878,31.634385],[91.736257,31.628363],[91.731212,31.607286],[91.730724,31.597276],[91.776296,31.569281],[91.784679,31.556342],[91.79005,31.542833],[91.800873,31.526557],[91.808849,31.508897],[91.805756,31.491156],[91.797537,31.491238],[91.791026,31.487128],[91.78655,31.480048],[91.784679,31.4713],[91.78769,31.457302],[91.795014,31.448269],[91.802257,31.441026],[91.812999,31.414252],[91.830658,31.403184],[91.853038,31.399278],[91.874034,31.402411],[91.888601,31.411892],[91.902843,31.425605],[91.918875,31.438015],[91.938975,31.443386],[91.976329,31.439276],[92.012625,31.428738],[92.019786,31.425482],[92.026947,31.42121],[92.033214,31.415798],[92.03769,31.409125],[92.03948,31.40115],[92.038585,31.393093],[92.034597,31.377021],[92.038829,31.340888],[92.058849,31.3133],[92.089854,31.296454],[92.126231,31.292589],[92.183604,31.294216],[92.209727,31.289333],[92.218761,31.289252],[92.241466,31.295111],[92.264415,31.306749],[92.285167,31.322048],[92.308442,31.346788],[92.321381,31.364529],[92.326264,31.37405],[92.331472,31.393093],[92.33253,31.403388],[92.332042,31.412665],[92.3296,31.420193],[92.32252,31.434678],[92.320567,31.442694],[92.321869,31.453559],[92.327729,31.463202],[92.336843,31.469753],[92.347992,31.471544],[92.357351,31.467353],[92.371104,31.453152],[92.381358,31.451361],[92.387136,31.453925],[92.390636,31.458197],[92.393647,31.462958],[92.39739,31.466742],[92.405691,31.469428],[92.413259,31.468329],[92.429454,31.463894],[92.438487,31.464301],[92.445404,31.46662],[92.46046,31.47366],[92.502533,31.484483],[92.516043,31.490505],[92.527436,31.499701],[92.531993,31.50198],[92.539968,31.503201],[92.563894,31.501899],[92.576915,31.505194],[92.602061,31.515896],[92.615489,31.518581],[92.651541,31.515082],[92.664236,31.515937],[92.674571,31.519232],[92.692556,31.528998],[92.702647,31.532782],[92.710053,31.535834],[92.723725,31.544379],[92.730968,31.547797],[92.765391,31.553249],[92.780772,31.549872],[92.830089,31.552354],[92.840424,31.556342],[92.843761,31.563992],[92.851736,31.564236],[92.871104,31.559434],[92.876964,31.561591],[92.879405,31.56627],[92.881114,31.57099],[92.884532,31.573106],[92.924083,31.572577],[92.930431,31.568874],[92.932628,31.564236],[92.933849,31.552802],[92.936453,31.547553],[92.948741,31.540351],[92.962901,31.542304],[92.976736,31.549384],[92.996755,31.56391],[93.003184,31.566474],[93.009939,31.565253],[93.026866,31.556098],[93.040619,31.545966],[93.046153,31.540147],[93.049246,31.534613],[93.051524,31.528998],[93.054698,31.524237],[93.060802,31.521186],[93.071218,31.522569],[93.091726,31.536322],[93.101573,31.541327],[93.129487,31.545966],[93.143565,31.545966],[93.187999,31.538682],[93.402192,31.543972],[93.428396,31.55036],[93.442149,31.552069],[93.455577,31.550971],[93.507253,31.53205],[93.5171,31.530341],[93.547374,31.529608],[93.563894,31.525499],[93.594656,31.512315],[93.611339,31.509467],[93.716889,31.508002],[93.750011,31.493842],[93.767996,31.488593],[93.788178,31.490261],[93.847667,31.512722],[93.917003,31.510688],[93.925304,31.512152],[93.934174,31.51557],[93.941742,31.520331],[93.955658,31.531765],[93.963634,31.535915],[93.973237,31.537624],[93.980479,31.535102],[93.995372,31.526313],[94.004893,31.524441],[94.032725,31.525499],[94.04184,31.523139],[94.048432,31.518744],[94.06129,31.507758],[94.070323,31.502875],[94.078543,31.501166],[94.097667,31.501085],[94.107188,31.499335],[94.130789,31.488145],[94.138927,31.487006],[94.155284,31.487576],[94.163503,31.486925],[94.168468,31.48546],[94.178233,31.481472],[94.183197,31.480089],[94.200857,31.480414],[94.21575,31.485948],[94.243175,31.504014],[94.257335,31.509711],[94.267507,31.507188],[94.286062,31.488308],[94.30128,31.479682],[94.319265,31.478054],[94.44866,31.481147],[94.470225,31.484198],[94.487641,31.484402],[94.504242,31.480536],[94.542003,31.465644],[94.561534,31.461615],[94.579845,31.455512],[94.594493,31.442816],[94.59905,31.429958],[94.595225,31.419216],[94.5796,31.398017],[94.57252,31.381863],[94.569347,31.367377],[94.569428,31.321234],[94.567963,31.314765],[94.564708,31.308783],[94.552419,31.298041],[94.523204,31.281358],[94.510916,31.270575],[94.505463,31.25788],[94.511974,31.251166],[94.539561,31.24494],[94.593679,31.238715],[94.60849,31.229438],[94.61378,31.221706],[94.621674,31.195421],[94.632416,31.170111],[94.634288,31.161078],[94.634288,31.1435],[94.635183,31.134955],[94.639171,31.127468],[94.644623,31.123236],[94.665701,31.112982],[94.681163,31.10102],[94.689138,31.096015],[94.698822,31.092597],[94.717296,31.091335],[94.723399,31.088975],[94.727306,31.085232],[94.733002,31.075873],[94.736827,31.072781],[94.754242,31.07038],[94.772716,31.074774],[94.882091,31.126532],[94.88795,31.127468],[94.894542,31.127712],[94.900645,31.128526],[94.905772,31.131619],[94.908783,31.137641],[94.910655,31.152371],[94.913178,31.159003],[94.921641,31.16706],[94.933604,31.174262],[94.958018,31.183458],[94.967296,31.185126],[95.008393,31.182888],[95.032725,31.177598],[95.045095,31.172675],[95.058197,31.169745],[95.069916,31.172309],[95.093028,31.184027],[95.112071,31.188747],[95.170665,31.186225],[95.224864,31.190456],[95.251964,31.18891],[95.432384,31.128933],[95.44752,31.118923],[95.45753,31.103624],[95.472667,31.069688],[95.496755,31.038113],[95.518647,30.993923],[95.527924,30.980821],[95.536143,30.9737],[95.589122,30.944892],[95.601573,30.939805],[95.615245,30.938056],[95.630626,30.939805],[95.645763,30.943874],[95.660492,30.949978],[95.673839,30.957628],[95.693777,30.96601],[95.712332,30.966335],[95.760509,30.953152],[95.770518,30.952582],[95.780284,30.953966],[95.789073,30.957384],[95.794444,30.96072],[95.799083,30.964382],[95.802419,30.968858],[95.805186,30.974636],[95.807384,30.984442],[95.808849,30.988959],[95.812022,30.993435],[95.822765,31.000922],[95.836681,31.005561],[95.851492,31.007392],[95.864838,31.006619],[95.871349,31.00491],[95.87672,31.002021],[95.880626,30.99787],[95.883311,30.992133],[95.884369,30.984809],[95.885753,30.982367],[95.889903,30.97956],[95.895274,30.979112],[95.904552,30.985785],[95.910492,30.986396],[95.915538,30.983222],[95.918956,30.975369],[95.92392,30.972724],[95.9463,30.968126],[95.968761,30.965888],[95.975841,30.963731],[95.997162,30.952826],[96.003429,30.948554],[96.054861,30.945421],[96.072032,30.938096],[96.102794,30.920844],[96.119558,30.917507],[96.164154,30.91413],[96.254975,30.892401],[96.271902,30.886298],[96.277843,30.881903],[96.279877,30.876899],[96.281179,30.871121],[96.28419,30.864325],[96.290701,30.85989],[96.299083,30.860622],[96.308197,30.863227],[96.317312,30.864285],[96.330007,30.862738],[96.335704,30.860785],[96.341075,30.857001],[96.345225,30.851671],[96.351329,30.839301],[96.355072,30.833564],[96.361827,30.825303],[96.367768,30.81623],[96.417491,30.668769],[96.424327,30.627794],[96.436127,30.592637],[96.437999,30.583116],[96.44394,30.566107],[96.485769,30.516791],[96.506358,30.482693],[96.530772,30.459988],[96.540457,30.433539],[96.555675,30.432685],[96.595632,30.447943]]]}},{"type":"Feature","properties":{"dissolve":"13River","scalerank":1,"featurecla":"River","name":"Tongtian","name_alt":null,"rivernum":13,"note":null,"min_zoom":2,"name_en":"Tongtian","min_label":3},"bbox":[92.992768,31.689765,98.541515,34.767524],"geometry":{"type":"MultiLineString","coordinates":[[[92.992768,34.100287],[93.011729,34.108588],[93.019216,34.124376],[93.024343,34.145046],[93.03419,34.163031],[93.056163,34.170681],[93.070323,34.178819],[93.112641,34.215847],[93.128429,34.225898],[93.170421,34.232286],[93.348155,34.232123],[93.359874,34.229275],[93.382498,34.220323],[93.392019,34.218451],[93.414236,34.220567],[93.454845,34.229926],[93.477306,34.232123],[93.499278,34.230048],[93.542979,34.220649],[93.662852,34.211697],[93.699636,34.217882],[93.748627,34.232286],[93.792491,34.251817],[93.813731,34.273057],[93.811534,34.290391],[93.80657,34.305732],[93.811127,34.316718],[93.837576,34.320909],[93.849864,34.327338],[93.86085,34.342108],[93.875092,34.36933],[93.893077,34.391425],[93.90032,34.403673],[93.90683,34.44127],[93.917247,34.453559],[93.950206,34.472357],[93.973155,34.4713],[94.001069,34.491767],[94.057628,34.55268],[94.068126,34.561347],[94.082286,34.566718],[94.120616,34.571479],[94.152192,34.584906],[94.169444,34.589057],[94.20517,34.587348],[94.237234,34.582221],[94.264578,34.583767],[94.286632,34.602078],[94.295828,34.620673],[94.300385,34.633653],[94.307628,34.641181],[94.324229,34.643622],[94.337169,34.65115],[94.344493,34.664659],[94.351166,34.670966],[94.362315,34.656684],[94.375499,34.67654],[94.392345,34.684394],[94.433686,34.684597],[94.451752,34.68769],[94.475841,34.695339],[94.496755,34.705186],[94.505789,34.715033],[94.521414,34.744696],[94.558442,34.764024],[94.602468,34.767524],[94.638927,34.749823],[94.652354,34.741278],[94.883393,34.700954],[94.917898,34.686347],[94.94394,34.66352],[94.967459,34.6706],[94.977794,34.650092],[94.982351,34.622626],[94.989024,34.608913],[94.997813,34.6046],[95.006765,34.585801],[95.016205,34.58161],[95.038097,34.581122],[95.046886,34.579169],[95.053803,34.574774],[95.057628,34.566107],[95.061127,34.54267],[95.067475,34.5338],[95.079519,34.529893],[95.101085,34.534451],[95.111501,34.530707],[95.156261,34.492621],[95.169932,34.486029],[95.179128,34.488145],[95.188487,34.49433],[95.198985,34.499701],[95.211436,34.49962],[95.218842,34.492499],[95.228526,34.469753],[95.235362,34.464911],[95.246674,34.466091],[95.266124,34.471218],[95.276378,34.472357],[95.287608,34.46955],[95.303966,34.458848],[95.313975,34.458686],[95.316173,34.463243],[95.315522,34.471544],[95.317556,34.480292],[95.327566,34.486029],[95.33839,34.485907],[95.344737,34.481024],[95.347992,34.472602],[95.348643,34.461778],[95.357921,34.459581],[95.410167,34.417751],[95.445079,34.379665],[95.466563,34.362616],[95.492605,34.348822],[95.555919,34.329942],[95.578054,34.311143],[95.5678,34.280544],[95.574962,34.275824],[95.588878,34.259467],[95.582937,34.253933],[95.574718,34.24376],[95.5678,34.238959],[95.57545,34.231635],[95.58546,34.226182],[95.596202,34.224677],[95.617605,34.233832],[95.627859,34.229438],[95.637299,34.222276],[95.646576,34.218451],[95.666596,34.21369],[95.680268,34.200792],[95.68808,34.182196],[95.690684,34.160183],[95.695323,34.142646],[95.706635,34.129177],[95.788829,34.063422],[95.794363,34.053331],[95.825857,34.051866],[95.848399,34.015082],[95.865001,33.971788],[95.879649,33.950954],[95.889659,33.949408],[95.894786,33.944851],[95.896495,33.937445],[95.898204,33.914374],[95.902354,33.912543],[95.908702,33.913845],[95.917247,33.90998],[95.933849,33.894599],[95.951101,33.882432],[95.970144,33.873725],[95.992931,33.869005],[95.987071,33.843207],[96.007742,33.833808],[96.03476,33.829169],[96.048106,33.817491],[96.066905,33.810248],[96.10198,33.805935],[96.122081,33.797919],[96.095876,33.779649],[96.130626,33.764838],[96.147065,33.762722],[96.160737,33.769721],[96.167247,33.77086],[96.175304,33.768012],[96.181895,33.767768],[96.184825,33.776557],[96.188731,33.781765],[96.198171,33.78498],[96.209239,33.786444],[96.218272,33.786444],[96.214285,33.779853],[96.211436,33.773464],[96.22047,33.772569],[96.22698,33.7685],[96.230479,33.76142],[96.231944,33.751736],[96.197765,33.746161],[96.205089,33.735541],[96.227306,33.738593],[96.231944,33.728787],[96.23463,33.717963],[96.241466,33.720526],[96.249278,33.728095],[96.256114,33.732489],[96.293956,33.738715],[96.306407,33.737128],[96.310476,33.733181],[96.314708,33.731879],[96.328136,33.738715],[96.351654,33.76203],[96.35906,33.765977],[96.372081,33.762885],[96.392345,33.749294],[96.400076,33.746161],[96.405772,33.739122],[96.397716,33.701768],[96.403819,33.684109],[96.430186,33.690863],[96.455984,33.679551],[96.500011,33.643134],[96.487804,33.635688],[96.472097,33.628852],[96.472097,33.622626],[96.522227,33.620673],[96.577566,33.611151],[96.617768,33.588406],[96.623546,33.546902],[96.636648,33.551825],[96.651866,33.553738],[96.68157,33.553738],[96.700694,33.547309],[96.708914,33.533271],[96.706716,33.51911],[96.695242,33.512763],[96.689464,33.50613],[96.694021,33.491645],[96.705496,33.471788],[96.707042,33.465522],[96.706716,33.461249],[96.708507,33.456326],[96.722748,33.43948],[96.722179,33.434149],[96.715831,33.431505],[96.705496,33.430854],[96.705496,33.423407],[96.714692,33.419216],[96.721934,33.413194],[96.727957,33.405626],[96.732839,33.396674],[96.73463,33.405463],[96.737315,33.409247],[96.743093,33.40998],[96.753347,33.409735],[96.746511,33.396674],[96.764903,33.397488],[96.772716,33.38878],[96.774099,33.373847],[96.773692,33.35574],[96.785085,33.364081],[96.789154,33.386176],[96.800955,33.389838],[96.793549,33.375556],[96.802989,33.367499],[96.828298,33.313544],[96.832612,33.321112],[96.837413,33.326239],[96.848888,33.334581],[96.853445,33.325059],[96.858979,33.32213],[96.865652,33.324571],[96.873057,33.330878],[96.880789,33.33279],[96.917735,33.327175],[96.936534,33.332953],[96.950857,33.342637],[96.963959,33.348212],[96.97934,33.341417],[96.976736,33.337185],[96.976736,33.336208],[96.978038,33.334296],[96.97934,33.327175],[96.985606,33.334337],[96.991466,33.337958],[97.007091,33.341417],[97.004487,33.334581],[96.999766,33.313544],[97.020437,33.320176],[97.022227,33.300645],[97.017182,33.273139],[97.0171,33.255805],[97.022227,33.245388],[97.019054,33.225165],[97.023936,33.214464],[97.047374,33.183783],[97.083995,33.156684],[97.10377,33.146308],[97.120128,33.142198],[97.134288,33.133246],[97.174815,33.067084],[97.180919,33.052558],[97.185313,33.046658],[97.195811,33.039618],[97.220225,33.029731],[97.229991,33.022732],[97.240815,33.003974],[97.246023,32.964911],[97.25351,32.9442],[97.267345,32.931179],[97.287852,32.922471],[97.310639,32.917792],[97.331716,32.916287],[97.346934,32.910753],[97.360769,32.896999],[97.371349,32.879177],[97.376964,32.86164],[97.3838,32.77912],[97.391368,32.761542],[97.424815,32.724473],[97.426768,32.716579],[97.427013,32.707587],[97.430431,32.700222],[97.441742,32.697211],[97.447683,32.694281],[97.465831,32.676703],[97.559093,32.629706],[97.56544,32.624823],[97.573985,32.621283],[97.594493,32.623562],[97.603038,32.621446],[97.607514,32.61461],[97.616954,32.592637],[97.620372,32.587958],[97.663585,32.559841],[97.817556,32.51321],[97.83782,32.511501],[97.856212,32.51907],[97.886648,32.497585],[98.013927,32.464423],[98.066742,32.422716],[98.075857,32.412909],[98.080333,32.404608],[98.09075,32.401679],[98.113455,32.402371],[98.122813,32.400214],[98.129242,32.394965],[98.135265,32.388251],[98.144216,32.381903],[98.187266,32.366645],[98.205577,32.355577],[98.213145,32.337755],[98.211681,32.296169],[98.213308,32.273057],[98.2199,32.252143],[98.271495,32.190701],[98.309255,32.128607],[98.374522,32.080349],[98.384369,32.063422],[98.393321,32.040066],[98.436534,32.00373],[98.452729,31.983995],[98.456472,31.960395],[98.452729,31.932888],[98.444835,31.907904],[98.435313,31.892157],[98.422781,31.881619],[98.418875,31.879828],[98.420502,31.878119],[98.435069,31.838324],[98.434581,31.824571],[98.425385,31.8133],[98.445323,31.803534],[98.468272,31.766791],[98.501231,31.749701],[98.541515,31.689765]]]}},{"type":"Feature","properties":{"dissolve":"146River","scalerank":4,"featurecla":"River","name":"Nu","name_alt":null,"rivernum":146,"note":null,"min_zoom":4,"name_en":"Nu","min_label":5},"bbox":[96.595632,20.951239,99.125255,30.450995],"geometry":{"type":"MultiLineString","coordinates":[[[96.595632,30.447943],[96.615896,30.450995],[96.68157,30.449652],[96.701752,30.441759],[96.703868,30.422919],[96.691824,30.380723],[96.691742,30.370225],[96.694835,30.349636],[96.70989,30.309516],[96.715343,30.301378],[96.722179,30.297065],[96.730398,30.29621],[96.747162,30.29739],[96.755951,30.296576],[96.764578,30.294745],[96.772553,30.291449],[96.779796,30.286241],[96.793468,30.272976],[96.800873,30.267849],[96.826671,30.258572],[96.849864,30.243272],[96.857432,30.239936],[96.865489,30.239081],[96.896495,30.244005],[96.917979,30.241767],[96.938487,30.234198],[96.982595,30.201768],[96.991954,30.197537],[97.003429,30.194648],[97.009369,30.194037],[97.015391,30.194037],[97.033214,30.197292],[97.039561,30.197455],[97.053396,30.195909],[97.060313,30.194281],[97.066905,30.191596],[97.079031,30.182685],[97.100027,30.160224],[97.111746,30.150906],[97.14739,30.131212],[97.169037,30.113389],[97.177745,30.109442],[97.186941,30.107937],[97.205333,30.1081],[97.214447,30.107042],[97.222667,30.104275],[97.247813,30.089667],[97.258718,30.078925],[97.266612,30.066107],[97.287608,30.021511],[97.293468,30.013983],[97.300222,30.007351],[97.306733,30.002631],[97.3213,29.994696],[97.327403,29.989569],[97.337413,29.974311],[97.344249,29.955919],[97.348399,29.936632],[97.349701,29.918647],[97.358165,29.899482],[97.377615,29.885443],[97.400483,29.873481],[97.418061,29.860663],[97.422374,29.84455],[97.428233,29.795274],[97.435069,29.784939],[97.447276,29.773139],[97.447276,29.746609],[97.438487,29.702338],[97.442393,29.684678],[97.453543,29.664496],[97.468272,29.647773],[97.483165,29.640937],[97.494395,29.638292],[97.499115,29.631415],[97.500255,29.621446],[97.499929,29.60989],[97.503917,29.60281],[97.561453,29.548041],[97.571707,29.531073],[97.581147,29.486111],[97.595144,29.473456],[97.614838,29.466579],[97.68214,29.459296],[97.703705,29.450873],[97.712901,29.431749],[97.723643,29.422716],[97.829194,29.381781],[97.848155,29.371772],[97.856212,29.356309],[97.85906,29.346544],[97.866466,29.339219],[97.876475,29.334662],[97.886974,29.333075],[97.897716,29.327826],[97.899425,29.315538],[97.89739,29.30154],[97.897227,29.290839],[97.900971,29.28205],[97.906749,29.273383],[97.913666,29.266791],[97.932384,29.261501],[97.935639,29.25491],[97.936127,29.246039],[97.94337,29.219428],[97.9428,29.206488],[97.944347,29.194119],[97.993337,29.1164],[98.003998,29.103868],[98.025076,29.088487],[98.040538,29.072455],[98.034272,29.058051],[98.046967,29.038153],[98.082286,29.019151],[98.089692,29.000352],[98.091726,28.958564],[98.095795,28.938056],[98.103282,28.921495],[98.182384,28.818468],[98.226736,28.804796],[98.257498,28.790229],[98.290294,28.767605],[98.320567,28.741238],[98.343435,28.71544],[98.358979,28.677517],[98.370697,28.544135],[98.374441,28.531195],[98.378184,28.522813],[98.38323,28.516791],[98.391205,28.510606],[98.432221,28.494005],[98.439057,28.492947],[98.443126,28.457058],[98.442149,28.451687],[98.448253,28.439276],[98.445323,28.420681],[98.452729,28.407009],[98.448253,28.394721],[98.444753,28.354438],[98.445323,28.339301],[98.451915,28.324246],[98.45753,28.314561],[98.47047,28.297675],[98.4699,28.290107],[98.466726,28.282172],[98.466319,28.270453],[98.473237,28.234198],[98.472992,28.178087],[98.476003,28.152655],[98.485444,28.129665],[98.558523,28.09752],[98.568858,28.096015],[98.572276,28.082384],[98.581716,28.067654],[98.596202,28.055609],[98.614024,28.050645],[98.645518,28.010688],[98.651378,28.006293],[98.65325,28.001654],[98.659679,27.972032],[98.658214,27.968777],[98.667003,27.956081],[98.673432,27.95539],[98.685476,27.96129],[98.681244,27.949734],[98.675873,27.940782],[98.668386,27.933702],[98.658214,27.927802],[98.679861,27.904079],[98.68629,27.867377],[98.674571,27.770575],[98.673106,27.769558],[98.677419,27.761664],[98.690115,27.751044],[98.692882,27.746609],[98.698253,27.731553],[98.72169,27.699571],[98.731619,27.669013],[98.743337,27.656846],[98.774913,27.632921],[98.810313,27.59101],[98.816417,27.581488],[98.818451,27.576606],[98.823009,27.57331],[98.827566,27.568956],[98.829519,27.561306],[98.829519,27.523749],[98.825125,27.488634],[98.819753,27.475694],[98.809011,27.461697],[98.830658,27.421942],[98.839692,27.399848],[98.846446,27.371202],[98.860932,27.351671],[98.864268,27.341864],[98.863292,27.313015],[98.864268,27.304023],[98.867931,27.296576],[98.879893,27.279812],[98.884776,27.269884],[98.88616,27.261013],[98.88323,27.203315],[98.879975,27.193427],[98.868663,27.173855],[98.898448,26.454901],[98.891612,26.38227],[98.889415,26.373358],[98.883881,26.365058],[98.867686,26.348456],[98.859467,26.335639],[98.861257,26.325263],[98.866791,26.315294],[98.871104,26.303494],[98.871511,26.280626],[98.86321,26.207953],[98.85849,26.188422],[98.857432,26.177191],[98.859793,26.167589],[98.869558,26.15705],[98.871104,26.145819],[98.869233,26.139757],[98.857432,26.118476],[98.856944,26.107978],[98.85906,26.099189],[98.857026,26.091498],[98.843028,26.084337],[98.853282,26.048041],[98.836925,25.920478],[98.878998,25.66588],[98.880056,25.556423],[98.894786,25.471259],[98.891612,25.426459],[98.886729,25.415798],[98.873627,25.395819],[98.871104,25.3817],[98.879242,25.33865],[98.877371,25.324042],[98.870128,25.31505],[98.847992,25.295681],[98.843028,25.28616],[98.850515,25.254421],[98.851329,25.238878],[98.843028,25.22781],[98.848643,25.221015],[98.855398,25.209418],[98.858653,25.198513],[98.854015,25.193671],[98.843028,25.188056],[98.842784,25.175238],[98.850597,25.152126],[98.843028,25.073269],[98.848399,25.048774],[98.872,25.007636],[98.877371,24.991319],[98.880382,24.972846],[98.905284,24.918728],[98.888601,24.901557],[98.895437,24.873603],[98.923269,24.818061],[98.942393,24.796088],[98.946788,24.785915],[98.947683,24.772406],[98.95045,24.757758],[98.955496,24.746039],[98.963145,24.741156],[98.983409,24.734198],[99.010671,24.717353],[99.035492,24.69713],[99.048595,24.679755],[99.054698,24.653876],[99.057546,24.624823],[99.054291,24.599189],[99.04184,24.583564],[99.040538,24.563096],[99.024994,24.490261],[99.014903,24.468817],[98.986501,24.439521],[98.977306,24.422634],[98.97934,24.415391],[99.007498,24.406033],[99.027192,24.396593],[99.046967,24.383897],[99.061615,24.367621],[99.065684,24.347439],[99.06308,24.329413],[99.064952,24.321479],[99.071218,24.313544],[99.0796,24.307969],[99.108328,24.297065],[99.125255,24.284247],[99.118907,24.274237],[99.100515,24.267524],[99.052745,24.261257],[99.025076,24.254259],[98.999034,24.243232],[98.975108,24.227484],[98.965261,24.217637],[98.947276,24.195421],[98.937511,24.186591],[98.897065,24.168647],[98.884776,24.158393],[98.85491,24.139228],[98.817556,24.129218],[98.715831,24.121527],[98.681244,24.107001],[98.640066,24.100938],[98.612234,24.087755],[98.59669,24.083279],[98.58489,24.075995],[98.544444,24.05919],[98.53183,24.055976],[98.510265,24.053331],[98.492931,24.046698],[98.431895,24.000067],[98.417572,23.982693],[98.411632,23.963446],[98.415294,23.919949],[98.425385,23.878445],[98.444916,23.841498],[98.473399,23.814236],[98.54892,23.768581],[98.574718,23.744981],[98.600027,23.709662],[98.637625,23.637559],[98.648936,23.608913],[98.649099,23.596788],[98.644542,23.582953],[98.638194,23.575303],[98.629324,23.567084],[98.621349,23.55744],[98.613373,23.533759],[98.594249,23.517442],[98.589854,23.504177],[98.592784,23.49018],[98.599864,23.474718],[98.617768,23.445828],[98.606863,23.42654],[98.617931,23.419257],[98.639089,23.420437],[98.658214,23.425971],[98.720225,23.388048],[98.733165,23.301825],[98.731212,23.276557],[98.724213,23.262315],[98.710704,23.256049],[98.689138,23.254665],[98.683442,23.251492],[98.66505,23.237372],[98.649832,23.232978],[98.640554,23.227851],[98.634288,23.226671],[98.626475,23.228542],[98.616791,23.23725],[98.610362,23.240343],[98.588471,23.241278],[98.55421,23.229844],[98.53183,23.226671],[98.526459,23.223497],[98.516368,23.209418],[98.510916,23.206244],[98.500011,23.207465],[98.478608,23.212226],[98.466319,23.212429],[98.443451,23.205512],[98.446056,23.195136],[98.458751,23.184109],[98.471202,23.17003],[98.482432,23.164374],[98.495128,23.159735],[98.504242,23.157782],[98.516043,23.152777],[98.524099,23.141181],[98.535248,23.117499],[98.559255,23.092719],[98.564708,23.076443],[98.545095,23.069037],[98.527192,23.065294],[98.511322,23.055691],[98.499522,23.042507],[98.493663,23.028103],[98.496511,23.013617],[98.505056,22.989529],[98.517589,22.97016],[98.53183,22.970038],[98.54892,22.974718],[98.566335,22.963975],[98.589854,22.938747],[98.655284,22.909857],[98.66505,22.90119],[98.664561,22.876166],[98.661143,22.859239],[98.651134,22.847032],[98.63087,22.83629],[98.611339,22.830837],[98.545095,22.822618],[98.540538,22.818305],[98.524669,22.791327],[98.521983,22.781602],[98.527599,22.770331],[98.541515,22.75373],[98.54892,22.737331],[98.548106,22.730292],[98.543956,22.723822],[98.541515,22.709337],[98.544526,22.70071],[98.558849,22.685858],[98.563243,22.678656],[98.562999,22.669135],[98.559662,22.661322],[98.556163,22.655341],[98.555186,22.651313],[98.558849,22.639268],[98.562755,22.637803],[98.57252,22.637722],[98.578298,22.634874],[98.58074,22.628201],[98.582612,22.620225],[98.59075,22.606472],[98.5949,22.58808],[98.600108,22.579291],[98.612397,22.563503],[98.616303,22.554633],[98.621674,22.528103],[98.639415,22.496283],[98.644542,22.480048],[98.641612,22.459988],[98.622488,22.429958],[98.617768,22.414862],[98.61321,22.381659],[98.601085,22.346625],[98.585378,22.314032],[98.568858,22.288194],[98.578298,22.273139],[98.631114,22.158271],[98.643484,22.139431],[98.698253,22.086982],[98.720144,22.073798],[98.744151,22.068468],[98.756358,22.063259],[98.767833,22.051785],[98.774425,22.040229],[98.771495,22.03498],[98.756847,22.034857],[98.745697,22.032904],[98.738048,22.026719],[98.733165,22.013861],[98.740733,22.007025],[98.734793,21.998318],[98.726085,21.980089],[98.720225,21.972276],[98.713308,21.967637],[98.697195,21.961208],[98.671397,21.942939],[98.628998,21.926459],[98.569347,21.893622],[98.554698,21.878974],[98.54892,21.85932],[98.551199,21.838324],[98.58546,21.715277],[98.635753,21.647528],[98.644542,21.630316],[98.648529,21.581366],[98.618337,21.562079],[98.582286,21.547716],[98.568858,21.513617],[98.578136,21.492947],[98.610769,21.455512],[98.625255,21.417019],[98.642345,21.406806],[98.661062,21.399482],[98.673106,21.390082],[98.676768,21.372911],[98.678722,21.30447],[98.683523,21.290839],[98.706147,21.258653],[98.71282,21.239285],[98.710867,21.221015],[98.705577,21.199734],[98.703136,21.178534],[98.709727,21.160468],[98.726492,21.14289],[98.78297,21.102118],[98.801687,21.074734],[98.796397,21.043402],[98.773855,21.013983],[98.740733,20.992255],[98.712413,20.989814],[98.673432,20.992255],[98.638927,20.990546],[98.607432,20.960395],[98.530691,20.962755],[98.507904,20.951239]]]}},{"type":"Feature","properties":{"dissolve":"147River","scalerank":4,"featurecla":"River","name":"Hongshui","name_alt":null,"rivernum":147,"note":null,"min_zoom":4,"name_en":"Hongshui","min_label":5},"bbox":[106.97047,23.633653,109.528575,25.241482],"geometry":{"type":"MultiLineString","coordinates":[[[106.97047,25.241482],[106.977306,25.223212],[106.979096,25.200629],[106.977306,25.155829],[106.981944,25.134304],[107.018158,25.069525],[107.027843,25.042507],[107.03183,25.035997],[107.067556,25.018907],[107.085704,24.997341],[107.113048,24.998114],[107.155935,25.008734],[107.168224,24.995144],[107.195079,24.9442],[107.20753,24.932969],[107.21282,24.930732],[107.217459,24.925849],[107.223888,24.920966],[107.246186,24.915351],[107.253673,24.907009],[107.26588,24.885199],[107.310313,24.840155],[107.316824,24.830024],[107.317312,24.82099],[107.313731,24.806708],[107.315115,24.795437],[107.332042,24.759101],[107.334565,24.751085],[107.334076,24.741156],[107.328868,24.732733],[107.31129,24.716335],[107.306895,24.707058],[107.309988,24.695624],[107.334076,24.651801],[107.3449,24.622585],[107.353038,24.611192],[107.367686,24.597764],[107.404714,24.572821],[107.415538,24.562445],[107.456065,24.509101],[107.514171,24.395575],[107.521983,24.362006],[107.519786,24.323513],[107.531505,24.332953],[107.540294,24.341742],[107.549571,24.348253],[107.563243,24.350775],[107.5796,24.345811],[107.592459,24.333604],[107.60198,24.317979],[107.608409,24.303005],[107.610281,24.277452],[107.601329,24.225531],[107.608409,24.21365],[107.589936,24.194159],[107.576101,24.174262],[107.5595,24.163886],[107.532725,24.172634],[107.502208,24.138373],[107.485606,24.114569],[107.488048,24.103787],[107.492931,24.100613],[107.509288,24.086453],[107.515717,24.083279],[107.521088,24.078396],[107.514171,24.067979],[107.503673,24.058417],[107.498546,24.055976],[107.50172,24.043077],[107.520763,24.002509],[107.529063,23.993923],[107.536632,23.990261],[107.556407,23.963446],[107.566905,23.957139],[107.578217,23.955837],[107.589936,23.955837],[107.601573,23.953559],[107.614675,23.946234],[107.621023,23.940294],[107.62794,23.937445],[107.642589,23.939276],[107.653901,23.942979],[107.65919,23.947618],[107.663829,23.954169],[107.673106,23.963446],[107.689057,23.969428],[107.699474,23.959581],[107.717703,23.925605],[107.758556,23.877224],[107.782319,23.861843],[107.793061,23.840888],[107.80714,23.802069],[107.841238,23.739691],[107.864838,23.711249],[107.885265,23.709906],[107.894054,23.722357],[107.899669,23.733018],[107.907481,23.7414],[107.922455,23.746853],[107.956472,23.740912],[107.976003,23.740831],[107.98821,23.754828],[108.005382,23.753119],[108.011974,23.754259],[108.016775,23.76203],[108.018321,23.778591],[108.022472,23.785346],[108.034434,23.797797],[108.042003,23.808295],[108.050792,23.816718],[108.066498,23.823188],[108.098888,23.825466],[108.110362,23.830878],[108.121023,23.863349],[108.134776,23.859198],[108.16269,23.836249],[108.171804,23.846991],[108.190115,23.878445],[108.197276,23.88585],[108.212494,23.894599],[108.221446,23.901719],[108.231293,23.905382],[108.259776,23.910468],[108.265717,23.915635],[108.267345,23.926703],[108.275645,23.956163],[108.28004,23.966579],[108.286225,23.966579],[108.301524,23.958441],[108.310557,23.972235],[108.320404,24.007514],[108.352794,24.004828],[108.402843,24.048163],[108.434093,24.038886],[108.449311,24.028754],[108.474213,24.022284],[108.488292,24.011257],[108.503429,24.005439],[108.567393,24.007514],[108.585053,24.001532],[108.601573,23.993923],[108.605235,23.989569],[108.612071,23.977851],[108.615245,23.973985],[108.650401,23.950629],[108.664154,23.935614],[108.669932,23.915635],[108.700613,23.870958],[108.712576,23.861111],[108.721202,23.856879],[108.728608,23.863227],[108.751882,23.878445],[108.764415,23.851752],[108.796641,23.835761],[108.835704,23.828803],[108.869721,23.829413],[108.859304,23.815131],[108.857026,23.79914],[108.864513,23.784695],[108.882823,23.774766],[108.882823,23.768581],[108.862071,23.760362],[108.853038,23.754706],[108.848643,23.746853],[108.850108,23.734565],[108.857026,23.723822],[108.867279,23.716173],[108.879405,23.713324],[108.891368,23.706488],[108.898367,23.690456],[108.903412,23.672187],[108.910085,23.658718],[108.922455,23.648953],[108.942393,23.638373],[108.963959,23.633653],[108.982432,23.641303],[109.000255,23.657782],[109.0171,23.666856],[109.077159,23.685085],[109.132498,23.709906],[109.151134,23.726671],[109.168549,23.736274],[109.187755,23.737128],[109.211192,23.727607],[109.212576,23.724148],[109.216726,23.710476],[109.218435,23.706488],[109.222667,23.705512],[109.234793,23.707343],[109.239024,23.706488],[109.252208,23.689154],[109.261241,23.681342],[109.269786,23.682644],[109.285818,23.692898],[109.342052,23.706488],[109.398448,23.747667],[109.418956,23.757025],[109.424897,23.763699],[109.428722,23.771593],[109.427419,23.77851],[109.42213,23.790147],[109.42628,23.799343],[109.433686,23.8074],[109.438243,23.815741],[109.437022,23.826483],[109.429779,23.842475],[109.430919,23.850531],[109.437918,23.857856],[109.449474,23.864203],[109.460134,23.864447],[109.464936,23.853583],[109.467296,23.835557],[109.474294,23.817654],[109.487234,23.803087],[109.50644,23.795233],[109.528575,23.796413]]]}},{"type":"Feature","properties":{"dissolve":"149River","scalerank":4,"featurecla":"River","name":"Xun","name_alt":null,"rivernum":149,"note":null,"min_zoom":4,"name_en":"Xun","min_label":5},"bbox":[110.089285,23.371527,111.301362,23.590766],"geometry":{"type":"MultiLineString","coordinates":[[[110.089285,23.407986],[110.090831,23.406806],[110.104015,23.407416],[110.113699,23.418158],[110.11614,23.432807],[110.116466,23.448432],[110.119884,23.461982],[110.122813,23.466417],[110.126557,23.470486],[110.131114,23.47366],[110.135916,23.475857],[110.142996,23.476589],[110.156749,23.474555],[110.163178,23.475369],[110.163666,23.513454],[110.16505,23.523464],[110.168875,23.529608],[110.175548,23.533067],[110.185557,23.53498],[110.200613,23.57331],[110.208263,23.583075],[110.221283,23.589057],[110.237885,23.590766],[110.254893,23.589545],[110.27589,23.585069],[110.282237,23.58279],[110.287852,23.579372],[110.292247,23.574408],[110.294932,23.567735],[110.297374,23.553168],[110.300548,23.546902],[110.312592,23.540147],[110.329845,23.538357],[110.362315,23.539374],[110.379812,23.537218],[110.39739,23.532416],[110.414154,23.525255],[110.429291,23.516425],[110.462494,23.487372],[110.476492,23.482489],[110.506602,23.480292],[110.521658,23.477362],[110.534597,23.470893],[110.541026,23.459744],[110.545909,23.445136],[110.553152,23.435736],[110.565929,23.440253],[110.571218,23.446357],[110.57545,23.453152],[110.580658,23.459011],[110.587901,23.462429],[110.597179,23.461737],[110.613699,23.452908],[110.622081,23.449571],[110.628917,23.449815],[110.634695,23.452338],[110.640147,23.455512],[110.646576,23.45779],[110.654877,23.457221],[110.677419,23.446885],[110.693451,23.447292],[110.70753,23.454535],[110.720795,23.464179],[110.734874,23.471951],[110.751231,23.47545],[110.769054,23.475409],[110.786388,23.471869],[110.801362,23.465033],[110.828298,23.447862],[110.841319,23.441759],[110.846934,23.43769],[110.851573,23.431993],[110.856293,23.418728],[110.860606,23.38996],[110.868744,23.37877],[110.895112,23.371527],[110.919037,23.383653],[110.941335,23.402615],[110.962901,23.415595],[111.070567,23.452501],[111.086029,23.455919],[111.092703,23.456122],[111.135916,23.449774],[111.18629,23.433132],[111.201671,23.430691],[111.216319,23.430854],[111.230886,23.433173],[111.232026,23.447089],[111.235281,23.460232],[111.241791,23.471055],[111.253835,23.478339],[111.271414,23.481635],[111.301362,23.480658]]]}},{"type":"Feature","properties":{"dissolve":"15River","scalerank":1,"featurecla":"River","name":"Jinsha","name_alt":"Yangtze","rivernum":15,"note":null,"min_zoom":2,"name_en":"Yangtze","min_label":3},"bbox":[98.541515,25.972968,103.879975,31.689765],"geometry":{"type":"MultiLineString","coordinates":[[[98.541515,31.689765],[98.547781,31.684638],[98.553233,31.68126],[98.558523,31.677029],[98.563243,31.669298],[98.565684,31.66059],[98.568858,31.631781],[98.575694,31.615912],[98.591889,31.598741],[98.840831,31.396796],[98.864268,31.367703],[98.867442,31.364854],[98.884776,31.354031],[98.874278,31.341173],[98.830577,31.298285],[98.802745,31.257839],[98.781749,31.238959],[98.767589,31.230292],[98.761241,31.234198],[98.755951,31.244412],[98.731375,31.277899],[98.723643,31.285102],[98.713634,31.290961],[98.682546,31.315863],[98.66505,31.320502],[98.648936,31.316596],[98.637625,31.30919],[98.620942,31.288845],[98.611095,31.25613],[98.619884,31.187852],[98.603526,31.169623],[98.612804,31.164862],[98.638438,31.159735],[98.651378,31.155382],[98.692882,31.12462],[98.720876,31.066352],[98.726003,31.059638],[98.745046,31.040554],[98.764659,31.015082],[98.774913,31.007432],[98.796804,30.997097],[98.802745,30.990912],[98.805105,30.966254],[98.797862,30.940782],[98.786062,30.91824],[98.774913,30.902167],[98.787364,30.880805],[98.800792,30.867784],[98.8331,30.843533],[98.8803,30.793077],[98.898448,30.778632],[98.938243,30.760199],[98.954112,30.747829],[98.96046,30.727118],[98.952891,30.708116],[98.935964,30.700466],[98.91741,30.694892],[98.905284,30.68244],[98.90504,30.663682],[98.921886,30.623643],[98.92628,30.603868],[98.927257,30.593695],[98.93157,30.579454],[98.930919,30.500027],[98.932546,30.490587],[98.937999,30.485297],[98.947358,30.479112],[98.956391,30.471055],[98.96046,30.459906],[98.986501,30.144314],[99.029552,30.067898],[99.033946,30.055243],[99.036632,29.975531],[99.043224,29.944892],[99.056082,29.915229],[99.017345,29.853298],[99.0053,29.820014],[99.000662,29.784939],[99.00294,29.781033],[99.012218,29.773017],[99.014415,29.767849],[99.012625,29.764716],[99.003673,29.761583],[99.000662,29.756944],[98.98821,29.688585],[98.986501,29.650824],[98.991791,29.63463],[99.015229,29.604356],[99.023855,29.581488],[99.038585,29.567328],[99.04184,29.562364],[99.04184,29.52794],[99.058686,29.417996],[99.048595,29.387641],[99.058849,29.367051],[99.062755,29.34809],[99.062266,29.308214],[99.067149,29.296698],[99.089854,29.26671],[99.096446,29.250515],[99.10849,29.224148],[99.103933,29.092149],[99.120942,28.964626],[99.117442,28.921495],[99.09905,28.855984],[99.096446,28.835883],[99.100352,28.813503],[99.118663,28.77086],[99.124278,28.749579],[99.123546,28.738959],[99.118093,28.720079],[99.117442,28.708604],[99.120128,28.698513],[99.128673,28.677558],[99.130463,28.664578],[99.134858,28.654568],[99.154063,28.640652],[99.158376,28.630154],[99.160248,28.617133],[99.1692,28.602403],[99.17213,28.592597],[99.171641,28.582628],[99.166515,28.565009],[99.165294,28.554714],[99.175955,28.532172],[99.178803,28.523627],[99.180186,28.504706],[99.178233,28.482204],[99.17213,28.463324],[99.161794,28.45539],[99.162364,28.438056],[99.226654,28.339301],[99.244558,28.321804],[99.254975,28.314399],[99.264903,28.311387],[99.273448,28.307237],[99.274506,28.297471],[99.273204,28.2862],[99.274425,28.277208],[99.278412,28.274034],[99.293061,28.264716],[99.29892,28.259874],[99.30421,28.2508],[99.308442,28.240831],[99.314545,28.232774],[99.326671,28.229438],[99.339447,28.224066],[99.381277,28.184434],[99.388601,28.168077],[99.386485,28.139268],[99.398529,28.12641]],[[99.398529,28.119574],[99.391124,28.085313],[99.394542,28.042507],[99.405203,28.000515],[99.449962,27.906317],[99.457774,27.86876],[99.453868,27.832221],[99.446218,27.818712],[99.437511,27.809394],[99.431651,27.797716],[99.432872,27.776964],[99.441335,27.750027],[99.471446,27.689032],[99.480968,27.674628],[99.494151,27.659695],[99.514578,27.657538],[99.523041,27.653591],[99.518484,27.6435],[99.518647,27.637722],[99.522553,27.628241],[99.525401,27.616726],[99.521495,27.605048],[99.549815,27.588894],[99.560313,27.563259],[99.560069,27.534613],[99.555675,27.509467],[99.571707,27.500312],[99.586192,27.486925],[99.594168,27.472846],[99.589854,27.461697],[99.615815,27.421332],[99.64503,27.385932],[99.635916,27.350206],[99.653087,27.317694],[99.802419,27.195583],[99.947765,27.029486],[99.956391,27.009955],[99.960053,26.989366],[99.962576,26.920722],[99.966563,26.898708],[99.97405,26.886298],[99.989024,26.888983],[100.024669,26.919623],[100.039154,26.927273],[100.041026,26.931952],[100.063406,26.958279],[100.062429,26.992133],[100.063406,27.002997],[100.079112,27.045111],[100.084727,27.069119],[100.080089,27.087999],[100.067475,27.106798],[100.059011,27.12873],[100.056733,27.151638],[100.063406,27.173651],[100.075613,27.183661],[100.11614,27.208523],[100.129242,27.224677],[100.14796,27.243272],[100.155772,27.26085],[100.164154,27.267157],[100.173269,27.272244],[100.179454,27.276679],[100.237804,27.341864],[100.244558,27.361151],[100.236501,27.382025],[100.214285,27.413886],[100.211436,27.423285],[100.206716,27.454861],[100.194835,27.480292],[100.193126,27.485867],[100.193126,27.511013],[100.195323,27.52794],[100.203217,27.541938],[100.237641,27.576524],[100.244151,27.592556],[100.24822,27.607367],[100.263764,27.63113],[100.271251,27.652655],[100.278819,27.663398],[100.290131,27.675564],[100.295014,27.683539],[100.296316,27.690863],[100.296153,27.701239],[100.294851,27.711005],[100.289073,27.731024],[100.288666,27.742784],[100.300792,27.768622],[100.302989,27.780382],[100.296153,27.821357],[100.299571,27.832099],[100.307221,27.832221],[100.323416,27.824774],[100.334402,27.824042],[100.339936,27.82453],[100.378673,27.841864],[100.388194,27.844794],[100.402273,27.845893],[100.420339,27.838487],[100.429698,27.820624],[100.433197,27.798041],[100.432384,27.749457],[100.433197,27.742784],[100.45045,27.704657],[100.461843,27.688096],[100.464936,27.670681],[100.443777,27.538398],[100.448822,27.498969],[100.481049,27.468533],[100.527599,27.452826],[100.542979,27.438788],[100.524425,27.400499],[100.522716,27.376654],[100.528819,27.331326],[100.545909,27.284451],[100.552419,27.255479],[100.546641,27.24254],[100.543712,27.238308],[100.54184,27.228868],[100.538829,27.21955],[100.532644,27.215277],[100.521414,27.211371],[100.503184,27.193386],[100.494721,27.187934],[100.482595,27.187201],[100.45045,27.194159],[100.437592,27.190985],[100.433849,27.183905],[100.436615,27.176825],[100.443614,27.173651],[100.466075,27.166083],[100.486257,27.147488],[100.497081,27.124132],[100.49171,27.102322],[100.486257,27.092841],[100.474294,27.057644],[100.453868,27.0303],[100.453543,27.008897],[100.458263,26.980658],[100.46575,26.953315],[100.474294,26.934678],[100.464773,26.922919],[100.458263,26.905341],[100.454845,26.885199],[100.454194,26.843858],[100.451915,26.826443],[100.441173,26.814765],[100.415945,26.810574],[100.398204,26.803819],[100.393972,26.787177],[100.398529,26.746039],[100.40089,26.74018],[100.410655,26.730902],[100.412852,26.724921],[100.411713,26.719062],[100.409434,26.716254],[100.407156,26.714464],[100.405935,26.711534],[100.407807,26.69949],[100.418956,26.674018],[100.419526,26.663926],[100.41741,26.650417],[100.418956,26.639228],[100.421641,26.635443],[100.431244,26.626329],[100.433197,26.625596],[100.432628,26.619412],[100.427419,26.608751],[100.426524,26.605089],[100.426524,26.519477],[100.430756,26.499132],[100.449474,26.465277],[100.460704,26.403388],[100.454845,26.391547],[100.444835,26.3817],[100.440847,26.373074],[100.453868,26.364936],[100.439952,26.344997],[100.426524,26.333686],[100.41684,26.321845],[100.412852,26.300076],[100.41505,26.294786],[100.419688,26.289903],[100.424327,26.28323],[100.428966,26.262559],[100.447032,26.227729],[100.473725,26.214952],[100.547944,26.229438],[100.584239,26.221503],[100.589692,26.215928],[100.593272,26.210232],[100.599294,26.205024],[100.612071,26.201036],[100.618337,26.204128],[100.625987,26.210517],[100.635671,26.213162],[100.667735,26.191677],[100.687918,26.190131],[100.734386,26.1942],[100.774913,26.184149],[100.793875,26.184638],[100.813243,26.197618],[100.83074,26.206],[100.84962,26.200507],[100.885834,26.180528],[100.890554,26.178738],[100.895763,26.175605],[100.900971,26.171454],[100.905772,26.166287],[100.925955,26.186876],[100.949474,26.22663],[100.987804,26.269721],[101.000011,26.27912],[101.026134,26.287177],[101.045828,26.305487],[101.053722,26.309638],[101.080496,26.31627],[101.125662,26.345282],[101.170665,26.355089],[101.191173,26.369208],[101.201101,26.372382],[101.217377,26.369086],[101.228608,26.363878],[101.239675,26.362982],[101.255056,26.372382],[101.279714,26.36994],[101.369721,26.379503],[101.403331,26.392157],[101.422944,26.393093],[101.427013,26.396552],[101.429861,26.400702],[101.471772,26.445583],[101.476329,26.461046],[101.457774,26.467963],[101.451915,26.471625],[101.454845,26.479804],[101.464366,26.492133],[101.464366,26.498155],[101.450857,26.511908],[101.44752,26.519477],[101.452729,26.531195],[101.488455,26.57038],[101.518484,26.590644],[101.552338,26.593573],[101.587006,26.591864],[101.618907,26.598253],[101.631765,26.582302],[101.638601,26.576199],[101.646658,26.57038],[101.652354,26.589952],[101.660492,26.586249],[101.670421,26.573025],[101.680919,26.564154],[101.697846,26.564805],[101.705089,26.573065],[101.708588,26.583686],[101.715017,26.591417],[101.723074,26.594306],[101.730886,26.59516],[101.738455,26.593288],[101.745697,26.587999],[101.754975,26.583319],[101.762218,26.587104],[101.768647,26.594021],[101.77589,26.598253],[101.805675,26.601426],[101.817556,26.598904],[101.830577,26.591417],[101.845876,26.571885],[101.88616,26.474636],[101.892833,26.462266],[101.901134,26.45128],[101.913097,26.44123],[101.931895,26.428778],[101.94044,26.421739],[101.947765,26.413357],[101.94101,26.398749],[101.939138,26.381212],[101.941742,26.326972],[101.94044,26.317165],[101.928315,26.289659],[101.926768,26.279568],[101.921397,26.265652],[101.911225,26.251532],[101.904389,26.23782],[101.909679,26.224636],[101.917247,26.210517],[101.908295,26.201199],[101.878917,26.186794],[101.857026,26.169013],[101.844737,26.13935],[101.839122,26.103583],[101.837901,26.067328],[101.839122,26.059841],[101.843761,26.042304],[101.844737,26.032823],[101.842052,26.022284],[101.831147,26.006049],[101.830577,25.994981],[101.838796,25.98253],[101.854747,25.975409],[101.874115,25.972968],[101.892589,25.974473],[101.940033,25.992214],[101.957774,25.994981],[102.017833,25.98668],[102.046886,25.996039],[102.065359,25.995876],[102.083995,25.999579],[102.098643,26.015448],[102.102061,26.034451],[102.100841,26.053738],[102.10198,26.071112],[102.112315,26.084337],[102.117605,26.096259],[102.130382,26.114814],[102.145437,26.132107],[102.222179,26.186794],[102.231944,26.197781],[102.24114,26.214057],[102.25172,26.228787],[102.266612,26.235175],[102.289806,26.237087],[102.314545,26.24254],[102.338308,26.251166],[102.358165,26.262519],[102.375092,26.280463],[102.386648,26.298204],[102.40032,26.311713],[102.423839,26.317165],[102.4463,26.318549],[102.464854,26.322618],[102.502615,26.337592],[102.55421,26.373114],[102.567882,26.378526],[102.584727,26.374945],[102.602794,26.366238],[102.617931,26.355251],[102.626231,26.345038],[102.623139,26.318671],[102.61142,26.286892],[102.60963,26.260118],[102.646576,26.244574],[102.667491,26.225775],[102.680919,26.221503],[102.698741,26.223456],[102.710867,26.228949],[102.720144,26.237576],[102.766775,26.293321],[102.791026,26.310329],[102.821788,26.317165],[102.845225,26.327094],[102.87794,26.365017],[102.893077,26.364936],[102.891775,26.355292],[102.908376,26.349229],[102.951182,26.345038],[102.971609,26.350857],[102.988292,26.365098],[102.999278,26.383124],[103.00294,26.400255],[103.000499,26.410346],[102.991303,26.430528],[102.989268,26.44123],[102.991303,26.44599],[103.000662,26.456855],[103.00294,26.461127],[103.002371,26.468533],[102.996755,26.47956],[102.995535,26.485378],[102.999766,26.495795],[103.009939,26.500678],[103.022553,26.502061],[103.033702,26.502061],[103.038666,26.506171],[103.053233,26.527045],[103.057628,26.5362],[103.057709,26.557196],[103.047862,26.57038],[103.036062,26.582831],[103.030284,26.601671],[103.030935,26.643866],[103.029226,26.661811],[103.023448,26.680243],[103.011974,26.703721],[103.009207,26.714952],[103.006602,26.738634],[103.003917,26.750759],[102.999278,26.755927],[102.992279,26.765815],[102.975108,26.831081],[102.953054,26.86164],[102.924734,26.892117],[102.901134,26.924628],[102.893077,26.961371],[102.900483,26.992458],[102.899343,27.002997],[102.895518,27.00849],[102.8838,27.017768],[102.879975,27.023464],[102.87794,27.031846],[102.878184,27.035712],[102.879405,27.039374],[102.879975,27.04739],[102.884776,27.06623],[102.906505,27.097764],[102.913585,27.11225],[102.915457,27.134345],[102.903575,27.221625],[102.889578,27.256619],[102.886241,27.276679],[102.889252,27.291368],[102.906993,27.333686],[102.929454,27.367133],[102.941905,27.405097],[102.9546,27.420722],[102.966319,27.398993],[102.977061,27.38878],[102.991222,27.385932],[103.012787,27.385932],[103.019054,27.389106],[103.037852,27.403266],[103.04713,27.40644],[103.070811,27.408149],[103.083507,27.410468],[103.092296,27.413886],[103.106375,27.408474],[103.120616,27.412177],[103.134288,27.421902],[103.146983,27.434353],[103.150076,27.473171],[103.160167,27.497138],[103.217865,27.566759],[103.228933,27.573513],[103.249441,27.577704],[103.28476,27.580756],[103.295909,27.587755],[103.304698,27.605048],[103.285737,27.633612],[103.28419,27.640448],[103.290701,27.646064],[103.313487,27.654853],[103.318289,27.663398],[103.326752,27.673529],[103.414561,27.742784],[103.444021,27.755561],[103.451427,27.759874],[103.454682,27.768663],[103.456065,27.781277],[103.458507,27.792548],[103.465017,27.797431],[103.476573,27.799872],[103.479015,27.80626],[103.478608,27.81505],[103.482188,27.824774],[103.503022,27.849677],[103.508311,27.864447],[103.510916,27.93004],[103.518565,27.94538],[103.536713,27.96129],[103.555431,27.970242],[103.562755,27.97545],[103.564708,27.983018],[103.560069,27.98786],[103.550792,27.98786],[103.540945,27.984442],[103.533702,27.979315],[103.513927,27.971381],[103.50172,27.99197],[103.489024,28.037665],[103.474539,28.039822],[103.456391,28.037136],[103.440929,28.042304],[103.434255,28.068061],[103.436046,28.075792],[103.440115,28.083319],[103.445567,28.090196],[103.451427,28.096015],[103.456472,28.105251],[103.452647,28.123887],[103.454845,28.133857],[103.458914,28.134711],[103.538178,28.184434],[103.551524,28.206122],[103.562022,28.229275],[103.571544,28.243109],[103.58074,28.246365],[103.602468,28.247748],[103.612641,28.249945],[103.619395,28.254747],[103.626231,28.261583],[103.634044,28.267768],[103.643565,28.270453],[103.666026,28.26321],[103.683442,28.246649],[103.697032,28.228339],[103.708751,28.215766],[103.722097,28.21544],[103.749278,28.242743],[103.788992,28.255479],[103.879975,28.325629],[103.870128,28.343777],[103.859467,28.400743],[103.8213,28.484809],[103.796804,28.525336],[103.794932,28.531073],[103.804861,28.551581],[103.828217,28.587429],[103.836436,28.604844],[103.832286,28.620469],[103.841563,28.636257],[103.845144,28.653591],[103.850678,28.668036]]]}},{"type":"Feature","properties":{"dissolve":"18River","scalerank":1,"featurecla":"River","name":"Chang Jiang","name_alt":"Yangtze","rivernum":18,"note":null,"min_zoom":2,"name_en":"Yangtze","min_label":3},"bbox":[103.850678,28.612616,113.127615,31.073432],"geometry":{"type":"MultiLineString","coordinates":[[[112.78183,29.743964],[112.816905,29.753974],[112.852957,29.779079],[112.885834,29.791693],[112.912364,29.764431],[112.914806,29.754218],[112.916515,29.733954],[112.918468,29.723456],[112.929291,29.701361],[112.936046,29.693223],[112.945323,29.709255],[112.987315,29.743964],[113.012706,29.772895],[113.019216,29.77086],[113.021495,29.747382],[113.017182,29.724555],[113.005951,29.706122],[112.990652,29.691962],[112.935069,29.659532],[112.913503,29.634467],[112.908214,29.600694],[112.927664,29.495185],[112.935557,29.480496],[112.953136,29.476589],[112.972097,29.489325],[112.990815,29.507025],[113.007823,29.518012],[113.032644,29.518988],[113.044526,29.508368],[113.048595,29.48961],[113.048595,29.454169],[113.049815,29.446885],[113.054698,29.443223],[113.066173,29.442247],[113.07545,29.447455],[113.076427,29.459581],[113.074718,29.473456],[113.076182,29.483832],[113.084727,29.494656],[113.089936,29.496039],[113.112885,29.474189],[113.115245,29.467637],[113.117768,29.463935],[113.127615,29.462755]],[[103.850678,28.668036],[103.866303,28.675116],[103.870209,28.666205],[103.872569,28.657172],[103.87379,28.636583],[103.87794,28.630439],[103.887706,28.630683],[103.899099,28.633083],[103.908376,28.63349],[103.927826,28.626288],[103.939952,28.619696],[103.952403,28.614854],[103.972748,28.613064],[103.992279,28.616238],[104.029063,28.630316],[104.047537,28.63349],[104.05657,28.630398],[104.078624,28.613064],[104.091807,28.612616],[104.101085,28.615994],[104.11964,28.626736],[104.139903,28.633368],[104.178722,28.638536],[104.232188,28.639594],[104.239675,28.643419],[104.246511,28.654893],[104.248057,28.661933],[104.25058,28.661485],[104.260509,28.65058],[104.275076,28.638861],[104.292491,28.632148],[104.311697,28.630439],[104.33253,28.63349],[104.341401,28.637478],[104.34669,28.641913],[104.352306,28.645697],[104.36321,28.647162],[104.456472,28.6435],[104.483002,28.657579],[104.507823,28.678412],[104.563731,28.707546],[104.588634,28.728339],[104.603526,28.754747],[104.599294,28.784369],[104.622,28.79031],[104.66269,28.782253],[104.685069,28.794257],[104.699718,28.799587],[104.740001,28.795233],[104.757091,28.798041],[104.7671,28.80504],[104.783295,28.82038],[104.791108,28.825303],[104.803803,28.828477],[104.835948,28.825303],[104.858409,28.817735],[104.902436,28.784369],[104.92213,28.776923],[104.939952,28.784857],[104.95696,28.803005],[104.980235,28.835883],[104.991628,28.841498],[105.002045,28.837022],[105.011974,28.829413],[105.021495,28.825303],[105.029877,28.81977],[105.03004,28.807563],[105.026541,28.795518],[105.020763,28.782538],[105.015391,28.775214],[105.013113,28.767035],[105.018321,28.756415],[105.028575,28.750434],[105.05185,28.750434],[105.062755,28.746446],[105.095714,28.719184],[105.115733,28.71369],[105.140636,28.722927],[105.14796,28.728135],[105.15089,28.732245],[105.154307,28.749579],[105.155284,28.763495],[105.153331,28.770046],[105.154714,28.775824],[105.164806,28.787462],[105.176199,28.783881],[105.219493,28.7567],[105.236257,28.749579],[105.259939,28.752712],[105.2942,28.772244],[105.339936,28.783515],[105.351573,28.799872],[105.360362,28.839626],[105.36964,28.856798],[105.384044,28.869696],[105.402843,28.877753],[105.425222,28.880561],[105.435557,28.883816],[105.443858,28.891913],[105.459565,28.911241],[105.470714,28.913153],[105.481619,28.904486],[105.497569,28.886786],[105.518158,28.888292],[105.542735,28.899197],[105.559174,28.915107],[105.555919,28.931749],[105.545909,28.95128],[105.560069,28.961127],[105.585378,28.962266],[105.607432,28.955675],[105.622325,28.942165],[105.62794,28.927354],[105.62794,28.890489],[105.639252,28.887478],[105.692475,28.891059],[105.709076,28.894232],[105.752859,28.921698],[105.77532,28.928249],[105.784923,28.911241],[105.786632,28.887234],[105.79184,28.868679],[105.800548,28.853461],[105.812755,28.839626],[105.84547,28.825385],[105.877208,28.836127],[105.897227,28.863715],[105.894786,28.900458],[105.878184,28.910102],[105.873627,28.914659],[105.87322,28.919623],[105.874766,28.925971],[105.877452,28.930121],[105.881114,28.928331],[105.874034,28.939887],[105.86907,28.946072],[105.860769,28.948432],[105.843272,28.948798],[105.818858,28.957546],[105.823741,28.977078],[105.880626,29.047309],[105.897227,29.058621],[105.928803,29.064887],[105.97698,29.062445],[105.990896,29.064887],[106.001231,29.071804],[106.025076,29.106513],[106.089854,29.081244],[106.117931,29.078559],[106.14088,29.090522],[106.135753,29.117621],[106.121593,29.146674],[106.117931,29.164496],[106.155365,29.202094],[106.157725,29.208686],[106.156993,29.21544],[106.157237,29.222439],[106.162364,29.229356],[106.170828,29.233466],[106.177826,29.232611],[106.184011,29.23017],[106.189545,29.229356],[106.213471,29.235622],[106.237315,29.246527],[106.250987,29.264268],[106.244151,29.290839],[106.259369,29.290391],[106.308686,29.276394],[106.324311,29.283515],[106.348888,29.289578],[106.370128,29.29206],[106.374766,29.295925],[106.376475,29.302273],[106.385509,29.319932],[106.388438,29.32807],[106.392996,29.336493],[106.401866,29.346055],[106.411632,29.35281],[106.429779,29.362006],[106.439464,29.370307],[106.455089,29.389431],[106.463878,29.397406],[106.473562,29.400702],[106.501964,29.399522],[106.516205,29.401435],[106.524832,29.408149],[106.522472,29.415351],[106.504405,29.442247],[106.499522,29.455024],[106.497813,29.464952],[106.498057,29.480496],[106.500987,29.488471],[106.508311,29.491034],[106.528575,29.490058],[106.536062,29.494452],[106.536388,29.504584],[106.532237,29.524237],[106.534434,29.544989],[106.537608,29.551134],[106.545909,29.558946],[106.556082,29.562771],[106.569591,29.565009],[106.581635,29.568427],[106.586843,29.575751],[106.585704,29.591742],[106.586843,29.610378],[106.596446,29.624538],[106.621023,29.627265],[106.619884,29.624376],[106.665701,29.588406],[106.672293,29.577012],[106.680756,29.572618],[106.69101,29.571479],[106.70045,29.575751],[106.704275,29.57864],[106.716401,29.58454],[106.720795,29.585639],[106.724294,29.588446],[106.728526,29.601752],[106.730886,29.606147],[106.775076,29.617377],[106.810802,29.600409],[106.842214,29.593329],[106.908132,29.686713],[106.929698,29.70421],[106.963634,29.756944],[107.017345,29.787136],[107.025645,29.794786],[107.033132,29.809434],[107.050385,29.819892],[107.070893,29.82392],[107.087169,29.819648],[107.095876,29.804999],[107.107351,29.759589],[107.117768,29.740261],[107.149425,29.710639],[107.167572,29.696967],[107.183442,29.688747],[107.221121,29.691718],[107.295421,29.740058],[107.334076,29.7508],[107.375662,29.733222],[107.399018,29.728217],[107.409272,29.740261],[107.414073,29.763617],[107.425955,29.780463],[107.457042,29.805365],[107.473888,29.824164],[107.479747,29.841905],[107.47519,29.859198],[107.46046,29.876776],[107.458751,29.884711],[107.466563,29.892768],[107.478038,29.899034],[107.488048,29.901557],[107.501394,29.900499],[107.508311,29.897488],[107.519786,29.887315],[107.55714,29.867011],[107.596121,29.855333],[107.635916,29.853054],[107.676768,29.860663],[107.68629,29.864691],[107.744395,29.903754],[107.836681,29.987006],[107.84962,30.004706],[107.865896,30.048163],[107.865245,30.055528],[107.861501,30.063585],[107.860362,30.07628],[107.861827,30.099555],[107.868256,30.113227],[107.881277,30.129218],[107.897065,30.142442],[107.912608,30.148017],[107.928233,30.155544],[107.934581,30.173204],[107.937592,30.193671],[107.943614,30.209418],[107.961029,30.222032],[107.977794,30.226671],[107.992931,30.233018],[108.005056,30.250434],[108.014578,30.286322],[108.02003,30.299913],[108.032319,30.313096],[108.046886,30.320868],[108.064952,30.327582],[108.069347,30.329942],[108.074311,30.331977],[108.08074,30.332343],[108.085378,30.329047],[108.090261,30.322455],[108.093761,30.315985],[108.094493,30.313096],[108.118337,30.317572],[108.117198,30.331366],[108.102957,30.347846],[108.087576,30.360297],[108.152843,30.408067],[108.174327,30.411973],[108.196869,30.422146],[108.217214,30.435614],[108.231619,30.449652],[108.308116,30.579535],[108.314138,30.586859],[108.348725,30.638983],[108.358328,30.648261],[108.369558,30.65705],[108.409923,30.709744],[108.418956,30.729315],[108.422293,30.739814],[108.424083,30.750678],[108.422455,30.763943],[108.412201,30.784776],[108.409923,30.795722],[108.410818,30.820746],[108.416596,30.833808],[108.431163,30.840644],[108.480561,30.853298],[108.497569,30.862413],[108.508393,30.876776],[108.512218,30.898464],[108.522227,30.911933],[108.545909,30.918769],[108.573334,30.922919],[108.594737,30.928819],[108.624278,30.943671],[108.6421,30.948269],[108.666515,30.949978],[108.687511,30.945421],[108.722179,30.926296],[108.745616,30.922634],[108.790538,30.931586],[108.877208,30.95954],[108.924327,30.956814],[108.96933,30.94892],[109.012543,30.949408],[109.17685,30.97663],[109.199229,30.975694],[109.258881,30.963568],[109.296641,30.965847],[109.430105,30.996202],[109.4463,31.00255],[109.459972,31.010037],[109.486339,31.028876],[109.497813,31.034125],[109.573985,31.04267],[109.591807,31.040554],[109.608328,31.031846],[109.617198,31.016913],[109.623953,31.008328],[109.632823,31.004584],[109.653087,31.00434],[109.661713,31.002224],[109.670421,30.997097],[109.731456,31.021267],[109.765636,31.047553],[109.784679,31.053656],[109.871755,31.067572],[109.896658,31.068549],[109.923106,31.060492],[109.933849,31.064561],[109.944753,31.070421],[109.955007,31.073432],[109.965343,31.071967],[109.976085,31.068427],[109.985769,31.06391],[109.992605,31.059841],[110.02589,31.032904],[110.042735,31.026923],[110.071707,31.02501],[110.089854,31.027126],[110.12794,31.036322],[110.149506,31.038682],[110.281749,31.021023],[110.321544,31.031846],[110.328868,31.037909],[110.334972,31.044623],[110.342784,31.049994],[110.355724,31.052314],[110.366791,31.05032],[110.384288,31.040839],[110.427338,31.031277],[110.44394,31.02558],[110.511729,31.033271],[110.532807,31.031846],[110.550548,31.026231],[110.565115,31.015082],[110.583751,31.004991],[110.657319,30.997097],[110.720876,30.967719],[110.7588,30.960476],[110.801524,30.943874],[110.814952,30.936306],[110.827647,30.921698],[110.837494,30.906073],[110.850678,30.893622],[110.87322,30.888495],[110.921886,30.886827],[110.945242,30.882636],[110.965831,30.874213],[110.995209,30.844835],[111.006928,30.83808],[111.011974,30.833564],[111.018647,30.829047],[111.027599,30.827012],[111.036062,30.827989],[111.05128,30.832302],[111.058197,30.833279],[111.076182,30.838813],[111.098643,30.8487],[111.124034,30.852566],[111.150808,30.840115],[111.161225,30.826768],[111.162852,30.815538],[111.158214,30.788601],[111.166433,30.783718],[111.204275,30.778835],[111.216319,30.775214],[111.238292,30.764268],[111.263276,30.756537],[111.277599,30.741807],[111.267507,30.709744],[111.386974,30.593044],[111.391205,30.58572],[111.39739,30.553249],[111.40089,30.545844],[111.412364,30.533149],[111.432546,30.503526],[111.448822,30.47016],[111.448741,30.445909],[111.444428,30.423204],[111.470714,30.413845],[111.505626,30.409247],[111.527436,30.401231],[111.507253,30.358507],[111.499522,30.333686],[111.503673,30.31623],[111.533132,30.282538],[111.55071,30.271674],[111.575857,30.271511],[111.592052,30.281277],[111.607432,30.299506],[111.619151,30.319851],[111.629324,30.356024],[111.643158,30.371894],[111.678315,30.395046],[111.711029,30.41059],[111.751964,30.422187],[111.797293,30.428534],[111.842784,30.428534],[111.881358,30.41828],[111.908295,30.39765],[111.980968,30.304551],[111.997813,30.291815],[112.021007,30.285183],[112.063894,30.287299],[112.087413,30.291938],[112.103526,30.298855],[112.103526,30.291368],[112.146658,30.304877],[112.195323,30.307481],[112.239024,30.295478],[112.268077,30.264716],[112.270518,30.223578],[112.246023,30.196357],[112.213634,30.1706],[112.192882,30.134345],[112.196544,30.092353],[112.223155,30.076728],[112.309011,30.072862],[112.352468,30.05919],[112.391205,30.031684],[112.417898,29.99372],[112.425141,29.948798],[112.400645,29.884141],[112.394216,29.873643],[112.384369,29.863064],[112.379812,29.838487],[112.376557,29.791693],[112.36671,29.747504],[112.368663,29.726589],[112.387543,29.733425],[112.423839,29.761542],[112.443858,29.77204],[112.466075,29.778673],[112.53297,29.774359],[112.54184,29.781806],[112.543386,29.802069],[112.548839,29.823065],[112.559255,29.839626],[112.575857,29.8463],[112.600352,29.839219],[112.602631,29.821357],[112.590017,29.77497],[112.593435,29.742377],[112.59962,29.721991],[112.610606,29.709784],[112.636241,29.71369],[112.6421,29.743679],[112.63795,29.805365],[112.654307,29.822333],[112.682872,29.82685],[112.714773,29.822292],[112.740326,29.812201],[112.764171,29.789984],[112.748464,29.779812],[112.716807,29.77379],[112.692556,29.764431],[112.693126,29.747382],[112.721772,29.738593],[112.760183,29.737616],[112.788829,29.743964]]]}},{"type":"Feature","properties":{"dissolve":"1River","scalerank":1,"featurecla":"River","name":"Yangtze","name_alt":null,"rivernum":1,"note":null,"min_zoom":2,"name_en":"Yangtze","min_label":3},"bbox":[113.127615,29.462755,119.606375,32.239529],"geometry":{"type":"MultiLineString","coordinates":[[[119.606375,32.196885],[119.58782,32.19245],[119.572358,32.191759],[119.557384,32.200141],[119.54005,32.222113],[119.530365,32.231716],[119.517345,32.238064],[119.504812,32.239529],[119.452566,32.233466],[119.385753,32.237413],[119.365326,32.234402],[119.346202,32.226752],[119.324474,32.214626],[119.303722,32.206163],[119.278331,32.20128],[119.252208,32.200019],[119.229421,32.202663],[119.129242,32.228542],[119.078705,32.232733],[119.027843,32.2213],[118.96339,32.187771],[118.927745,32.176825],[118.909679,32.173896],[118.883474,32.173204],[118.820404,32.188992],[118.793224,32.192816],[118.78655,32.192694],[118.780284,32.191107],[118.774343,32.187079],[118.769054,32.18122],[118.764659,32.174506],[118.761485,32.168036],[118.759532,32.162909],[118.758474,32.160997],[118.747488,32.147244],[118.73406,32.124864],[118.706391,32.09337],[118.689464,32.062445],[118.668956,32.039496],[118.658376,32.030585],[118.645925,32.016181],[118.614838,31.990017],[118.586355,31.949571],[118.553315,31.916287],[118.540538,31.892442],[118.53476,31.884467],[118.504812,31.859198],[118.498627,31.851264],[118.448009,31.756415],[118.426199,31.724473],[118.41505,31.699774],[118.403819,31.623236],[118.379649,31.556179],[118.347992,31.507595],[118.31601,31.4713],[118.309825,31.460069],[118.305186,31.448798],[118.302175,31.438341],[118.301768,31.427802],[118.304861,31.416449],[118.31544,31.400824],[118.318614,31.394965],[118.322358,31.383165],[118.324474,31.371039],[118.32545,31.356391],[118.324474,31.338324],[118.3213,31.320828],[118.315115,31.308051],[118.306163,31.300401],[118.296641,31.29739],[118.220144,31.291124],[118.210053,31.287787],[118.173839,31.265896],[118.155935,31.259141],[118.112722,31.252509],[118.060557,31.233222],[118.040457,31.233344],[118.027843,31.243679],[118.014171,31.237616],[118.002371,31.223253],[117.995942,31.208604],[117.993582,31.19127],[117.992931,31.138983],[117.988699,31.122829],[117.980398,31.109971],[117.968272,31.100287],[117.952729,31.093573],[117.937266,31.088935],[117.921886,31.086005],[117.907156,31.087673],[117.894542,31.096788],[117.879242,31.12226],[117.870372,31.133328],[117.856863,31.140937],[117.839366,31.143663],[117.822765,31.141181],[117.807546,31.134385],[117.793386,31.124457],[117.781505,31.113959],[117.77239,31.103868],[117.766531,31.092108],[117.763276,31.076483],[117.763682,31.058702],[117.768891,31.023749],[117.768077,31.006659],[117.747162,30.943468],[117.732026,30.874457],[117.697276,30.803738],[117.687429,30.796658],[117.642589,30.789496],[117.608653,30.780137],[117.593354,30.773708],[117.552338,30.747829],[117.53712,30.740831],[117.466075,30.726264],[117.457937,30.722235],[117.436534,30.706366],[117.42921,30.70246],[117.421641,30.700507],[117.345876,30.698757],[117.326671,30.69477],[117.276947,30.673367],[117.260753,30.669623],[117.252371,30.670681],[117.234304,30.674913],[117.226003,30.673367],[117.2199,30.6671],[117.217703,30.658474],[117.217784,30.648953],[117.218842,30.640245],[117.220714,30.634304],[117.225678,30.623074],[117.22755,30.617377],[117.228038,30.611762],[117.224132,30.597235],[117.22405,30.586208],[117.232839,30.555121],[117.231293,30.543484],[117.225678,30.532497],[117.217865,30.522528],[117.209565,30.514024],[117.183116,30.499376],[117.150645,30.494249],[117.033295,30.490587],[117.007498,30.48371],[116.984386,30.471747],[116.94866,30.443427],[116.936127,30.435858],[116.925222,30.432929],[116.913259,30.431952],[116.901866,30.429755],[116.89267,30.423285],[116.888276,30.402615],[116.899099,30.380683],[116.913992,30.358588],[116.921397,30.33747],[116.920014,30.32453],[116.90683,30.270697],[116.896902,30.244208],[116.822276,30.115424],[116.808523,30.102078],[116.790538,30.090888],[116.716075,30.05976],[116.690522,30.0539],[116.662608,30.052761],[116.650076,30.050605],[116.636485,30.043321],[116.605072,30.017686],[116.593761,30.010565],[116.591726,30.005683],[116.587901,30.00198],[116.579112,29.995225],[116.575206,29.99079],[116.567149,29.976752],[116.548839,29.954128],[116.536632,29.923204],[116.526947,29.906684],[116.51295,29.89411],[116.492198,29.88463],[116.466563,29.880316],[116.414236,29.880561],[116.389171,29.876003],[116.356537,29.858262],[116.297537,29.808702],[116.265229,29.788886],[116.235932,29.781277],[116.206554,29.781317],[116.146983,29.788682],[116.110281,29.786444],[116.077647,29.776394],[116.012787,29.748155],[115.99879,29.744005],[115.888682,29.731757],[115.855724,29.738471],[115.743337,29.808783],[115.73642,29.816352],[115.72519,29.842637],[115.718191,29.854071],[115.704845,29.860704],[115.621104,29.862372],[115.534923,29.85456],[115.50644,29.857611],[115.46339,29.871283],[115.450043,29.87755],[115.437511,29.885362],[115.426687,29.895331],[115.417247,29.909369],[115.396088,29.956081],[115.386729,29.969672],[115.375906,29.980496],[115.338471,30.008002],[115.330496,30.018175],[115.301524,30.06741],[115.283376,30.10932],[115.275401,30.120958],[115.189952,30.208767],[115.164561,30.221055],[115.145518,30.222357],[115.106944,30.21955],[115.087983,30.224148],[115.072032,30.236029],[115.063569,30.25198],[115.061453,30.270453],[115.064138,30.289862],[115.072846,30.324246],[115.072765,30.341132],[115.064952,30.357367],[115.052989,30.369005],[114.987397,30.407416],[114.966075,30.41352],[114.94394,30.416042],[114.8803,30.414984],[114.860769,30.418891],[114.842703,30.428046],[114.829275,30.441107],[114.820567,30.457139],[114.810802,30.493191],[114.808035,30.511054],[114.808523,30.526313],[114.814057,30.539903],[114.826589,30.552802],[114.839936,30.563788],[114.851573,30.576931],[114.855398,30.591132],[114.844737,30.605658],[114.826671,30.613796],[114.806082,30.616278],[114.731456,30.609442],[114.714854,30.605414],[114.688487,30.590766],[114.67685,30.58629],[114.613048,30.573594],[114.600841,30.574286],[114.58017,30.581651],[114.56601,30.593329],[114.502371,30.673163],[114.484386,30.684353],[114.45753,30.690741],[114.429128,30.690294],[114.401378,30.683905],[114.375987,30.672675],[114.354015,30.656521],[114.311127,30.609646],[114.296397,30.586859]],[[116.19752,29.75141],[116.20753,29.779486]],[[113.127615,29.462755],[113.145437,29.471991],[113.16212,29.493109],[113.186046,29.531684],[113.415538,29.764472],[113.445974,29.780056],[113.497325,29.819403],[113.519216,29.84162],[113.590017,29.87991],[113.607026,29.890204],[113.629975,29.9088],[113.65032,29.929389],[113.664236,29.954617],[113.675955,29.961127],[113.687755,29.963446],[113.693126,29.959581],[113.703624,29.934149],[113.706716,29.9289],[113.748627,29.919989],[113.79241,29.933417],[113.831065,29.958279],[113.889659,30.013007],[113.92335,30.033555],[114.043956,30.07921],[114.062266,30.088935],[114.069835,30.103339],[114.064382,30.124376],[114.050873,30.136339],[114.015147,30.154853],[113.983409,30.185167],[113.964285,30.197943],[113.940115,30.203233],[113.918061,30.198065],[113.895274,30.188747],[113.874441,30.184841],[113.858165,30.195828],[113.857595,30.231065],[113.885509,30.265204],[113.927175,30.28852],[113.968028,30.291368],[113.983409,30.282579],[113.996755,30.268622],[114.018565,30.240505],[114.039073,30.2296],[114.053966,30.24018],[114.086029,30.31741],[114.106619,30.352322],[114.24171,30.497423],[114.287364,30.575995],[114.303233,30.593044]]]}},{"type":"Feature","properties":{"dissolve":"242River","scalerank":6,"featurecla":"River","name":"Yarkant","name_alt":null,"rivernum":242,"note":null,"min_zoom":5,"name_en":"Yarkant","min_label":6},"bbox":[75.90683,35.520697,80.88795,40.467108],"geometry":{"type":"MultiLineString","coordinates":[[[77.524913,35.520697],[77.547781,35.525702],[77.564138,35.5338],[77.57724,35.544623],[77.589854,35.557929],[77.611746,35.574408],[77.657725,35.591335],[77.675222,35.602607],[77.681651,35.619167],[77.692312,35.673448],[77.692475,35.685167],[77.697846,35.687608],[77.70224,35.694281],[77.70574,35.703925],[77.708425,35.715196],[77.710948,35.738227],[77.710867,35.747423],[77.709972,35.753445],[77.688975,35.784939],[77.552745,35.879665],[77.545421,35.890001],[77.543956,35.903835],[77.54892,35.91295],[77.555675,35.920193],[77.559093,35.928168],[77.563487,35.943061],[77.642182,36.079291],[77.66155,36.096055],[77.729503,36.120958],[77.759532,36.142605],[77.757742,36.17182],[77.745942,36.178046],[77.69573,36.178005],[77.627371,36.199083],[77.557872,36.255398],[77.531179,36.267401],[77.533214,36.271755],[77.53655,36.283474],[77.538585,36.287869],[77.531179,36.292792],[77.524425,36.300238],[77.51946,36.30919],[77.517507,36.318915],[77.513927,36.323106],[77.496593,36.335476],[77.490733,36.342475],[77.498057,36.372382],[77.480561,36.406806],[77.450776,36.429714],[77.421316,36.424994],[77.404714,36.43183],[77.31544,36.44184],[77.273204,36.455919],[77.250011,36.459174],[77.225841,36.457221],[77.181244,36.448188],[77.158132,36.446153],[77.136241,36.448594],[77.101085,36.458523],[77.079194,36.459174],[76.964447,36.434353],[76.914154,36.404568],[76.904307,36.401679],[76.874522,36.397732],[76.838308,36.385281],[76.828868,36.383409],[76.820404,36.385688],[76.806163,36.395453],[76.795014,36.397732],[76.789806,36.396674],[76.78004,36.391954],[76.773936,36.390937],[76.766124,36.392768],[76.755789,36.401679],[76.749604,36.404568],[76.727957,36.405788],[76.66448,36.397732],[76.643972,36.400255],[76.513764,36.430854],[76.493663,36.432481],[76.478608,36.440253],[76.470225,36.458319],[76.462413,36.493272],[76.458425,36.498358],[76.44752,36.503282],[76.442475,36.507595],[76.441498,36.512071],[76.44337,36.523627],[76.442475,36.528022],[76.429454,36.544989],[76.420828,36.552314],[76.410737,36.555365],[76.389903,36.558051],[76.369151,36.564724],[76.332612,36.582709],[76.274669,36.619452],[76.253184,36.624294],[76.22877,36.62519],[76.208995,36.628363],[76.191661,36.634467],[76.118663,36.675157],[76.102631,36.688788],[76.077403,36.724229],[76.058197,36.76081],[76.044526,36.801785],[76.043468,36.808417],[76.044526,36.818223],[76.044526,36.822292],[76.04184,36.828681],[76.032807,36.840196],[76.030935,36.846218],[76.026459,36.868598],[76.015554,36.88581],[75.98935,36.911648],[75.97047,36.937934],[75.962006,36.945828],[75.952159,36.949734],[75.933686,36.950507],[75.924408,36.956081],[75.920095,36.971788],[75.931895,36.987169],[75.962006,37.014106],[75.990896,37.073106],[76.008067,37.093085],[76.010671,37.116238],[76.009858,37.158718],[76.011485,37.166938],[76.014415,37.171942],[76.015066,37.177069],[76.009858,37.18537],[76.001557,37.191352],[75.979096,37.20071],[75.969493,37.206488],[75.956065,37.224229],[75.937999,37.266791],[75.918549,37.292996],[75.911062,37.305854],[75.90683,37.317898],[75.910818,37.323106],[75.937429,37.323757],[75.954682,37.328477],[75.959565,37.31977],[75.962576,37.30744],[75.96575,37.298936],[75.974539,37.29206],[75.982188,37.289862],[76.003673,37.288398],[76.030935,37.282172],[76.043468,37.282742],[76.069347,37.287706],[76.079356,37.288398],[76.086518,37.285346],[76.090912,37.280097],[76.096202,37.275662],[76.106049,37.274726],[76.122162,37.280137],[76.129812,37.289252],[76.134939,37.300605],[76.143565,37.312934],[76.152599,37.317735],[76.175304,37.321885],[76.184825,37.32628],[76.189057,37.335273],[76.189952,37.358751],[76.191661,37.363552],[76.201752,37.371039],[76.235037,37.406562],[76.249441,37.418158],[76.244233,37.429389],[76.232432,37.448065],[76.229015,37.459744],[76.229015,37.471015],[76.236339,37.508124],[76.236501,37.544704],[76.232514,37.566718],[76.222748,37.582587],[76.22698,37.585395],[76.231537,37.592149],[76.236339,37.596869],[76.215912,37.632839],[76.210378,37.648993],[76.208507,37.668891],[76.204356,37.686103],[76.185802,37.714301],[76.181163,37.733466],[76.192882,37.780829],[76.207123,37.810167],[76.198009,37.820258],[76.181407,37.827582],[76.167491,37.837104],[76.175792,37.840928],[76.194347,37.84573],[76.201671,37.850775],[76.205984,37.860622],[76.213145,37.88642],[76.219005,37.89171],[76.259939,37.89171],[76.26767,37.896837],[76.26767,37.908881],[76.263113,37.932685],[76.267996,37.957343],[76.276134,37.966905],[76.290945,37.967882],[76.314952,37.966864],[76.327078,37.970079],[76.349132,37.984646],[76.363048,37.987901],[76.374766,37.986274],[76.389903,37.977607],[76.40089,37.97366],[76.425304,37.970771],[76.450694,37.972439],[76.474376,37.979031],[76.493663,37.991034],[76.505056,37.995714],[76.518077,37.994086],[76.541515,37.987901],[76.546804,37.982245],[76.542491,37.969794],[76.535167,37.957587],[76.531261,37.952501],[76.537201,37.931586],[76.553315,37.928534],[76.574718,37.929877],[76.612804,37.914333],[76.653819,37.910509],[76.674571,37.906033],[76.7081,37.888495],[76.727306,37.88113],[76.753022,37.878038],[76.775401,37.882595],[76.790619,37.893581],[76.811697,37.919013],[76.8838,37.970242],[76.925222,38.020372],[76.942149,38.035102],[76.961681,38.04328],[76.98406,38.049994],[77.002696,38.060492],[77.010346,38.079779],[77.019135,38.091376],[77.079194,38.124457],[77.209727,38.23371],[77.284679,38.269355],[77.38144,38.339301],[77.393972,38.354438],[77.359304,38.445583],[77.363292,38.460883],[77.352957,38.475165],[77.325694,38.5633],[77.329031,38.569363],[77.3296,38.583197],[77.33253,38.590033],[77.340587,38.595811],[77.35963,38.600653],[77.36671,38.604275],[77.375662,38.61933],[77.381765,38.652655],[77.387218,38.666327],[77.398855,38.674994],[77.435069,38.690497],[77.449229,38.699897],[77.457937,38.713894],[77.459565,38.728095],[77.459483,38.743964],[77.462901,38.762519],[77.483816,38.796088],[77.546886,38.844672],[77.572765,38.871161],[77.581472,38.891303],[77.579112,38.905463],[77.571788,38.917792],[77.565359,38.932644],[77.56601,38.951687],[77.570323,38.970526],[77.568858,38.986111],[77.551687,38.995307],[77.555431,39.006619],[77.56129,39.013048],[77.591238,39.026679],[77.599376,39.028754],[77.606944,39.031765],[77.617117,39.039374],[77.616222,39.043321],[77.621104,39.085517],[77.623139,39.093044],[77.634776,39.111396],[77.639171,39.121772],[77.638764,39.127509],[77.63974,39.131944],[77.647878,39.138699],[77.653901,39.139512],[77.660411,39.136786],[77.665945,39.133246],[77.668956,39.131863],[77.674083,39.136542],[77.682384,39.149604],[77.686046,39.152371],[77.700125,39.158637],[77.710216,39.160427],[77.720144,39.155788],[77.729991,39.147569],[77.734874,39.148301],[77.74407,39.165961],[77.743093,39.16767],[77.742442,39.173855],[77.742686,39.181342],[77.74407,39.187079],[77.748627,39.192491],[77.754487,39.195665],[77.760509,39.198065],[77.799571,39.225287],[77.804861,39.231147],[77.866954,39.275214],[77.912852,39.286078],[77.929454,39.29621],[77.935802,39.319892],[77.943858,39.332546],[77.96282,39.34748],[78.004812,39.371446],[78.019216,39.374376],[78.056895,39.37698],[78.069347,39.382025],[78.074718,39.389431],[78.082937,39.406521],[78.087332,39.412421],[78.094249,39.415798],[78.111257,39.41946],[78.130626,39.431708],[78.160411,39.442735],[78.214447,39.483669],[78.227306,39.488715],[78.259695,39.493354],[78.440847,39.566759],[78.470225,39.584337],[78.490896,39.576606],[78.512462,39.584662],[78.533376,39.59748],[78.552419,39.604193],[78.562755,39.599921],[78.563731,39.589423],[78.562429,39.576239],[78.565929,39.563829],[78.575287,39.55744],[78.586192,39.558132],[78.597911,39.561713],[78.61085,39.563829],[78.627696,39.569525],[78.668956,39.596015],[78.689464,39.604193],[78.714366,39.603949],[78.739757,39.600653],[78.760346,39.602403],[78.771902,39.617865],[78.78419,39.612982],[78.806733,39.615098],[78.819753,39.61164],[78.818289,39.623236],[78.820079,39.633002],[78.825125,39.640692],[78.833995,39.645819],[78.843761,39.633653],[78.854096,39.633368],[78.865652,39.635077],[78.878347,39.62873],[78.89088,39.619493],[78.902354,39.617499],[78.928966,39.625312],[78.936046,39.628526],[78.949148,39.63642],[78.956716,39.638983],[78.962169,39.636786],[78.968272,39.631415],[78.97462,39.627224],[78.980479,39.62873],[78.992768,39.635077],[79.005463,39.633857],[79.018647,39.634304],[79.031993,39.645819],[79.051199,39.643378],[79.073416,39.653876],[79.110769,39.683661],[79.130382,39.69538],[79.153087,39.702175],[79.244884,39.707221],[79.257742,39.710639],[79.278819,39.719672],[79.297455,39.72366],[79.313243,39.733018],[79.323985,39.735175],[79.335704,39.736192],[79.34726,39.739081],[79.368337,39.748155],[79.386241,39.760932],[79.426362,39.80683],[79.442312,39.820583],[79.45753,39.82807],[79.590587,39.837592],[79.608816,39.844672],[79.662608,39.892849],[79.721283,39.916449],[79.73463,39.919501],[79.745372,39.924872],[79.75644,39.936591],[79.770437,39.94831],[79.789561,39.95364],[79.807628,39.955837],[79.831716,39.962022],[79.852794,39.971951],[79.861827,39.984971],[79.870372,39.994493],[79.889171,39.997504],[79.90797,40.004503],[79.928233,40.062079],[79.957449,40.078681],[80.051524,40.086371],[80.065522,40.090033],[80.125418,40.122667],[80.141775,40.128485],[80.155935,40.126166],[80.164806,40.138454],[80.198985,40.170844],[80.211192,40.180203],[80.222341,40.183621],[80.247569,40.184434],[80.259044,40.187038],[80.266368,40.192206],[80.278575,40.207343],[80.285737,40.214382],[80.304617,40.222602],[80.346934,40.231228],[80.361501,40.241645],[80.362071,40.247585],[80.360769,40.268826],[80.361501,40.276435],[80.366791,40.283759],[80.382416,40.2956],[80.389415,40.303738],[80.381928,40.310492],[80.396658,40.32099],[80.417491,40.330756],[80.435964,40.343288],[80.44394,40.362087],[80.447276,40.37519],[80.455658,40.392524],[80.466807,40.404079],[80.478282,40.399929],[80.488373,40.404608],[80.499034,40.406358],[80.522553,40.406114],[80.533946,40.409451],[80.553233,40.423936],[80.584402,40.43183],[80.600841,40.440619],[80.617198,40.445746],[80.637625,40.439643],[80.642589,40.434109],[80.745942,40.450873],[80.795095,40.45246],[80.813975,40.427273],[80.820811,40.427273],[80.83017,40.433376],[80.856944,40.443142],[80.870046,40.461046],[80.88795,40.467108]]]}},{"type":"Feature","properties":{"dissolve":"246River","scalerank":6,"featurecla":"River","name":"Liao","name_alt":null,"rivernum":246,"note":null,"min_zoom":5,"name_en":"Liao","min_label":6},"bbox":[122.110362,40.680487,123.899425,43.483466],"geometry":{"type":"MultiLineString","coordinates":[[[123.553966,43.483466],[123.603119,43.439643],[123.609304,43.425116],[123.614838,43.403632],[123.625987,43.387315],[123.6338,43.370185],[123.628998,43.346381],[123.616303,43.333441],[123.598074,43.323554],[123.581635,43.31212],[123.574474,43.294786],[123.572032,43.273953],[123.547944,43.184882],[123.54713,43.174994],[123.550141,43.177191],[123.551199,43.17829],[123.55185,43.17947],[123.553966,43.18183],[123.560802,43.174994],[123.551199,43.157986],[123.539643,43.085639],[123.531261,43.072618],[123.520274,43.060167],[123.515147,43.047553],[123.527192,43.025214],[123.524425,43.001166],[123.526541,42.990058],[123.526541,42.996283],[123.530935,42.984076],[123.549734,42.967841],[123.553966,42.958686],[123.558523,42.953681],[123.58017,42.946885],[123.588145,42.942247],[123.589936,42.935126],[123.583751,42.923204],[123.589122,42.898871],[123.592784,42.835801],[123.601736,42.818712],[123.590424,42.802273],[123.584727,42.777167],[123.570974,42.760362],[123.566173,42.746039],[123.571381,42.730048],[123.573822,42.714708],[123.560802,42.702012],[123.570323,42.69123],[123.573334,42.685981],[123.574474,42.678168],[123.579031,42.674262],[123.600841,42.675564],[123.609304,42.67475],[123.615489,42.668158],[123.625255,42.647081],[123.632416,42.637519],[123.649506,42.620144],[123.654552,42.617703],[123.667979,42.613308],[123.694021,42.597235],[123.695323,42.590766],[123.683686,42.579169],[123.70517,42.570136],[123.762218,42.534491],[123.773692,42.520819],[123.768972,42.498155],[123.766775,42.496609],[123.773529,42.489285],[123.780935,42.487006],[123.788097,42.486151],[123.793549,42.482937],[123.800955,42.469672],[123.804698,42.455146],[123.802989,42.440863],[123.793549,42.42829],[123.807628,42.411811],[123.831147,42.411485],[123.853282,42.41706],[123.863048,42.417792],[123.867686,42.411973],[123.889659,42.405788],[123.897227,42.400417],[123.899425,42.389187],[123.894623,42.379462],[123.862071,42.344916],[123.831635,42.326117],[123.818126,42.314765],[123.798757,42.304999],[123.757091,42.305976],[123.738862,42.291124],[123.727306,42.301459],[123.706716,42.306505],[123.683604,42.3074],[123.663829,42.304796],[123.647634,42.298163],[123.635183,42.28738],[123.626882,42.273261],[123.622813,42.256415],[123.612641,42.262722],[123.603608,42.263536],[123.595714,42.26085],[123.588145,42.256415],[123.557384,42.209906],[123.533295,42.196479],[123.485769,42.18126],[123.442882,42.173407],[123.422455,42.16706],[123.407237,42.157416],[123.399913,42.150255],[123.392345,42.144721],[123.3838,42.141059],[123.372813,42.139716],[123.366466,42.141669],[123.363373,42.146348],[123.361746,42.152208],[123.35906,42.157416],[123.351736,42.161241],[123.345307,42.159125],[123.339854,42.155341],[123.33546,42.153998],[123.272472,42.172471],[123.249278,42.174506],[123.239838,42.172309],[123.217784,42.16295],[123.195567,42.158637],[123.19044,42.152655],[123.186453,42.143988],[123.177257,42.13349],[123.160574,42.124538],[123.141368,42.120551],[123.098399,42.1199],[123.089692,42.117621],[123.073741,42.107856],[123.051687,42.101752],[123.046641,42.092637],[123.042654,42.08161],[123.033214,42.072089],[123.020518,42.068793],[122.991222,42.068427],[122.977957,42.065253],[122.968191,42.060492],[122.960378,42.054999],[122.95989,42.049425],[122.97169,42.044135],[122.95045,42.009223],[122.936941,41.992703],[122.924571,41.982693],[122.926524,41.979071],[122.930756,41.969021],[122.919688,41.969835],[122.908946,41.969306],[122.898936,41.966905],[122.889903,41.962226],[122.906749,41.950751],[122.924571,41.941677],[122.914236,41.923692],[122.894786,41.902289],[122.872976,41.885077],[122.854991,41.879665],[122.862641,41.872829],[122.85377,41.860663],[122.842784,41.849677],[122.8296,41.840033],[122.814708,41.831855],[122.805593,41.831081],[122.793956,41.831977],[122.78419,41.830349],[122.78004,41.821601],[122.77825,41.814643],[122.773367,41.807969],[122.766612,41.802029],[122.7588,41.797065],[122.778738,41.791083],[122.786794,41.79088],[122.769054,41.77204],[122.766205,41.766954],[122.772634,41.750515],[122.774425,41.740587],[122.769623,41.736274],[122.743744,41.734198],[122.738455,41.72724],[122.741222,41.714423],[122.739024,41.694648],[122.729015,41.684516],[122.697276,41.669704],[122.690684,41.663926],[122.694347,41.636176],[122.694835,41.618679],[122.690684,41.605292],[122.694835,41.601264],[122.699718,41.591986],[122.704194,41.585395],[122.662364,41.552598],[122.643647,41.53144],[122.635916,41.506293],[122.6338,41.492987],[122.624522,41.470771],[122.622325,41.458197],[122.624115,41.44538],[122.628998,41.437812],[122.635509,41.431179],[122.642833,41.420966],[122.630463,41.415147],[122.636241,41.405219],[122.648692,41.392768],[122.656342,41.37934],[122.654226,41.379218],[122.645437,41.364569],[122.642833,41.358913],[122.639089,41.333197],[122.635916,41.324774],[122.641775,41.305732],[122.620697,41.28502],[122.567149,41.256456],[122.540294,41.24962],[122.533376,41.245063],[122.523448,41.232978],[122.519216,41.229193],[122.477143,41.199571],[122.467784,41.195014],[122.453298,41.192816],[122.430186,41.182969],[122.412852,41.180732],[122.397634,41.176703],[122.39088,41.166287],[122.388764,41.152045],[122.388927,41.136664],[122.401541,41.098212],[122.405935,41.091986],[122.414806,41.086005],[122.414236,41.071845],[122.408702,41.055528],[122.402599,41.042914],[122.407807,41.035956],[122.409679,41.026394],[122.409434,41.002631],[122.341807,40.995795],[122.343761,40.983507],[122.343028,40.96251],[122.339936,40.940945],[122.334972,40.926866],[122.323253,40.94245],[122.318614,40.936835],[122.313731,40.906358],[122.304698,40.892157],[122.292084,40.877875],[122.278331,40.865912],[122.266124,40.858588],[122.260509,40.859809],[122.252615,40.863593],[122.24407,40.86579],[122.235362,40.862006],[122.228933,40.85574],[122.223643,40.852484],[122.216319,40.851508],[122.203868,40.851752],[122.194428,40.863308],[122.186941,40.869452],[122.180431,40.868842],[122.173595,40.861111],[122.170095,40.854926],[122.170909,40.849718],[122.177257,40.844916],[122.125499,40.825141],[122.110362,40.808539],[122.115245,40.783515],[122.144542,40.759467],[122.163992,40.750556],[122.18157,40.725287],[122.190929,40.715277],[122.242117,40.702663],[122.258474,40.693468],[122.23878,40.680487],[122.20989,40.682685],[122.165457,40.710028],[122.156261,40.701606]]]}},{"type":"Feature","properties":{"dissolve":"247Lake Centerline","scalerank":6,"featurecla":"Lake Centerline","name":"Yuan","name_alt":null,"rivernum":247,"note":null,"min_zoom":5,"name_en":"Yuan","min_label":6},"bbox":[111.992931,28.81977,113.070811,29.389187],"geometry":{"type":"MultiLineString","coordinates":[[[112.993582,29.147488],[112.992442,29.164984],[112.995372,29.188992],[113.000011,29.216091],[113.034597,29.288113],[113.047944,29.363227],[113.069347,29.387641],[113.070811,29.389187]],[[112.904796,29.031358],[112.900076,29.017442],[112.881847,28.991523],[112.873057,28.974921],[112.862804,28.952704],[112.843272,28.931464],[112.766612,28.892524],[112.699718,28.870917],[112.669444,28.866889],[112.642589,28.861762],[112.611095,28.859442],[112.574718,28.874213],[112.539073,28.865668],[112.507823,28.831488],[112.470714,28.81977],[112.435557,28.820665],[112.412527,28.838324],[112.387625,28.871161],[112.361501,28.89171],[112.3331,28.900743],[112.324311,28.89293],[112.327566,28.870469],[112.320567,28.858222],[112.307628,28.843207],[112.272065,28.849555],[112.228445,28.891547],[112.186534,28.914089],[112.150645,28.91295],[112.119558,28.920274],[112.069916,28.93537],[112.028819,28.943874],[112.007823,28.950222],[111.997813,28.961249],[111.994395,28.976101],[111.992931,28.984687]]]}},{"type":"Feature","properties":{"dissolve":"247River","scalerank":6,"featurecla":"River","name":"Yuan","name_alt":null,"rivernum":247,"note":null,"min_zoom":5,"name_en":"Yuan","min_label":6},"bbox":[107.493337,26.140489,113.127615,29.462755],"geometry":{"type":"MultiLineString","coordinates":[[[113.069347,29.387641],[113.085948,29.404486],[113.111095,29.444892],[113.127615,29.462755]],[[112.904796,29.031358],[112.921641,29.038926],[112.935557,29.054633],[112.942963,29.065253],[112.94337,29.074001],[112.940684,29.083319],[112.938975,29.095974],[112.944591,29.114814],[112.958263,29.127753],[112.993582,29.147488]],[[107.504812,26.337592],[107.498057,26.326199],[107.493337,26.305691],[107.493663,26.283067],[107.504975,26.257595],[107.505951,26.245063],[107.504975,26.232611],[107.496349,26.214219],[107.499522,26.205512],[107.506114,26.198676],[107.527354,26.182969],[107.560313,26.165554],[107.577403,26.149522],[107.59547,26.140489],[107.618337,26.142524],[107.640717,26.150702],[107.656261,26.160102],[107.67213,26.175157],[107.707774,26.218085],[107.712576,26.225898],[107.71575,26.236884],[107.719493,26.268622],[107.724132,26.275946],[107.738292,26.290391],[107.785574,26.361925],[107.803722,26.404568],[107.80714,26.44123],[107.797537,26.459499],[107.785085,26.475043],[107.779226,26.491482],[107.789806,26.512315],[107.808604,26.530341],[107.821381,26.5362],[107.861827,26.543647],[107.866466,26.547431],[107.870942,26.559394],[107.875418,26.564154],[107.880056,26.56505],[107.891612,26.563422],[107.896495,26.564154],[107.929861,26.581488],[107.936127,26.581244],[107.941905,26.596788],[107.969005,26.626532],[107.977794,26.639228],[107.986746,26.6706],[107.991466,26.680243],[108.014903,26.703192],[108.018891,26.711534],[108.028331,26.723456],[108.087576,26.755927],[108.115652,26.781195],[108.132498,26.792304],[108.152843,26.796942],[108.159272,26.801622],[108.173757,26.822699],[108.176362,26.827948],[108.180756,26.831122],[108.202566,26.841254],[108.237722,26.853339],[108.276866,26.860378],[108.312429,26.857001],[108.327891,26.834499],[108.335378,26.827175],[108.351736,26.824408],[108.368175,26.826728],[108.37558,26.834499],[108.382742,26.838813],[108.396007,26.832465],[108.404307,26.817694],[108.396088,26.796942],[108.399994,26.783962],[108.399425,26.778876],[108.396088,26.769599],[108.401866,26.772406],[108.416596,26.776435],[108.414561,26.773261],[108.413178,26.772244],[108.412039,26.771593],[108.409923,26.769599],[108.41741,26.764594],[108.425955,26.753363],[108.430268,26.749091],[108.437266,26.745307],[108.442963,26.743598],[108.485444,26.739773],[108.496755,26.732774],[108.505382,26.714952],[108.496104,26.704657],[108.497325,26.696479],[108.506114,26.690741],[108.519054,26.68769],[108.519135,26.67239],[108.538259,26.663031],[108.563487,26.655626],[108.581065,26.646064],[108.581065,26.659735],[108.595876,26.645575],[108.609874,26.60102],[108.625499,26.591417],[108.641124,26.599311],[108.654796,26.617621],[108.663259,26.638373],[108.663097,26.65351],[108.684093,26.664374],[108.69337,26.67121],[108.697195,26.67711],[108.698416,26.69184],[108.702729,26.696479],[108.721283,26.694525],[108.76295,26.694525],[108.7588,26.689643],[108.7553,26.67829],[108.751882,26.656602],[108.758718,26.63349],[108.775971,26.623847],[108.798595,26.619167],[108.8213,26.611355],[108.837169,26.594306],[108.852061,26.572048],[108.868582,26.557563],[108.889659,26.564154],[108.905284,26.555976],[108.917572,26.560411],[108.924571,26.573554],[108.924327,26.591417],[108.939708,26.585883],[108.950206,26.590766],[108.959565,26.60102],[108.971609,26.611355],[108.984955,26.617499],[109.03297,26.633083],[109.039073,26.618232],[109.059988,26.601752],[109.066987,26.591417],[109.08017,26.599718],[109.092052,26.617865],[109.101329,26.625596],[109.106944,26.626492],[109.120942,26.62405],[109.129242,26.625596],[109.133474,26.62877],[109.142345,26.637478],[109.146251,26.639228],[109.150076,26.643256],[109.190522,26.666571],[109.197032,26.677191],[109.206065,26.706],[109.214854,26.718085],[109.247976,26.743272],[109.252615,26.752509],[109.259776,26.759955],[109.307384,26.769599],[109.3178,26.775946],[109.331635,26.786811],[109.343761,26.800116],[109.348888,26.813992],[109.354421,26.81863],[109.38087,26.830146],[109.389903,26.837917],[109.369151,26.851874],[109.381358,26.872748],[109.408946,26.891669],[109.434581,26.899929],[109.453868,26.912136],[109.455333,26.939236],[109.444428,26.981879],[109.445974,26.995632],[109.45574,27.020331],[109.4581,27.033718],[109.450694,27.046169],[109.417898,27.060004],[109.410248,27.067206],[109.414073,27.080512],[109.42392,27.082384],[109.437022,27.079413],[109.459239,27.077948],[109.46339,27.076972],[109.468272,27.07807],[109.478608,27.084296],[109.486095,27.11225],[109.495209,27.104031],[109.509858,27.081366],[109.520112,27.07807],[109.530854,27.08747],[109.531505,27.103461],[109.535737,27.118516],[109.567882,27.127509],[109.583588,27.137274],[109.591319,27.139512],[109.600841,27.138454],[109.616954,27.133816],[109.625662,27.132676],[109.631928,27.14171],[109.638438,27.161933],[109.64796,27.182888],[109.663585,27.194159],[109.663259,27.163357],[109.66684,27.140245],[109.67864,27.126899],[109.7046,27.125271],[109.717459,27.127956],[109.732026,27.132636],[109.744721,27.139024],[109.752371,27.146999],[109.752615,27.158718],[109.749034,27.172675],[109.747,27.187445],[109.752371,27.201606],[109.763113,27.209662],[109.773855,27.208686],[109.800792,27.194159],[109.844249,27.179511],[109.855968,27.173651],[109.867686,27.164333],[109.874441,27.157579],[109.881847,27.152208],[109.896414,27.146999],[109.931895,27.139472],[109.944753,27.132676],[109.951589,27.139512],[109.966319,27.12995],[109.985281,27.124335],[110.00294,27.12641],[110.013682,27.139512],[109.995535,27.145575],[110.010265,27.166205],[110.054617,27.207831],[110.057872,27.214708],[110.060069,27.222357],[110.061453,27.238837],[110.064708,27.247504],[110.079275,27.257636],[110.087494,27.283759],[110.100515,27.293891],[110.117686,27.298163],[110.135916,27.297797],[110.125662,27.328233],[110.124522,27.344672],[110.132823,27.351833],[110.177419,27.365505],[110.19337,27.382188],[110.232839,27.454861],[110.277924,27.520575],[110.287364,27.544216],[110.292247,27.568915],[110.290538,27.579047],[110.283946,27.588568],[110.276134,27.597276],[110.269949,27.608018],[110.267996,27.620185],[110.273041,27.632921],[110.283702,27.627265],[110.293956,27.625841],[110.30421,27.627997],[110.314708,27.632921],[110.329275,27.643337],[110.33017,27.649604],[110.325043,27.656928],[110.321544,27.670518],[110.324636,27.676866],[110.332042,27.68004],[110.352306,27.681423],[110.358328,27.685167],[110.371755,27.70539],[110.37672,27.714911],[110.369721,27.722032],[110.367198,27.728827],[110.365896,27.735622],[110.363048,27.742784],[110.358979,27.748358],[110.34547,27.759874],[110.336843,27.772406],[110.341401,27.778022],[110.350678,27.783149],[110.359874,27.8074],[110.378835,27.836208],[110.382904,27.845893],[110.37851,27.866156],[110.368337,27.867499],[110.355479,27.863105],[110.342052,27.866319],[110.324718,27.911811],[110.321544,27.910427],[110.314057,27.902167],[110.296967,27.901719],[110.244395,27.908311],[110.238455,27.913357],[110.240489,27.922065],[110.250255,27.943468],[110.257904,27.95307],[110.268158,27.958604],[110.280528,27.955146],[110.282237,27.958075],[110.281993,27.959662],[110.282725,27.960517],[110.287364,27.96129],[110.287364,27.968777],[110.261485,27.972113],[110.180431,28.001247],[110.153901,28.013983],[110.146495,28.016547],[110.139171,28.021796],[110.137218,28.033962],[110.137543,28.047797],[110.135916,28.058173],[110.107188,28.085639],[110.102468,28.096015],[110.107432,28.105292],[110.119151,28.102891],[110.132742,28.097846],[110.143321,28.099148],[110.149343,28.11225],[110.143972,28.123603],[110.137218,28.133857],[110.139659,28.143826],[110.150076,28.148627],[110.160655,28.150214],[110.16505,28.154486],[110.156993,28.167344],[110.171153,28.172471],[110.176524,28.177924],[110.179128,28.185085],[110.184255,28.195339],[110.202159,28.219509],[110.204845,28.225775],[110.199474,28.234483],[110.175955,28.239285],[110.170665,28.246527],[110.169932,28.259589],[110.16448,28.29088],[110.199229,28.279893],[110.215017,28.278388],[110.232839,28.284044],[110.245209,28.293647],[110.287364,28.339301],[110.310639,28.383002],[110.321544,28.393337],[110.338471,28.40115],[110.357595,28.407172],[110.375662,28.415147],[110.38974,28.428738],[110.363048,28.437527],[110.371104,28.452012],[110.403412,28.472113],[110.403412,28.513739],[110.408946,28.518378],[110.435802,28.521552],[110.445079,28.523627],[110.454031,28.539822],[110.451915,28.577704],[110.462169,28.585069],[110.480479,28.585639],[110.500011,28.589545],[110.515147,28.600043],[110.520763,28.620469],[110.517345,28.629014],[110.509939,28.638129],[110.50294,28.645087],[110.499604,28.647162],[110.506358,28.659369],[110.517345,28.660468],[110.544444,28.653998],[110.566173,28.656114],[110.607188,28.665554],[110.667247,28.669298],[110.688731,28.676337],[110.698253,28.69184],[110.760265,28.722927],[110.765391,28.72956],[110.768158,28.735785],[110.771902,28.742255],[110.780284,28.749579],[110.791026,28.754584],[110.815847,28.761583],[110.840261,28.774726],[110.938487,28.798041],[110.972179,28.810126],[110.983165,28.811632],[111.003429,28.804389],[111.008311,28.790595],[111.013276,28.78205],[111.034679,28.790595],[111.062022,28.811632],[111.081391,28.82099],[111.086843,28.827745],[111.088634,28.842719],[111.091889,28.848904],[111.100027,28.856716],[111.110281,28.863389],[111.120372,28.866278],[111.12794,28.862616],[111.136729,28.842393],[111.143972,28.832139],[111.163829,28.823513],[111.186453,28.820624],[111.205089,28.813992],[111.212901,28.794257],[111.214773,28.770941],[111.221934,28.758409],[111.23642,28.752631],[111.295665,28.746161],[111.321544,28.746772],[111.339122,28.752997],[111.360037,28.7685],[111.363048,28.77379],[111.368175,28.786566],[111.380382,28.78913],[111.394216,28.788275],[111.404552,28.790595],[111.411143,28.800116],[111.417247,28.821479],[111.425141,28.832139],[111.433442,28.836005],[111.453868,28.838324],[111.462576,28.842719],[111.468028,28.850531],[111.472341,28.86225],[111.473643,28.874335],[111.469493,28.883653],[111.467296,28.893826],[111.475352,28.905097],[111.493337,28.921495],[111.514659,28.996161],[111.531668,29.034125],[111.561615,29.051296],[111.585948,29.046169],[111.593272,29.031033],[111.589692,28.98668],[111.591075,28.977403],[111.595632,28.972195],[111.603038,28.969835],[111.613455,28.969306],[111.626557,28.971137],[111.631358,28.976426],[111.63323,28.985053],[111.652273,29.028388],[111.665294,29.039415],[111.685802,29.037624],[111.696788,29.026679],[111.698985,28.995876],[111.705658,28.982978],[111.718354,28.976833],[111.775076,28.969306],[111.795421,28.970486],[111.811046,28.977566],[111.814952,28.990668],[111.80128,29.00963],[111.811697,29.017117],[111.82252,29.020535],[111.834727,29.020372],[111.84962,29.017117],[111.863455,29.009548],[111.888764,28.987576],[111.90089,28.982978],[111.958425,29.001329],[111.986746,29.003689],[111.992931,28.98489]]]}},{"type":"Feature","properties":{"dissolve":"270Lake Centerline","scalerank":6,"featurecla":"Lake Centerline","name":"Han","name_alt":null,"rivernum":270,"note":null,"min_zoom":5,"name_en":"Han","min_label":6},"bbox":[111.000011,32.567816,111.477631,32.740668],"geometry":{"type":"MultiLineString","coordinates":[[[111.477631,32.567816],[111.465017,32.577948],[111.447846,32.581122],[111.433035,32.578803],[111.41448,32.573676],[111.389659,32.572374],[111.364757,32.574897],[111.344493,32.582546],[111.32252,32.598456],[111.269135,32.620795],[111.247976,32.635118],[111.229421,32.649359],[111.204275,32.660997],[111.158376,32.679023],[111.138764,32.689073],[111.115164,32.695014],[111.094168,32.695339],[111.045828,32.703966],[111.028575,32.715359],[111.020925,32.723904],[111.000011,32.740668]]]}},{"type":"Feature","properties":{"dissolve":"270River","scalerank":6,"featurecla":"River","name":"Han","name_alt":null,"rivernum":270,"note":null,"min_zoom":5,"name_en":"Han","min_label":6},"bbox":[106.398448,30.395046,114.289561,33.245876],"geometry":{"type":"MultiLineString","coordinates":[[[106.398448,33.067694],[106.421153,33.072292],[106.434174,33.08336],[106.444021,33.096788],[106.456554,33.10871],[106.473399,33.115261],[106.665619,33.143988],[106.67628,33.142198],[106.682872,33.137274],[106.686127,33.130642],[106.69044,33.124823],[106.70045,33.122341],[106.805756,33.124376],[106.841319,33.133816],[106.864268,33.136013],[106.883556,33.131415],[106.899913,33.120307],[106.929454,33.095038],[106.980398,33.064154],[106.99464,33.05036],[107.015636,33.038398],[107.038259,33.037706],[107.058849,33.033881],[107.073416,33.012478],[107.086925,33.01911],[107.102468,33.038357],[107.11435,33.046658],[107.126557,33.04739],[107.142589,33.045966],[107.156261,33.047471],[107.16212,33.057196],[107.169688,33.076239],[107.188243,33.088935],[107.212576,33.096747],[107.261729,33.103298],[107.323253,33.101264],[107.332123,33.106635],[107.34669,33.130561],[107.357595,33.136013],[107.368582,33.134345],[107.389903,33.128526],[107.402436,33.129177],[107.420828,33.136827],[107.490245,33.187445],[107.513601,33.200873],[107.522553,33.208035],[107.534923,33.215359],[107.541921,33.208523],[107.54713,33.190619],[107.567312,33.187812],[107.623546,33.187038],[107.635265,33.180365],[107.644949,33.170722],[107.667572,33.170233],[107.711436,33.176947],[107.735362,33.177436],[107.751394,33.174018],[107.764415,33.166775],[107.779226,33.155829],[107.787364,33.168769],[107.796967,33.174831],[107.820811,33.183783],[107.832937,33.191596],[107.838308,33.197781],[107.857595,33.237616],[107.863699,33.242947],[107.875418,33.245876],[107.888682,33.243598],[107.897878,33.236029],[107.905203,33.227891],[107.912608,33.224148],[107.938975,33.219306],[107.955658,33.206407],[107.959565,33.188056],[107.942149,33.158962],[107.937266,33.146267],[107.937266,33.134385],[107.947032,33.129177],[107.955089,33.123114],[107.957612,33.108995],[107.956716,33.080756],[107.977957,33.086615],[107.995046,33.07685],[108.026134,33.046658],[108.047781,33.037055],[108.064708,33.035346],[108.081147,33.039333],[108.101329,33.046658],[108.141368,33.037665],[108.219656,33.032335],[108.258881,33.019314],[108.274994,33.005683],[108.279063,32.989325],[108.274832,32.970771],[108.265717,32.950385],[108.260346,32.942206],[108.253673,32.934434],[108.248057,32.926215],[108.245372,32.916287],[108.247325,32.905951],[108.257091,32.892279],[108.258881,32.882148],[108.252208,32.867011],[108.241466,32.852729],[108.237722,32.839423],[108.252208,32.827501],[108.259858,32.828966],[108.266124,32.836005],[108.273692,32.840522],[108.286225,32.834337],[108.29184,32.824897],[108.289806,32.816107],[108.286225,32.807685],[108.286225,32.799628],[108.312511,32.769843],[108.35255,32.749783],[108.437755,32.724473],[108.437755,32.717637],[108.428722,32.713975],[108.407237,32.709052],[108.396088,32.703966],[108.413829,32.673936],[108.416596,32.662421],[108.431895,32.669745],[108.439464,32.666449],[108.44394,32.657782],[108.450206,32.648749],[108.47169,32.633409],[108.468435,32.628974],[108.454112,32.618354],[108.448171,32.599433],[108.469737,32.582831],[108.498057,32.566921],[108.512218,32.54975],[108.52296,32.528835],[108.54835,32.518419],[108.578054,32.512641],[108.601573,32.505398],[108.615652,32.488349],[108.622081,32.48489],[108.633311,32.485867],[108.639171,32.490424],[108.644216,32.495551],[108.681733,32.504991],[108.692882,32.504177],[108.697195,32.491767],[108.758067,32.537421],[108.774018,32.566352],[108.759858,32.601589],[108.759858,32.607774],[108.770925,32.609198],[108.777843,32.61461],[108.780691,32.623562],[108.779796,32.635118],[108.78712,32.630723],[108.792898,32.62462],[108.797293,32.61697],[108.800222,32.607774],[108.812511,32.620795],[108.81894,32.618191],[108.822846,32.608751],[108.827566,32.601589],[108.842703,32.58865],[108.851573,32.586534],[108.855479,32.598171],[108.85491,32.607123],[108.855968,32.609565],[108.879405,32.607774],[108.890391,32.61168],[108.894216,32.621039],[108.896658,32.632514],[108.903331,32.642524],[108.921316,32.649034],[108.996104,32.656195],[109.00351,32.664008],[109.022472,32.700303],[109.03297,32.711453],[109.042979,32.713975],[109.064545,32.715196],[109.074474,32.717637],[109.086436,32.724473],[109.093191,32.73196],[109.097992,32.739936],[109.1338,32.783962],[109.148529,32.787869],[109.255056,32.752387],[109.298432,32.74787],[109.334565,32.758612],[109.343191,32.766872],[109.345225,32.773953],[109.346609,32.781114],[109.352061,32.789984],[109.358897,32.795966],[109.374115,32.805732],[109.383067,32.813259],[109.386974,32.822699],[109.386241,32.831732],[109.389089,32.838487],[109.403412,32.841173],[109.411794,32.844591],[109.408295,32.852607],[109.402436,32.861762],[109.403412,32.868476],[109.412852,32.867743],[109.438975,32.860419],[109.448822,32.868679],[109.514252,32.883816],[109.52589,32.892198],[109.533946,32.909451],[109.547944,32.899237],[109.55657,32.888739],[109.565684,32.88349],[109.581635,32.888943],[109.585948,32.894558],[109.589366,32.902777],[109.593842,32.910915],[109.602061,32.916287],[109.612397,32.916368],[109.618744,32.911689],[109.624522,32.906033],[109.632823,32.903266],[109.650483,32.904731],[109.66741,32.909044],[109.682384,32.916368],[109.694591,32.92654],[109.706391,32.939032],[109.718191,32.94835],[109.729503,32.949327],[109.739268,32.936794]],[[109.739268,32.929958],[109.758474,32.914984],[109.782807,32.90115],[109.8095,32.893134],[109.83546,32.895819],[109.868175,32.912909],[109.883311,32.916287],[109.898855,32.914374],[109.925141,32.900662],[109.937918,32.895819],[109.992605,32.888943],[110.003347,32.88406],[110.040294,32.86164],[110.081716,32.848171],[110.095632,32.841173],[110.103445,32.834174],[110.114838,32.818793],[110.123546,32.813259],[110.215424,32.813259],[110.237885,32.807563],[110.257091,32.796658],[110.274099,32.789862],[110.290457,32.796454],[110.299815,32.801866],[110.309988,32.804633],[110.318126,32.808458],[110.325694,32.827745],[110.33546,32.834337],[110.397634,32.858018],[110.411794,32.856065],[110.403412,32.834337],[110.418468,32.829942],[110.431733,32.832872],[110.44573,32.838324],[110.462169,32.841173],[110.477143,32.836941],[110.497162,32.817979],[110.507091,32.813259],[110.566824,32.829128],[110.591726,32.829657],[110.588959,32.807074],[110.612641,32.819363],[110.616954,32.820665],[110.625011,32.81448],[110.63087,32.798692],[110.636729,32.793402],[110.651378,32.791856],[110.705089,32.799628],[110.705089,32.807074],[110.695974,32.808214],[110.692882,32.810248],[110.690684,32.814073],[110.685313,32.820665],[110.718761,32.837999],[110.746104,32.86164],[110.796397,32.831855],[110.811534,32.827501],[110.814708,32.825019],[110.817963,32.819648],[110.824229,32.814643],[110.83546,32.813259],[110.845714,32.817247],[110.857432,32.831326],[110.866466,32.834337],[110.875255,32.832587],[110.882416,32.828233],[110.893565,32.816962],[110.902273,32.810858],[110.910248,32.811103],[110.9192,32.813341],[110.931082,32.813259],[110.938243,32.810167],[110.952159,32.801378],[110.962413,32.799628],[110.982595,32.806912],[110.993175,32.807074],[110.983653,32.798936],[110.968435,32.790717],[110.9581,32.781195],[110.962413,32.769151],[110.983165,32.752509],[110.992198,32.748236],[111.000011,32.740668]],[[111.477631,32.567816],[111.48406,32.55447],[111.492198,32.530137],[111.547944,32.48489],[111.615245,32.454454],[111.643891,32.434149],[111.665294,32.402371],[111.640717,32.367947],[111.633067,32.349311],[111.637299,32.327257],[111.646414,32.318712],[111.672862,32.303412],[111.699474,32.265163],[111.693614,32.224189],[111.72698,32.19123],[111.771983,32.162869],[111.80128,32.135443],[111.814708,32.092882],[111.827159,32.078721],[111.853038,32.07335],[111.876231,32.075995],[111.931651,32.093858],[111.953054,32.094916],[111.975597,32.091254],[111.993256,32.082831],[112.008067,32.054511],[112.026541,32.046413],[112.157807,32.034206],[112.192882,32.021999],[112.192882,31.991482],[112.185964,31.98489],[112.177745,31.981228],[112.170095,31.975857],[112.164968,31.964179],[112.16448,31.951524],[112.167735,31.93948],[112.173839,31.928534],[112.182058,31.91946],[112.217459,31.895087],[112.220225,31.883612],[112.182546,31.822374],[112.177257,31.797309],[112.195893,31.785997],[112.215912,31.779853],[112.250662,31.749457],[112.268077,31.737616],[112.336681,31.724392],[112.353608,31.713975],[112.369884,31.69245],[112.380951,31.672675],[112.406749,31.606716],[112.41684,31.592597],[112.442393,31.569688],[112.452403,31.550238],[112.450043,31.528103],[112.442556,31.505398],[112.438569,31.484402],[112.440847,31.474677],[112.450206,31.45307],[112.452403,31.443386],[112.449229,31.433539],[112.435069,31.41238],[112.431895,31.405544],[112.425385,31.386013],[112.412364,31.372992],[112.402273,31.358262],[112.404552,31.333523],[112.414806,31.318915],[112.446707,31.302191],[112.462901,31.288845],[112.487804,31.254706],[112.500499,31.24197],[112.5206,31.230496],[112.545421,31.223497],[112.560476,31.221991],[112.567556,31.215399],[112.569753,31.192939],[112.566417,31.182644],[112.551768,31.161933],[112.548432,31.151679],[112.552826,31.139472],[112.574636,31.118354],[112.582774,31.10696],[112.584239,31.086127],[112.567393,31.086249],[112.54184,31.095079],[112.517507,31.100775],[112.506765,31.089179],[112.508067,31.063015],[112.5206,31.018826],[112.533702,30.990749],[112.561697,30.953437],[112.567149,30.94123],[112.572195,30.888699],[112.577729,30.877021],[112.589366,30.869208],[112.664561,30.842882],[112.678966,30.833279],[112.668224,30.830268],[112.637136,30.82571],[112.630463,30.82331],[112.635509,30.807929],[112.644786,30.795518],[112.649669,30.78323],[112.641612,30.768093],[112.625987,30.747626],[112.596283,30.676215],[112.624441,30.657904],[112.703298,30.661566],[112.719819,30.651964],[112.714122,30.640489],[112.687511,30.63113],[112.678966,30.620958],[112.67921,30.605333],[112.690929,30.57099],[112.692556,30.552069],[112.728526,30.574042],[112.748139,30.583116],[112.771414,30.586859],[112.783621,30.576728],[112.81601,30.51793],[112.8296,30.509345],[112.852631,30.499294],[112.874766,30.496039],[112.884288,30.508002],[112.881602,30.555732],[112.89088,30.570746],[112.918468,30.573188],[112.933442,30.563829],[112.951427,30.531277],[112.9699,30.524115],[113.004405,30.525458],[113.023041,30.52379],[113.042003,30.51793],[113.046641,30.517605],[113.059174,30.518988],[113.06308,30.51793],[113.066417,30.51085],[113.065522,30.505235],[113.063487,30.5008],[113.06308,30.497423],[113.063487,30.488959],[113.060313,30.482489],[113.062511,30.47838],[113.0796,30.476996],[113.099213,30.483425],[113.107432,30.483181],[113.11085,30.473253],[113.11142,30.461859],[113.113373,30.45307],[113.117279,30.446723],[113.124034,30.442206],[113.137299,30.439561],[113.146658,30.443549],[113.15504,30.448757],[113.165538,30.449652],[113.175304,30.444525],[113.186615,30.43122],[113.196218,30.428534],[113.289073,30.428534],[113.427338,30.395209],[113.466563,30.395046],[113.48585,30.398993],[113.491466,30.401679],[113.500662,30.408067],[113.5088,30.415839],[113.518158,30.431667],[113.532481,30.447821],[113.540294,30.465033],[113.545665,30.473253],[113.555919,30.481716],[113.590017,30.497423],[113.607432,30.511908],[113.622976,30.531684],[113.634288,30.554023],[113.638438,30.576239],[113.646983,30.586249],[113.73878,30.626899],[113.74822,30.627794],[113.760916,30.622992],[113.782481,30.604763],[113.789236,30.60045],[113.79892,30.604804],[113.807628,30.614325],[113.817475,30.622097],[113.830333,30.620958],[113.83839,30.610907],[113.834483,30.599962],[113.825125,30.591091],[113.816742,30.586859],[113.823416,30.575954],[113.830333,30.575141],[113.837332,30.580186],[113.844005,30.586859],[113.850597,30.595404],[113.852143,30.603217],[113.850678,30.61754],[113.838796,30.64411],[113.840587,30.648261],[113.843354,30.649482],[113.845225,30.651964],[113.848237,30.654568],[113.854503,30.655707],[113.862234,30.653876],[113.863292,30.649522],[113.862315,30.644721],[113.86435,30.641466],[113.878184,30.634304],[113.884858,30.633124],[113.911794,30.633653],[113.920421,30.632839],[113.925141,30.63703],[113.926524,30.651964],[113.930919,30.672675],[113.941498,30.6789],[113.955089,30.67414],[113.968028,30.661933],[113.983897,30.633979],[113.995697,30.624579],[114.018565,30.620958],[114.027436,30.616645],[114.028412,30.607001],[114.027843,30.597357],[114.031993,30.593044],[114.043468,30.594184],[114.069835,30.60045],[114.170665,30.598212],[114.289561,30.566352]]]}},{"type":"Feature","properties":{"dissolve":"278Lake Centerline","scalerank":6,"featurecla":"Lake Centerline","name":"Gan","name_alt":null,"rivernum":278,"note":null,"min_zoom":5,"name_en":"Gan","min_label":6},"bbox":[115.981375,29.279161,116.19752,29.75141],"geometry":{"type":"MultiLineString","coordinates":[[[115.981944,29.279161],[115.981375,29.290229],[116.000011,29.302598],[116.041515,29.312445],[116.05185,29.332546],[116.051199,29.365424],[116.040945,29.403103],[116.045828,29.423651],[116.07073,29.44538],[116.091401,29.468858],[116.114675,29.492458],[116.127371,29.51793],[116.127045,29.545762],[116.134532,29.58043],[116.149099,29.616319],[116.161794,29.651435],[116.156993,29.680691],[116.160655,29.703192],[116.177257,29.719835],[116.192393,29.735867],[116.19752,29.75141]]]}},{"type":"Feature","properties":{"dissolve":"278River","scalerank":6,"featurecla":"River","name":"Gan","name_alt":null,"rivernum":278,"note":null,"min_zoom":5,"name_en":"Gan","min_label":6},"bbox":[114.412527,24.700222,116.029877,29.279161],"geometry":{"type":"MultiLineString","coordinates":[[[114.412527,24.707058],[114.43214,24.710639],[114.448822,24.707709],[114.465424,24.702826],[114.484874,24.700222],[114.501964,24.708767],[114.521983,24.746365],[114.539643,24.754828],[114.559825,24.758246],[114.575287,24.766872],[114.587494,24.778144],[114.602794,24.796576],[114.61378,24.815538],[114.619151,24.824164],[114.625662,24.830878],[114.635265,24.835232],[114.648936,24.836778],[114.665538,24.845242],[114.685476,24.862128],[114.70696,24.875067],[114.727794,24.871527],[114.734386,24.89171],[114.739513,24.902899],[114.748953,24.912543],[114.768891,24.904079],[114.771088,24.921942],[114.766368,24.948025],[114.765391,24.963975],[114.776296,24.980496],[114.782481,24.999091],[114.784597,25.018134],[114.779307,25.055528],[114.776134,25.060574],[114.768891,25.069525],[114.760265,25.076239],[114.751231,25.080593],[114.744314,25.087104],[114.741466,25.100531],[114.751964,25.103949],[114.817149,25.138454],[114.828298,25.141547],[114.857514,25.14529],[114.86142,25.148464],[114.87379,25.154731],[114.886811,25.157091],[114.894949,25.145575],[114.899425,25.144558],[114.903901,25.145575],[114.905854,25.148708],[114.904796,25.154608],[114.902436,25.157904],[114.900076,25.15998],[114.899018,25.162624],[114.897634,25.190619],[114.899018,25.193671],[114.892507,25.201768],[114.87794,25.211982],[114.871755,25.220323],[114.869151,25.2296],[114.865001,25.265692],[114.868744,25.273017],[114.896007,25.29267],[114.898529,25.30447],[114.891043,25.316474],[114.881602,25.327826],[114.878673,25.337673],[114.885671,25.34394],[114.911632,25.353827],[114.919688,25.358181],[114.922293,25.367743],[114.921886,25.378974],[114.924734,25.388373],[114.937022,25.392279],[114.955658,25.401557],[114.964366,25.422634],[114.96339,25.445828],[114.953705,25.461208],[114.969005,25.47545],[114.990489,25.488837],[115.003917,25.505439],[114.995209,25.529486],[115.007335,25.551866],[115.008474,25.57099],[115.002615,25.621934],[115.009288,25.642686],[115.024669,25.657782],[115.042735,25.671332],[115.057384,25.68712],[115.073253,25.686632],[115.083914,25.706488],[115.089773,25.732978],[115.091563,25.752265],[115.089692,25.761786],[115.086355,25.768378],[115.086681,25.775336],[115.103119,25.798407],[115.10255,25.807725],[115.098888,25.81745],[115.098399,25.830512],[115.110932,25.850857],[115.111908,25.858425],[115.106619,25.865831],[115.088634,25.881863],[115.084727,25.888861],[115.079845,25.892198],[115.033783,25.893907],[115.027761,25.895616],[115.023448,25.893907],[115.015717,25.885118],[115.011241,25.875515],[115.010346,25.866645],[115.007091,25.85871],[114.995209,25.85163],[114.983653,25.850857],[114.967784,25.853217],[114.953543,25.857367],[114.94752,25.862128],[114.944347,25.867296],[114.937266,25.874538],[114.930186,25.88406],[114.927013,25.896023],[114.930431,25.906358],[114.937266,25.91706],[114.942393,25.928331],[114.940684,25.940375],[114.932628,25.945258],[114.908132,25.947292],[114.899018,25.954047],[114.897472,25.966254],[114.902436,25.977729],[114.909272,25.988471],[114.917898,26.020616],[114.929779,26.034125],[114.943451,26.044379],[114.953705,26.057074],[114.959483,26.077501],[114.95753,26.091335],[114.949636,26.099962],[114.937999,26.105414],[114.909679,26.113959],[114.898529,26.120795],[114.892833,26.132148],[114.895274,26.140489],[114.918224,26.19599],[114.924571,26.207343],[114.935069,26.213894],[114.953705,26.214708],[114.919688,26.27615],[114.923839,26.305609],[114.901378,26.340644],[114.792491,26.439887],[114.786143,26.447455],[114.771251,26.45246],[114.703624,26.502143],[114.684255,26.520331],[114.671967,26.540635],[114.67628,26.560411],[114.80364,26.675564],[114.809825,26.691107],[114.81129,26.710883],[114.816417,26.736599],[114.825206,26.760932],[114.837576,26.776435],[114.854747,26.782091],[114.92335,26.790066],[114.940847,26.794216],[114.989675,26.815456],[115.002615,26.824815],[115.009939,26.862494],[114.972179,26.920681],[114.981619,26.955146],[114.995128,26.964952],[115.013601,26.975043],[115.029877,26.987901],[115.036794,27.006415],[115.03004,27.028428],[115.014171,27.040798],[114.995616,27.05036],[114.981619,27.063788],[114.974701,27.108507],[114.998139,27.142198],[115.089936,27.200507],[115.102631,27.212429],[115.109874,27.228298],[115.111908,27.252794],[115.110932,27.274482],[115.111827,27.285753],[115.115326,27.294053],[115.115245,27.302029],[115.098399,27.338731],[115.095307,27.367011],[115.091563,27.379706],[115.073416,27.412136],[115.067963,27.433173],[115.063569,27.443386],[115.063487,27.451483],[115.074148,27.454861],[115.086436,27.455146],[115.095714,27.456814],[115.10377,27.460883],[115.111908,27.468533],[115.121104,27.487657],[115.135509,27.534857],[115.149506,27.544216],[115.166515,27.550849],[115.180675,27.566474],[115.214936,27.626044],[115.220632,27.632921],[115.229015,27.637274],[115.249278,27.643581],[115.276134,27.662462],[115.314382,27.680772],[115.330496,27.695095],[115.331554,27.699286],[115.329682,27.710476],[115.330496,27.714911],[115.333018,27.71662],[115.342214,27.720567],[115.344737,27.722357],[115.368337,27.753852],[115.372081,27.759874],[115.375418,27.780788],[115.383881,27.804389],[115.425304,27.874945],[115.431733,27.893012],[115.436127,27.959011],[115.440115,27.977403],[115.447765,27.996039],[115.483165,28.056016],[115.492198,28.065009],[115.51588,28.069159],[115.532725,28.080186],[115.557058,28.11282],[115.583018,28.13699],[115.622081,28.159206],[115.666515,28.176947],[115.707937,28.187852],[115.757742,28.189887],[115.772634,28.198432],[115.783376,28.21369],[115.789236,28.228135],[115.798757,28.238878],[115.820811,28.243109],[115.833018,28.247504],[115.846609,28.258246],[115.858409,28.271755],[115.865489,28.284044],[115.868175,28.300482],[115.864838,28.3133],[115.851736,28.339301],[115.841726,28.392524],[115.834483,28.400743],[115.824474,28.40587],[115.819591,28.418728],[115.8178,28.451687],[115.820323,28.468695],[115.825287,28.481391],[115.828054,28.493923],[115.823985,28.510606],[115.796641,28.565253],[115.803233,28.581],[115.807384,28.606147],[115.815929,28.629462],[115.834483,28.639716],[115.885916,28.71544],[115.901134,28.751247],[115.911143,28.769151],[115.938569,28.787543],[115.981537,28.853298],[115.98642,28.879014],[115.989024,28.886786],[116.001475,28.902045],[116.007091,28.911648],[116.01295,28.938015],[116.027354,28.974189],[116.029877,28.996649],[116.023204,29.037624],[116.018565,29.046454],[116.004893,29.066352],[116.002045,29.075466],[116.001069,29.085964],[115.996755,29.106391],[115.997162,29.180243],[115.995942,29.188422],[116.002208,29.208523],[115.998953,29.230007],[115.981944,29.279161]]]}},{"type":"Feature","properties":{"dissolve":"30River","scalerank":2,"featurecla":"River","name":"Ertix","name_alt":"Irtysh","rivernum":30,"note":null,"min_zoom":2.1,"name_en":"Irtysh","min_label":3.1},"bbox":[85.2671,46.982693,90.325287,48.027452],"geometry":{"type":"MultiLineString","coordinates":[[[90.325287,47.650173],[90.322032,47.638495],[90.314464,47.63406],[90.305675,47.630723],[90.298106,47.62226],[90.296153,47.612616],[90.298106,47.577908],[90.296804,47.558661],[90.27825,47.455878],[90.27003,47.437812],[90.253429,47.430487],[90.236339,47.428087],[90.223643,47.422309],[90.20045,47.408026],[90.195079,47.405829],[90.188975,47.40412],[90.174571,47.402533],[90.127859,47.404975],[90.10963,47.398953],[90.047455,47.332099],[90.031261,47.320624],[89.992442,47.305487],[89.982839,47.300116],[89.977631,47.292792],[89.96575,47.265977],[89.960867,47.262722],[89.94573,47.24726],[89.942393,47.242051],[89.937918,47.23253],[89.926768,47.226101],[89.90089,47.218207],[89.772716,47.194892],[89.708751,47.173651],[89.694835,47.142442],[89.664806,47.125922],[89.65325,47.122016],[89.635671,47.120307],[89.62794,47.121405],[89.626231,47.116889],[89.626475,47.09809],[89.615896,47.07453],[89.592214,47.066352],[89.566824,47.061225],[89.551362,47.04682],[89.574718,47.043524],[89.574474,47.026394],[89.560802,47.005723],[89.543956,46.992255],[89.517019,46.984239],[89.491791,46.982693],[89.146658,47.012763],[89.112071,47.026394],[89.086843,47.044135],[89.081554,47.04682],[89.056244,47.045437],[89.042898,47.04621],[89.033376,47.05032],[89.018972,47.065212],[89.009532,47.07156],[88.976573,47.078681],[88.948253,47.090155],[88.922374,47.105577],[88.907237,47.122016],[88.845876,47.146186],[88.821544,47.149237],[88.804617,47.153673],[88.731212,47.191596],[88.689464,47.207709],[88.15976,47.286444],[88.151296,47.291327],[88.144054,47.298163],[88.135346,47.304267],[88.122325,47.306952],[87.991466,47.309027],[87.967459,47.315456],[87.946218,47.325507],[87.930186,47.338324],[87.908214,47.351752],[87.883067,47.353705],[87.856944,47.352118],[87.83074,47.355333],[87.742117,47.409532],[87.634369,47.44127],[87.414806,47.465766],[87.362804,47.489854],[87.354503,47.491889],[87.350108,47.497138],[87.333425,47.54206],[87.316417,47.57449],[87.303396,47.584418],[87.294444,47.585761],[87.285492,47.583116],[87.272227,47.581244],[87.231537,47.581244],[87.195079,47.588813],[87.180919,47.58808],[87.171397,47.583604],[87.161876,47.571234],[87.152436,47.567654],[87.145763,47.569403],[87.126964,47.579047],[87.115245,47.581244],[87.091319,47.583075],[87.044688,47.594428],[86.995372,47.612982],[86.977143,47.624945],[86.943614,47.660102],[86.935639,47.666938],[86.924408,47.673774],[86.912364,47.677273],[86.902354,47.674099],[86.897227,47.677314],[86.842377,47.698513],[86.810151,47.715155],[86.796153,47.724677],[86.765554,47.755968],[86.757904,47.761542],[86.741791,47.768419],[86.73406,47.773057],[86.723562,47.784613],[86.704845,47.811306],[86.693777,47.820868],[86.675385,47.82921],[86.654552,47.835883],[86.632498,47.840399],[86.611827,47.841986],[86.590912,47.846259],[86.554861,47.865058],[86.532481,47.869249],[86.523529,47.872504],[86.504324,47.886583],[86.495128,47.889757],[86.48463,47.886542],[86.466401,47.872504],[86.457286,47.869249],[86.418468,47.868109],[86.399506,47.861151],[86.391531,47.845079],[86.382498,47.83572],[86.362641,47.841132],[86.341563,47.854682],[86.330089,47.869249],[86.310802,47.863145],[86.286388,47.864814],[86.270274,47.863349],[86.275401,47.848212],[86.248464,47.841132],[86.217377,47.847235],[86.12558,47.881944],[86.111501,47.889757],[86.087006,47.910468],[86.074229,47.918891],[86.056244,47.923896],[86.023367,47.926459],[86.009532,47.929755],[85.994233,47.938178],[85.967459,47.958686],[85.953868,47.964911],[85.924897,47.966376],[85.90089,47.95836],[85.882498,47.957139],[85.871349,47.979112],[85.848399,47.965603],[85.829275,47.967108],[85.809825,47.974677],[85.765229,47.981879],[85.754649,47.981147],[85.72991,47.966254],[85.720876,47.968817],[85.706147,47.985378],[85.683035,48.002143],[85.67213,48.005886],[85.655691,48.006903],[85.644135,48.00434],[85.6338,48.0008],[85.596609,47.994696],[85.575125,47.986843],[85.554861,47.983344],[85.535655,47.992214],[85.532156,47.999579],[85.52825,48.019599],[85.521983,48.026313],[85.509369,48.027452],[85.498546,48.022406],[85.489838,48.015896],[85.483979,48.012641],[85.457612,48.011013],[85.438243,48.006374],[85.398367,47.992214],[85.37794,47.979112],[85.371755,47.981513],[85.362315,47.989854],[85.34726,47.996202],[85.343842,48.000678],[85.339447,48.000027],[85.326427,47.988715],[85.311697,47.988308],[85.2671,47.994412]]]}},{"type":"Feature","properties":{"dissolve":"31River","scalerank":2,"featurecla":"River","name":"Maquan","name_alt":"Damqogkanbab","rivernum":31,"note":null,"min_zoom":2.1,"name_en":"Damqogkanbab","min_label":3.1},"bbox":[82.400483,29.117865,87.660167,30.424384],"geometry":{"type":"MultiLineString","coordinates":[[[82.400483,30.411444],[82.417979,30.420762],[82.439057,30.424384],[82.458995,30.42414],[82.472341,30.42239],[82.517019,30.408759],[82.539236,30.398017],[82.557709,30.384141],[82.568614,30.368272],[82.575694,30.362576],[82.589122,30.360297],[82.641368,30.37873],[82.646007,30.381619],[82.651296,30.382514],[82.664154,30.380723],[82.6692,30.378201],[82.674815,30.373806],[82.682872,30.369574],[82.722667,30.365058],[82.75294,30.359442],[82.769216,30.358507],[82.78769,30.360297],[82.834972,30.371405],[82.859304,30.372992],[82.86964,30.36404],[82.893321,30.332343],[82.906668,30.327745],[82.91269,30.316759],[82.917491,30.291368],[82.925385,30.2685],[82.933604,30.25141],[82.945811,30.237372],[82.965343,30.223741],[82.994233,30.21247],[83.037201,30.184678],[83.044444,30.181505],[83.066173,30.180447],[83.074718,30.178575],[83.082042,30.17532],[83.087169,30.168565],[83.090424,30.159451],[83.09547,30.151435],[83.131602,30.141954],[83.149913,30.130886],[83.167735,30.124864],[83.191905,30.134345],[83.198985,30.112331],[83.218028,30.097235],[83.237885,30.086208],[83.247081,30.076361],[83.252371,30.072943],[83.263927,30.072089],[83.276541,30.07335],[83.284679,30.076361],[83.293061,30.076524],[83.305431,30.07038],[83.322765,30.058661],[83.362885,30.049506],[83.382253,30.041531],[83.390554,30.028184],[83.395763,30.004706],[83.40976,29.991523],[83.451915,29.976671],[83.500499,29.947089],[83.537364,29.938503],[83.555431,29.927517],[83.588959,29.89411],[83.60019,29.87991],[83.604503,29.877631],[83.626557,29.871446],[83.706635,29.86225],[83.726573,29.855902],[83.753917,29.842597],[83.760916,29.833319],[83.817475,29.815375],[83.980072,29.736436],[83.968842,29.731269],[83.959972,29.724189],[83.954112,29.714708],[83.952159,29.702338],[83.976329,29.657986],[83.982026,29.650417],[83.989513,29.633124],[83.996593,29.623847],[84.006765,29.615994],[84.034679,29.606147],[84.087169,29.570176],[84.106456,29.565782],[84.166433,29.578884],[84.185557,29.579454],[84.198334,29.577175],[84.205089,29.575141],[84.219737,29.565782],[84.22934,29.547878],[84.237722,29.541449],[84.250418,29.548407],[84.261322,29.548407],[84.308849,29.539903],[84.416108,29.535224],[84.461029,29.525987],[84.493337,29.510565],[84.510509,29.475898],[84.503917,29.432807],[84.48878,29.388251],[84.480398,29.349473],[84.48463,29.343329],[84.50294,29.331855],[84.507091,29.322211],[84.504812,29.314521],[84.500499,29.305772],[84.49879,29.296698],[84.503673,29.287706],[84.524425,29.27619],[84.566173,29.268419],[84.582774,29.257351],[84.59075,29.263861],[84.595876,29.272406],[84.599701,29.2803],[84.603282,29.284613],[84.617931,29.28852],[84.627208,29.28559],[84.635753,29.280544],[84.665701,29.275336],[84.7199,29.257351],[84.776296,29.224433],[84.792003,29.226264],[84.813731,29.234076],[84.837901,29.229356],[84.922455,29.190131],[84.963796,29.186103],[85.001231,29.198554],[85.035248,29.229356],[85.036143,29.233913],[85.03419,29.246039],[85.035248,29.250515],[85.040538,29.254462],[85.045665,29.255235],[85.050548,29.255398],[85.055105,29.257351],[85.071707,29.268866],[85.0831,29.275092],[85.111257,29.284735],[85.144054,29.316514],[85.164968,29.325629],[85.234874,29.319525],[85.250987,29.315009],[85.265066,29.304633],[85.307628,29.28323],[85.322683,29.277777],[85.391694,29.280626],[85.408702,29.274359],[85.423595,29.265326],[85.445323,29.257758],[85.468435,29.252509],[85.487071,29.250515],[85.531668,29.256659],[85.555431,29.256456],[85.573334,29.246772],[85.596609,29.207465],[85.609467,29.191514],[85.630626,29.182196],[85.652924,29.180609],[85.731212,29.192206],[85.763113,29.210232],[85.781993,29.216376],[85.80421,29.214952],[85.8449,29.199652],[85.946381,29.182196],[86.14739,29.178168],[86.158702,29.179389],[86.169526,29.183702],[86.192312,29.197048],[86.224376,29.206244],[86.236095,29.208075],[86.247081,29.197577],[86.259695,29.201972],[86.271495,29.209662],[86.275401,29.213446],[86.35019,29.210557],[86.387462,29.223822],[86.411062,29.218695],[86.4345,29.210232],[86.453624,29.207302],[86.467784,29.21365],[86.478119,29.222357],[86.48821,29.226833],[86.501394,29.220282],[86.509532,29.239203],[86.522227,29.234687],[86.535655,29.221218],[86.546397,29.213446],[86.567149,29.211249],[86.606944,29.201687],[86.625499,29.199815],[86.636648,29.201931],[86.656261,29.210801],[86.666515,29.213446],[86.960541,29.179389],[87.006358,29.185126],[87.027436,29.181098],[87.036388,29.162624],[87.04005,29.158555],[87.048757,29.155219],[87.058849,29.152899],[87.067393,29.152045],[87.079194,29.154242],[87.08546,29.159613],[87.090424,29.166368],[87.098562,29.172471],[87.111501,29.177069],[87.120697,29.176703],[87.155528,29.156846],[87.167247,29.152167],[87.19394,29.145209],[87.219249,29.156846],[87.244884,29.151719],[87.296397,29.130927],[87.409434,29.117865],[87.518972,29.124701],[87.546641,29.130723],[87.604015,29.150458],[87.625418,29.145209],[87.642182,29.150946],[87.660167,29.151557]]]}},{"type":"Feature","properties":{"dissolve":"349River","scalerank":6,"featurecla":"River","name":"Tarim","name_alt":null,"rivernum":349,"note":null,"min_zoom":5,"name_en":"Tarim","min_label":6},"bbox":[80.88795,40.467108,86.753429,41.83808],"geometry":{"type":"MultiLineString","coordinates":[[[80.88795,40.467108],[80.923269,40.474433],[80.938731,40.482978],[80.963878,40.503485],[80.978445,40.512274],[81.072276,40.535753],[81.250987,40.527411],[81.264171,40.529161],[81.280203,40.537055],[81.299083,40.532416],[81.318614,40.544989],[81.379161,40.615587],[81.383556,40.618435],[81.388682,40.61933],[81.399913,40.619005],[81.403819,40.621527],[81.411876,40.647081],[81.412364,40.665107],[81.416596,40.673651],[81.424897,40.679389],[81.446056,40.686143],[81.472911,40.700751],[81.547537,40.721462],[81.571218,40.724799],[81.632904,40.715277],[81.748057,40.721218],[81.766368,40.724636],[81.783702,40.734076],[81.80421,40.752143],[81.811615,40.76081],[81.823009,40.777899],[81.831391,40.786933],[81.842459,40.792792],[81.882823,40.797797],[81.939057,40.836249],[81.954519,40.835028],[81.974701,40.826687],[82.000011,40.83161],[82.06308,40.860541],[82.086355,40.864447],[82.136648,40.865424],[82.159679,40.868842],[82.197195,40.886054],[82.240245,40.899848],[82.273529,40.919867],[82.285655,40.923204],[82.297374,40.917263],[82.307628,40.913764],[82.319916,40.917751],[82.33839,40.926866],[82.356456,40.930284],[82.363536,40.9383],[82.367442,40.947618],[82.376231,40.954779],[82.396495,40.954169],[82.421641,40.948554],[82.442882,40.948554],[82.451915,40.965033],[82.465343,40.974555],[82.548106,40.989569],[82.606619,41.019232],[82.63616,41.025702],[82.655935,41.034735],[82.667572,41.036729],[82.678233,41.034206],[82.712576,41.016221],[82.730072,41.033759],[82.757416,41.023301],[82.782725,41.000067],[82.793956,40.978705],[82.802013,40.975898],[82.848643,40.975287],[82.860362,40.967108],[82.872325,40.955675],[82.886241,40.945583],[82.903412,40.941189],[82.934581,40.941189],[82.937592,40.94005],[82.941905,40.937771],[82.947683,40.935411],[82.955089,40.934353],[82.96933,40.930365],[82.978526,40.921454],[82.985606,40.911933],[82.993175,40.906358],[83.008556,40.906806],[83.024099,40.912787],[83.036143,40.921658],[83.041026,40.930609],[83.04713,40.931586],[83.060557,40.923611],[83.082042,40.906358],[83.091726,40.911078],[83.108897,40.916693],[83.11614,40.920681],[83.122813,40.92768],[83.131847,40.942735],[83.137218,40.948594],[83.153331,40.957831],[83.172862,40.963935],[83.194265,40.967353],[83.216319,40.968451],[83.237397,40.962714],[83.247081,40.961615],[83.259044,40.964464],[83.267996,40.970893],[83.274913,40.977851],[83.281261,40.982123],[83.349539,40.992703],[83.357921,40.978705],[83.376882,40.981309],[83.407237,40.995795],[83.517182,40.999335],[83.535085,40.996283],[83.55128,40.985867],[83.566661,40.982978],[83.584972,40.990749],[83.602957,40.995063],[83.617117,40.982123],[83.636729,40.989325],[83.657725,40.991156],[83.675548,40.995225],[83.685313,41.009467],[83.691417,41.009467],[83.699229,41.000067],[83.707123,41.002631],[83.716319,41.010281],[83.72698,41.016221],[83.72755,41.013699],[83.751475,41.009101],[83.760346,41.009955],[83.765636,41.013048],[83.771576,41.014268],[83.780854,41.009467],[83.776785,41.008002],[83.77296,41.000678],[83.771495,40.990831],[83.774669,40.982123],[83.776866,40.984402],[83.796886,40.982856],[83.829275,40.975369],[83.842214,40.96955],[83.849864,40.961615],[83.856537,40.961615],[83.860362,40.97781],[83.866222,40.984442],[83.925385,40.99787],[83.958995,41.009467],[83.953543,41.010565],[83.938487,41.016221],[83.9546,41.029812],[83.989513,41.039903],[84.000011,41.057237],[83.993744,41.067979],[84.016368,41.089423],[84.014171,41.105658],[84.054698,41.107367],[84.072765,41.111396],[84.088796,41.11933],[84.11321,41.141547],[84.124034,41.146593],[84.135509,41.14586],[84.139171,41.139716],[84.142833,41.136298],[84.154552,41.1435],[84.243582,41.174506],[84.262787,41.178046],[84.287364,41.186794],[84.309581,41.197699],[84.322765,41.208075],[84.335867,41.193142],[84.354747,41.191677],[84.37558,41.19241],[84.394542,41.184149],[84.412527,41.178778],[84.486501,41.195014],[84.671479,41.180732],[84.703868,41.186876],[84.713145,41.187567],[84.72462,41.184923],[84.74879,41.176337],[84.757498,41.174506],[84.893484,41.164374],[84.937755,41.155707],[84.981212,41.140815],[85.021576,41.11933],[85.095876,41.064643],[85.124034,41.050401],[85.236827,41.033637],[85.254405,41.019965],[85.261485,41.009141],[85.27825,41.006537],[85.312755,41.009467],[85.327159,41.006374],[85.352306,40.992703],[85.436615,40.982978],[85.472179,40.974311],[85.501394,40.961615],[85.514171,40.967108],[85.542979,40.971381],[85.556651,40.975287],[85.593761,41.004991],[85.607188,41.009467],[85.631114,41.013536],[85.660655,41.02379],[85.688243,41.037055],[85.706147,41.050401],[85.717459,41.039252],[85.727061,41.035956],[85.734874,41.041571],[85.740326,41.057237],[85.752371,41.055976],[85.891775,41.077704],[85.894135,41.077419],[85.930919,41.07921],[85.964122,41.08515],[86.015391,41.077704],[86.029063,41.079901],[86.04713,41.089667],[86.056244,41.091986],[86.074962,41.088243],[86.100352,41.078681],[86.122569,41.06623],[86.142019,41.043077],[86.165294,41.036729],[86.259207,41.027045],[86.28712,41.028347],[86.320323,41.036322],[86.367442,41.037462],[86.450206,41.050808],[86.48349,41.051337],[86.5088,41.042914],[86.547862,41.055976],[86.562022,41.068183],[86.556651,41.091986],[86.54184,41.102973],[86.493337,41.117296],[86.47405,41.126085],[86.439952,41.152777],[86.431082,41.15644],[86.411143,41.157782],[86.398936,41.160264],[86.377045,41.168036],[86.354584,41.179023],[86.335541,41.194403],[86.323253,41.215522],[86.343761,41.229193],[86.351085,41.221747],[86.363373,41.232489],[86.368175,41.237738],[86.371593,41.242784],[86.371349,41.257595],[86.391124,41.279812],[86.385265,41.289984],[86.370209,41.291815],[86.350352,41.287299],[86.332286,41.27912],[86.323253,41.270128],[86.316987,41.270128],[86.31837,41.289903],[86.321707,41.30154],[86.317393,41.309394],[86.295909,41.317939],[86.279877,41.320095],[86.246104,41.320176],[86.233897,41.324774],[86.241222,41.331],[86.227631,41.333564],[86.225108,41.335028],[86.220795,41.338406],[86.207774,41.327216],[86.19752,41.330675],[86.185802,41.339545],[86.1692,41.344591],[86.150401,41.348212],[86.136648,41.357042],[86.111501,41.37934],[86.096446,41.379706],[86.070811,41.385932],[86.052013,41.387071],[86.056244,41.372504],[86.015391,41.386176],[86.008556,41.372504],[86.012218,41.368232],[86.013601,41.364936],[86.015391,41.352078],[86.000499,41.365587],[85.977061,41.399929],[85.960053,41.407294],[85.934988,41.401435],[85.918061,41.391181],[85.908376,41.391547],[85.905528,41.417182],[85.897472,41.434638],[85.878835,41.45128],[85.857188,41.463731],[85.840343,41.468777],[85.795095,41.509955],[85.787364,41.519843],[85.781993,41.530829],[85.775645,41.56684],[85.774913,41.613715],[85.782156,41.659288],[85.799327,41.69123],[85.826752,41.712917],[85.869721,41.738308],[85.917572,41.752956],[85.960053,41.742499],[85.985932,41.753201],[86.019623,41.755886],[86.114187,41.747748],[86.141205,41.751288],[86.166026,41.761908],[86.189464,41.780626],[86.196869,41.79206],[86.202403,41.815212],[86.207123,41.824408],[86.218028,41.830756],[86.235444,41.835964],[86.253347,41.83808],[86.265147,41.834988],[86.285655,41.823513],[86.339936,41.808214],[86.364757,41.797065],[86.396088,41.803331],[86.464692,41.770331],[86.495128,41.777208],[86.512299,41.769232],[86.524343,41.773546],[86.533621,41.783149],[86.542979,41.79088],[86.557628,41.7956],[86.56544,41.796698],[86.573985,41.797065],[86.586925,41.79503],[86.602061,41.786078],[86.611827,41.784044],[86.627533,41.787218],[86.658621,41.801337],[86.694916,41.80744],[86.729991,41.820665],[86.753429,41.825507]]]}},{"type":"Feature","properties":{"dissolve":"35River","scalerank":2,"featurecla":"River","name":"Za","name_alt":null,"rivernum":35,"note":null,"min_zoom":2.1,"name_en":"Za","min_label":3.1},"bbox":[94.083995,31.957343,96.941335,33.217882],"geometry":{"type":"MultiLineString","coordinates":[[[94.083995,33.155829],[94.092784,33.158067],[94.112804,33.167914],[94.136729,33.172227],[94.16505,33.181667],[94.176768,33.183783],[94.221609,33.177802],[94.305431,33.153022],[94.348074,33.149685],[94.447765,33.163275],[94.457286,33.167914],[94.463959,33.178778],[94.46933,33.19127],[94.475027,33.201199],[94.484386,33.207953],[94.497488,33.213202],[94.512136,33.216661],[94.526296,33.217882],[94.579112,33.212185],[94.591075,33.208035],[94.601736,33.199774],[94.615001,33.191962],[94.628184,33.186103],[94.705007,33.176947],[94.723562,33.1789],[94.76588,33.190619],[94.789561,33.187608],[94.860769,33.168158],[94.875662,33.159532],[94.880382,33.148993],[94.891775,33.138739],[94.916596,33.122341],[94.946788,33.095486],[94.958263,33.087592],[94.965261,33.100409],[94.979503,33.096503],[94.996023,33.086453],[95.009369,33.080756],[95.028819,33.078884],[95.049897,33.073432],[95.068777,33.065009],[95.081147,33.054063],[95.085948,33.043036],[95.08546,33.03502],[95.082774,33.027126],[95.081147,33.015896],[95.083263,33.00613],[95.092703,32.986111],[95.094737,32.974311],[95.093191,32.965277],[95.090424,32.961005],[95.089936,32.957343],[95.094737,32.950385],[95.10434,32.941596],[95.11435,32.936835],[95.125011,32.937364],[95.135753,32.9442],[95.2046,32.911322],[95.217703,32.895819],[95.23463,32.909003],[95.252452,32.907253],[95.287201,32.888943],[95.350108,32.879421],[95.398448,32.853624],[95.438569,32.849392],[95.523448,32.854804],[95.557709,32.847968],[95.588959,32.830268],[95.61378,32.805854],[95.629242,32.77912],[95.64796,32.726996],[95.65032,32.714545],[95.660167,32.714952],[95.718435,32.689765],[95.735037,32.692694],[95.781342,32.661566],[95.807384,32.662421],[95.817475,32.647081],[95.871674,32.599921],[95.934093,32.556749],[95.959727,32.545111],[95.985444,32.538357],[96.003429,32.542914],[96.021088,32.555772],[96.042247,32.562364],[96.163829,32.57453],[96.181082,32.570583],[96.187022,32.563341],[96.195242,32.550076],[96.201182,32.542914],[96.209483,32.537299],[96.229096,32.531277],[96.239268,32.525906],[96.244721,32.519721],[96.2553,32.502875],[96.259776,32.497911],[96.272472,32.4949],[96.29892,32.4949],[96.311046,32.488308],[96.337576,32.451483],[96.362071,32.433783],[96.366791,32.436835],[96.370209,32.44245],[96.375906,32.443915],[96.3921,32.434597],[96.414154,32.418158],[96.428396,32.402452],[96.420909,32.395535],[96.415701,32.384304],[96.424571,32.359158],[96.445404,32.31977],[96.454275,32.294623],[96.458507,32.286241],[96.467296,32.278103],[96.488862,32.263739],[96.493175,32.255561],[96.496186,32.238308],[96.512218,32.197577],[96.519949,32.183214],[96.533132,32.166083],[96.548595,32.155626],[96.567882,32.150499],[96.592459,32.149115],[96.601166,32.146999],[96.615652,32.137559],[96.62672,32.135443],[96.632335,32.133328],[96.641612,32.123887],[96.647227,32.121772],[96.653087,32.123155],[96.658214,32.126166],[96.664073,32.128607],[96.671397,32.128607],[96.681163,32.124945],[96.686697,32.120632],[96.693451,32.116645],[96.705496,32.114325],[96.712901,32.115302],[96.733165,32.120551],[96.742686,32.121772],[96.759288,32.11225],[96.769054,32.06505],[96.780528,32.046698],[96.792735,32.044257],[96.822846,32.048774],[96.835216,32.046698],[96.84669,32.036566],[96.847992,32.026801],[96.844493,32.015815],[96.842052,32.002021],[96.851329,31.976101],[96.873057,31.966498],[96.898204,31.963446],[96.917735,31.957343],[96.941335,31.965522]]]}},{"type":"Feature","properties":{"dissolve":"360River","scalerank":6,"featurecla":"River","name":"Xiliao","name_alt":null,"rivernum":360,"note":null,"min_zoom":5,"name_en":"Xiliao","min_label":6},"bbox":[120.758474,43.423448,123.553966,43.819281],"geometry":{"type":"MultiLineString","coordinates":[[[120.758474,43.423448],[120.775076,43.431667],[120.803396,43.457465],[120.819753,43.468288],[120.97462,43.516628],[121.019054,43.524482],[121.118175,43.524482],[121.127859,43.526557],[121.147634,43.535997],[121.159272,43.538153],[121.360362,43.534003],[121.408783,43.524482],[121.43214,43.51557],[121.47169,43.493964],[121.495128,43.489691],[121.50058,43.48668],[121.505463,43.480048],[121.511974,43.473497],[121.522472,43.470486],[121.574636,43.470486],[121.772634,43.442491],[121.873464,43.444932],[121.919363,43.45307],[121.963796,43.470486],[121.995046,43.490546],[122.014578,43.500067],[122.036388,43.503974],[122.053315,43.509589],[122.107839,43.544949],[122.17628,43.568671],[122.19394,43.582831],[122.25172,43.641181],[122.361501,43.7237],[122.378429,43.720282],[122.468272,43.741482],[122.540294,43.77086],[122.586192,43.7803],[122.632498,43.784491],[122.652192,43.790391],[122.687592,43.815253],[122.711029,43.819281],[122.722341,43.816433],[122.745128,43.807074],[122.7588,43.805609],[122.771007,43.808173],[122.789968,43.817247],[122.79713,43.819281],[122.944428,43.803982],[122.962413,43.7956],[122.981619,43.78144],[122.988455,43.778835],[122.996593,43.777655],[123.00351,43.774929],[123.006602,43.767768],[123.006277,43.757025],[123.007091,43.75198],[123.009369,43.747341],[123.01767,43.737087],[123.024913,43.731269],[123.033702,43.727607],[123.142507,43.703192],[123.209483,43.674831],[123.231944,43.668484],[123.226085,43.653835],[123.23463,43.648505],[123.248627,43.646308],[123.259776,43.641181],[123.266612,43.648017],[123.280284,43.642117],[123.291596,43.642768],[123.302419,43.646023],[123.314382,43.648017],[123.372813,43.641181],[123.380626,43.637966],[123.3956,43.623847],[123.418386,43.618191],[123.451671,43.599555],[123.489675,43.591376],[123.500011,43.586534],[123.509532,43.57746],[123.510753,43.571845],[123.50823,43.565701],[123.506114,43.554877],[123.510916,43.536811],[123.523204,43.51793],[123.553966,43.483466]]]}},{"type":"Feature","properties":{"dissolve":"366River","scalerank":6,"featurecla":"River","name":"Songhua","name_alt":"Sungari","rivernum":366,"note":null,"min_zoom":5,"name_en":"Sungari","min_label":6},"bbox":[124.674571,45.386013,132.517833,47.70661],"geometry":{"type":"MultiLineString","coordinates":[[[132.517833,47.70661],[132.514415,47.693874],[132.511322,47.688096],[132.506602,47.683458],[132.499522,47.680365],[132.49171,47.679511],[132.475841,47.679755],[132.470144,47.678982],[132.464773,47.677191],[132.460134,47.674018],[132.45696,47.669053],[132.455577,47.660956],[132.457937,47.654364],[132.466238,47.641425],[132.467296,47.636908],[132.467052,47.631903],[132.465912,47.626776],[132.462494,47.618232],[132.451264,47.60102],[132.379487,47.520128],[132.351003,47.500556],[132.322195,47.473822],[132.313406,47.467312],[132.080496,47.371446],[132.062999,47.36046],[132.050792,47.349433],[132.040294,47.336737],[132.036062,47.329372],[132.034597,47.325548],[132.03004,47.30744],[132.008718,47.269232],[132.000092,47.259874],[131.988862,47.253607],[131.976329,47.250067],[131.963471,47.248725],[131.791515,47.261746],[131.780365,47.260769],[131.726573,47.245307],[131.624278,47.233832],[131.531668,47.245307],[131.466889,47.245144],[131.453624,47.242499],[131.320567,47.188585],[131.300304,47.185492],[131.149913,47.206244],[131.131602,47.205146],[131.066742,47.188585],[131.05421,47.188178],[131.041596,47.189643],[131.029389,47.193061],[130.996755,47.208197],[130.985362,47.211697],[130.972179,47.212714],[130.959402,47.211005],[130.907156,47.196885],[130.853282,47.18891],[130.829112,47.180487],[130.806244,47.168321],[130.784679,47.152899],[130.774343,47.1435],[130.765391,47.133572],[130.744233,47.10045],[130.689138,47.044135],[130.678722,47.035956],[130.667003,47.029486],[130.654307,47.024848],[130.641368,47.022528],[130.589122,47.01907],[130.559255,47.009467],[130.544851,47.001573],[130.533946,46.991563],[130.531261,46.986884],[130.529796,46.981757],[130.529307,46.946804],[130.527843,46.938503],[130.526785,46.934638],[130.524913,46.931586],[130.519949,46.925849],[130.518077,46.922878],[130.516775,46.92003],[130.515229,46.913275],[130.512299,46.905382],[130.508311,46.898139],[130.503429,46.891384],[130.497813,46.885199],[130.488373,46.877061],[130.478038,46.870185],[130.455577,46.859809],[130.405854,46.850938],[130.347992,46.833523],[130.339285,46.833564],[130.330089,46.837226]],[[124.674571,45.450466],[124.722341,45.450466],[124.73463,45.453721],[124.755463,45.468085],[124.767345,45.470893],[124.771902,45.467597],[124.776134,45.460557],[124.780365,45.450466],[124.785574,45.450019],[124.796479,45.451117],[124.82545,45.445176],[124.84905,45.442979],[124.861095,45.444281],[124.872162,45.448513],[124.8803,45.456],[124.883393,45.467231],[124.882416,45.470323],[124.879975,45.472113],[124.877859,45.474718],[124.87672,45.480577],[124.878673,45.488349],[124.882823,45.492743],[124.887543,45.495551],[124.890229,45.498236],[124.894542,45.518663],[124.897553,45.527167],[124.903901,45.532416],[124.915294,45.532742],[124.926362,45.527615],[124.934662,45.518866],[124.93808,45.508165],[124.950857,45.494818],[124.979747,45.493435],[125.027599,45.498236],[125.041433,45.492865],[125.044037,45.488471],[125.042084,45.482245],[125.04184,45.470893],[125.043468,45.451443],[125.047293,45.444892],[125.058604,45.433132],[125.073741,45.423041],[125.079682,45.416571],[125.082042,45.405463],[125.081635,45.389838],[125.082612,45.386013],[125.088634,45.38935],[125.103119,45.395209],[125.232514,45.413682],[125.24879,45.413398],[125.2671,45.408881],[125.27589,45.404731],[125.280528,45.401475],[125.285492,45.400336],[125.295014,45.402045],[125.30071,45.406562],[125.302419,45.412665],[125.30714,45.416856],[125.321707,45.415635],[125.355968,45.40058],[125.374522,45.398383],[125.397472,45.408881],[125.411062,45.424913],[125.422374,45.46129],[125.43214,45.477118],[125.451101,45.484809],[125.473562,45.481024],[125.497488,45.4737],[125.521007,45.470893],[125.542898,45.475898],[125.603526,45.504462],[125.618663,45.508083],[125.658132,45.504462],[125.667654,45.505968],[125.687266,45.511908],[125.699148,45.511908],[125.722992,45.517646],[125.79835,45.511908],[125.810802,45.509304],[125.832612,45.498847],[125.842459,45.498236],[125.850352,45.504828],[125.870372,45.539252],[125.886974,45.556505],[125.898367,45.563666],[125.923106,45.56977],[125.926768,45.577826],[125.925141,45.597235],[125.930919,45.622178],[125.9463,45.628485],[125.968354,45.62873],[125.993907,45.635443],[125.986339,45.643988],[125.966807,45.649604],[125.959727,45.6553],[125.959239,45.668728],[125.971202,45.674872],[125.986908,45.676459],[125.997325,45.676378],[126.003022,45.680691],[126.015229,45.699408],[126.024343,45.703721],[126.038097,45.703437],[126.046641,45.701768],[126.069021,45.690701],[126.109467,45.679307],[126.151134,45.681464],[126.240245,45.696845],[126.355724,45.695746],[126.358897,45.69835],[126.377208,45.717231],[126.385265,45.723497],[126.395274,45.727729],[126.461192,45.74018],[126.483979,45.750312],[126.493663,45.768581],[126.504242,45.767646],[126.556407,45.753974],[126.576101,45.751532],[126.593028,45.756659],[126.637625,45.785671],[126.670909,45.79503],[126.684988,45.801134],[126.6928,45.813544],[126.691905,45.83039],[126.685802,45.844062],[126.683197,45.857856],[126.6928,45.875067],[126.708995,45.883734],[126.729096,45.889838],[126.743175,45.898708],[126.741222,45.915961],[126.786143,45.925482],[126.820567,45.948269],[126.852631,45.975369],[126.890717,45.997911],[126.935313,46.013292],[126.983002,46.024034],[127.031179,46.026882],[127.076427,46.018378],[127.165701,45.981472],[127.188894,45.976589],[127.274994,45.978054],[127.326752,45.969265],[127.353038,45.960476],[127.36435,45.947333],[127.369884,45.924669],[127.384369,45.91828],[127.484467,45.926378],[127.51116,45.934027],[127.528331,45.950751],[127.529307,45.957546],[127.526866,45.963406],[127.523692,45.968817],[127.522065,45.974311],[127.524018,45.98074],[127.533132,45.991278],[127.535655,45.997911],[127.535737,46.020372],[127.539236,46.030463],[127.549327,46.038845],[127.574636,46.040798],[127.666026,46.011542],[127.692312,46.008246],[127.697358,46.003974],[127.706391,45.991726],[127.711681,45.982245],[127.714692,45.974229],[127.718679,45.966254],[127.72755,45.956895],[127.753917,45.968695],[127.763927,45.959988],[127.770112,45.944648],[127.785818,45.936469],[127.797781,45.934434],[127.825043,45.925401],[127.837413,45.923407],[127.892019,45.929633],[127.917654,45.925849],[127.943126,45.919257],[127.967865,45.91706],[128.013438,45.936103],[128.037608,45.93655],[128.061941,45.93122],[128.083751,45.923407],[128.128347,45.916124],[128.173839,45.924587],[128.288259,45.975653],[128.309662,45.979315],[128.36142,45.978054],[128.385753,45.974392],[128.44752,45.943915],[128.575857,45.909532],[128.590831,45.902289],[128.622,45.916205],[128.639171,45.921413],[128.655772,45.923407],[128.67335,45.92768],[128.706147,45.946479],[128.717377,45.950751],[128.730398,45.953559],[128.758311,45.96662],[128.77589,45.970567],[128.81894,45.972683],[128.841238,45.970649],[128.858409,45.964382],[128.878022,45.940497],[128.888438,45.913357],[128.904389,45.891059],[128.970144,45.874701],[128.981944,45.875067],[128.990896,45.878607],[129.007416,45.89057],[129.016043,45.895535],[129.03419,45.899522],[129.073985,45.902777],[129.090587,45.909735],[129.090587,45.902289],[129.165701,45.943793],[129.19866,45.970893],[129.254405,46.037299],[129.271983,46.053168],[129.286632,46.060004],[129.298839,46.070909],[129.323985,46.141913],[129.354991,46.204657],[129.375662,46.22956],[129.389903,46.254096],[129.395925,46.259223],[129.433849,46.27912],[129.456554,46.299994],[129.467865,46.305732],[129.503184,46.311103],[129.531749,46.329698],[129.546397,46.334784],[129.55714,46.343695],[129.564057,46.368476],[129.561697,46.397773],[129.564057,46.409451],[129.569021,46.420111],[129.582042,46.439399],[129.604096,46.465155],[129.637543,46.495917],[129.652843,46.506293],[129.69337,46.521796],[129.782644,46.543972],[129.824718,46.566474],[129.848399,46.587917],[129.858979,46.594346],[129.888682,46.606228],[129.896251,46.611151],[129.904796,46.621649],[129.910167,46.62995],[129.912852,46.63935],[129.915619,46.666205],[129.921316,46.67475],[129.963878,46.708441],[129.968842,46.717312],[129.969737,46.728339],[129.967865,46.752631],[129.971934,46.762274],[129.990326,46.774115],[130.010916,46.775417],[130.057546,46.765692],[130.083507,46.763373],[130.09547,46.7685],[130.098562,46.781562],[130.098562,46.803534],[130.107026,46.82453],[130.127615,46.832465],[130.152599,46.831855],[130.199148,46.820258],[130.217214,46.818671],[130.233328,46.82392],[130.252452,46.837714],[130.27296,46.849229],[130.29127,46.849433],[130.33196,46.834581]]]}},{"type":"Feature","properties":{"dissolve":"367River","scalerank":6,"featurecla":"River","name":"Min","name_alt":null,"rivernum":367,"note":null,"min_zoom":5,"name_en":"Min","min_label":6},"bbox":[103.716238,28.784369,104.599294,29.561347],"geometry":{"type":"MultiLineString","coordinates":[[[103.716238,29.558946],[103.741222,29.561347],[103.755056,29.556342],[103.763194,29.544013],[103.788992,29.46247],[103.790538,29.438544],[103.793956,29.421332],[103.812266,29.371772],[103.822276,29.356309],[103.842865,29.344102],[103.860606,29.338162],[103.870209,29.328437],[103.866303,29.305121],[103.860037,29.298448],[103.852061,29.294786],[103.847992,29.289578],[103.852631,29.277777],[103.859467,29.272081],[103.867442,29.271837],[103.876557,29.272773],[103.887543,29.271023],[103.902924,29.263251],[103.952403,29.226264],[103.962901,29.209093],[103.970144,29.168728],[103.979991,29.15119],[104.004812,29.12169],[104.021007,29.115994],[104.043956,29.12698],[104.058849,29.112006],[104.069916,29.096137],[104.084483,29.083686],[104.121511,29.077216],[104.130789,29.073757],[104.138276,29.06863],[104.144786,29.062323],[104.157237,29.048774],[104.16505,29.042589],[104.174815,29.037624],[104.217052,29.030626],[104.235362,29.023464],[104.243093,29.006863],[104.246755,29.0008],[104.266124,28.992214],[104.274099,28.98668],[104.285737,28.974311],[104.285737,28.971137],[104.273204,28.92182],[104.274343,28.902289],[104.287852,28.883653],[104.307546,28.86994],[104.382335,28.832302],[104.424897,28.816596],[104.454112,28.79682],[104.472667,28.791449],[104.492279,28.791938],[104.511241,28.798041],[104.533621,28.819403],[104.547537,28.827338],[104.561534,28.821885],[104.599294,28.784369]]]}},{"type":"Feature","properties":{"dissolve":"385Lake Centerline","scalerank":7,"featurecla":"Lake Centerline","name":"Fuchun","name_alt":null,"rivernum":385,"note":null,"min_zoom":6,"name_en":"Fuchun","min_label":7},"bbox":[118.717784,29.50373,119.195567,29.726345],"geometry":{"type":"MultiLineString","coordinates":[[[119.195567,29.50373],[119.176768,29.511176],[119.152192,29.515692],[119.103526,29.526679],[119.077403,29.538113],[118.97462,29.588568],[118.940033,29.617499],[118.917979,29.643988],[118.897065,29.655585],[118.875662,29.656806],[118.855561,29.660509],[118.831472,29.671942],[118.805919,29.682074],[118.783946,29.693671],[118.759532,29.705186],[118.737315,29.720974],[118.717784,29.726345]]]}},{"type":"Feature","properties":{"dissolve":"385River","scalerank":7,"featurecla":"River","name":"Fuchun","name_alt":null,"rivernum":385,"note":null,"min_zoom":6,"name_en":"Fuchun","min_label":7},"bbox":[117.785167,29.480007,120.160167,30.195828],"geometry":{"type":"MultiLineString","coordinates":[[[117.785167,29.707302],[117.793956,29.715155],[117.813975,29.743109],[117.831065,29.756659],[117.847667,29.75495],[117.896251,29.718085],[117.976654,29.675482],[117.98642,29.673122],[117.999929,29.67414],[118.007742,29.677314],[118.030203,29.694403],[118.035818,29.697618],[118.04184,29.699408],[118.047944,29.699164],[118.054698,29.696479],[118.065522,29.681993],[118.072765,29.661933],[118.081391,29.645616],[118.095876,29.642198],[118.121349,29.644721],[118.159597,29.633979],[118.183849,29.638983],[118.274832,29.682969],[118.302013,29.700629],[118.350515,29.745185],[118.376964,29.76142],[118.404877,29.763699],[118.425955,29.749945],[118.462169,29.709093],[118.469493,29.704901],[118.498139,29.692939],[118.530284,29.683865],[118.558116,29.68769],[118.615652,29.711697],[118.666026,29.725531],[118.691987,29.728217],[118.717784,29.726345]],[[119.195567,29.50373],[119.238699,29.480007],[119.274018,29.48961],[119.308116,29.509874],[119.346934,29.518012],[119.347585,29.515937],[119.35019,29.511257],[119.354747,29.506374],[119.360606,29.50373],[119.36614,29.504218],[119.416026,29.526557],[119.42213,29.52794],[119.433523,29.532009],[119.504487,29.538438],[119.534923,29.555935],[119.56894,29.584499],[119.599701,29.617214],[119.620616,29.647081],[119.655528,29.770046],[119.675304,29.805365],[119.751069,29.869981],[119.768484,29.872504],[119.786388,29.872911],[119.805675,29.87991],[119.823009,29.895535],[119.86378,29.95246],[119.872081,29.959093],[119.890554,29.967637],[119.898448,29.973253],[119.908132,29.984198],[119.92921,30.017646],[119.945323,30.037543],[119.95989,30.045111],[120.025808,30.046902],[120.045421,30.051866],[120.122813,30.082831],[120.140391,30.093451],[120.158783,30.11046],[120.160167,30.124945],[120.128835,30.153266],[120.121023,30.168524],[120.122976,30.180243],[120.128022,30.189276],[120.136648,30.194688],[120.148936,30.195828]]]}},{"type":"Feature","properties":{"dissolve":"40River","scalerank":2,"featurecla":"River","name":"Lancang","name_alt":"Mekong","rivernum":40,"note":null,"min_zoom":2.1,"name_en":"Mekong","min_label":3.1},"bbox":[96.941335,17.81391,102.246511,31.965522],"geometry":{"type":"MultiLineString","coordinates":[[[96.941335,31.965522],[96.959483,31.952094],[96.974701,31.932481],[96.989757,31.922553],[96.994884,31.913682],[96.992117,31.870673],[96.992931,31.854926],[96.999115,31.845974],[97.01588,31.834174],[97.020763,31.826972],[97.014578,31.799994],[97.013276,31.78913],[97.017589,31.767117],[97.028738,31.752387],[97.061697,31.723944],[97.072195,31.710761],[97.08074,31.694607],[97.086843,31.675157],[97.089122,31.611274],[97.093191,31.600653],[97.102794,31.59752],[97.114024,31.596991],[97.123139,31.594265],[97.128022,31.58751],[97.135753,31.568874],[97.143647,31.559434],[97.167979,31.548855],[97.180105,31.540961],[97.188487,31.522325],[97.202647,31.504218],[97.20574,31.494574],[97.203868,31.482733],[97.194591,31.462592],[97.191498,31.449571],[97.208018,31.392401],[97.216075,31.378241],[97.219005,31.371283],[97.220714,31.35989],[97.220714,31.348009],[97.219493,31.339708],[97.211843,31.328396],[97.203868,31.325466],[97.195242,31.324774],[97.185313,31.320502],[97.161062,31.289171],[97.157237,31.281684],[97.159597,31.270128],[97.169444,31.2508],[97.174327,31.230577],[97.180675,31.221218],[97.195242,31.206895],[97.200206,31.196397],[97.198334,31.185492],[97.193858,31.174994],[97.191498,31.165961],[97.192149,31.129665],[97.198171,31.085232],[97.215424,31.047675],[97.250092,31.031846],[97.269216,31.028103],[97.289073,31.018988],[97.321788,30.997097],[97.36142,30.952948],[97.376964,30.943142],[97.372,30.933173],[97.370209,30.902167],[97.357595,30.870714],[97.355968,30.857123],[97.357432,30.794298],[97.362804,30.771796],[97.37851,30.731879],[97.399099,30.701483],[97.427338,30.677191],[97.482188,30.645372],[97.524099,30.603868],[97.554617,30.583116],[97.557628,30.581814],[97.629405,30.452419],[97.66448,30.405829],[97.670665,30.400092],[97.678722,30.395046],[97.713471,30.388943],[97.723074,30.384141],[97.781749,30.332343],[97.810069,30.299913],[97.827891,30.284288],[97.846202,30.277696],[97.852306,30.27558],[97.862885,30.269965],[97.872976,30.262397],[97.877371,30.254177],[97.879487,30.239529],[97.885265,30.234931],[97.893972,30.233832],[97.904063,30.229926],[97.936941,30.205512],[97.947765,30.18891],[97.951752,30.165107],[97.965831,30.155829],[97.975515,30.14765],[97.979747,30.137478],[97.981375,30.131537],[97.985362,30.128363],[97.990896,30.127143],[97.996755,30.126899],[98.001557,30.123969],[97.999766,30.117377],[97.993337,30.107042],[98.004975,30.063096],[98.015717,30.041327],[98.030935,30.031928],[98.042979,30.021267],[98.051768,29.997178],[98.061615,29.956163],[98.073822,29.940863],[98.089936,29.924831],[98.104096,29.906195],[98.110037,29.883612],[98.113292,29.875434],[98.134288,29.849718],[98.138601,29.840684],[98.140391,29.819892],[98.144216,29.812201],[98.161713,29.807074],[98.210053,29.804267],[98.2199,29.794786],[98.225108,29.781806],[98.260834,29.723456],[98.339285,29.638861],[98.348155,29.623358],[98.34962,29.599921],[98.343435,29.572699],[98.343435,29.565782],[98.346202,29.554551],[98.36142,29.51378],[98.397472,29.453884],[98.404226,29.445095],[98.409597,29.435614],[98.411632,29.424872],[98.416026,29.417182],[98.434662,29.408311],[98.439057,29.397284],[98.436941,29.386664],[98.433197,29.375515],[98.431407,29.365017],[98.435313,29.356309],[98.443614,29.351996],[98.473155,29.342637],[98.479015,29.327094],[98.492686,29.31037],[98.53769,29.269232],[98.547944,29.256619],[98.568858,29.223212],[98.614024,29.167914],[98.631602,29.159532],[98.628347,29.140163],[98.610362,29.103095],[98.604991,29.08336],[98.584076,29.045193],[98.583018,29.023953],[98.592784,29.008409],[98.607514,28.996283],[98.620535,28.982774],[98.624034,28.963162],[98.634288,28.944159],[98.638113,28.930487],[98.638438,28.878607],[98.641531,28.870917],[98.654307,28.855048],[98.654796,28.850165],[98.652761,28.844916],[98.651378,28.835883],[98.652843,28.825507],[98.656505,28.818956],[98.660818,28.813178],[98.66505,28.804796],[98.677826,28.756944],[98.680186,28.724392],[98.685476,28.708604],[98.702729,28.670925],[98.774913,28.572089],[98.780935,28.555854],[98.790538,28.514594],[98.799083,28.499783],[98.812266,28.483954],[98.834483,28.441759],[98.850597,28.401475],[98.862397,28.357042],[98.864268,28.335557],[98.860932,28.319851],[98.846446,28.285753],[98.843028,28.270453],[98.8449,28.250312],[98.850108,28.225043],[98.857921,28.200954],[98.884776,28.150662],[98.90683,28.128852],[98.912608,28.119574],[98.914561,28.096259],[98.901947,28.053982],[98.898448,28.033962],[98.901134,28.011013],[98.908621,27.993516],[98.932546,27.96129],[99.018972,27.883816],[99.034923,27.852078],[99.036388,27.84044],[99.034923,27.817939],[99.037364,27.812079],[99.042003,27.808132],[99.048595,27.804958],[99.048269,27.797471],[99.043061,27.786404],[99.04184,27.780382],[99.044688,27.772162],[99.050792,27.765408],[99.054861,27.759385],[99.047293,27.743476],[99.05071,27.719306],[99.048595,27.708075],[99.038585,27.698106],[99.027192,27.694119],[99.016205,27.691962],[99.007498,27.687567],[99.003673,27.681098],[98.99879,27.669501],[98.997569,27.658393],[99.004242,27.653428],[99.008067,27.648708],[99.011322,27.637559],[99.014415,27.615587],[99.017589,27.60578],[99.031749,27.596503],[99.034923,27.585232],[99.030935,27.571641],[99.022472,27.56623],[99.013194,27.563503],[99.007498,27.557888],[99.009532,27.548285],[99.028087,27.516303],[99.031993,27.504747],[99.037608,27.480048],[99.04184,27.468533],[99.065929,27.437201],[99.069591,27.423774],[99.072846,27.416775],[99.087006,27.401801],[99.090261,27.396796],[99.090587,27.370551],[99.093354,27.358344],[99.100108,27.348415],[99.10849,27.330349],[99.110281,27.302843],[99.10255,27.276882],[99.082612,27.263007],[99.088959,27.24254],[99.098237,27.22488],[99.112641,27.21247],[99.134288,27.207831],[99.146658,27.197699],[99.17213,27.132676],[99.165457,27.11754],[99.16505,27.102322],[99.166433,27.086697],[99.165294,27.070624],[99.16269,27.064765],[99.154796,27.052802],[99.151541,27.043972],[99.149994,27.026801],[99.150401,27.017198],[99.151541,27.009792],[99.177013,26.952745],[99.18629,26.92239],[99.185639,26.886298],[99.183197,26.878038],[99.170095,26.848456],[99.163829,26.839626],[99.161794,26.837917],[99.157319,26.836005],[99.15919,26.831855],[99.165294,26.824815],[99.140554,26.771674],[99.13795,26.755927],[99.141205,26.748114],[99.154063,26.736599],[99.158376,26.728624],[99.159597,26.719265],[99.130463,26.625596],[99.136648,26.607123],[99.126231,26.587104],[99.111339,26.566718],[99.103933,26.547065],[99.110037,26.526475],[99.138438,26.501899],[99.144786,26.482204],[99.142345,26.474636],[99.132416,26.457587],[99.130463,26.447455],[99.142507,26.421413],[99.144786,26.409939],[99.141043,26.400255],[99.133718,26.392035],[99.129405,26.384141],[99.140391,26.36579],[99.143647,26.352607],[99.144949,26.339789],[99.144786,26.331366],[99.14267,26.324571],[99.134044,26.307074],[99.130463,26.296658],[99.13795,26.186794],[99.130626,26.07335],[99.13795,26.029731],[99.148855,26.005642],[99.151541,25.994981],[99.152761,25.908311],[99.156668,25.886542],[99.165294,25.865831],[99.167898,25.864081],[99.171397,25.863471],[99.175548,25.86225],[99.178803,25.858425],[99.183604,25.842475],[99.1963,25.816596],[99.202403,25.807156],[99.209972,25.803168],[99.217459,25.794501],[99.254649,25.734931],[99.267182,25.692247],[99.274425,25.649604],[99.281261,25.629706],[99.297374,25.616889],[99.336518,25.597724],[99.343272,25.591864],[99.350108,25.584093],[99.355235,25.57628],[99.357595,25.570421],[99.356456,25.558173],[99.351573,25.550645],[99.346446,25.545356],[99.344005,25.53974],[99.33782,25.515815],[99.336518,25.505235],[99.33839,25.499945],[99.347179,25.483466],[99.35019,25.47488],[99.35255,25.456366],[99.351329,25.43891],[99.344493,25.425564],[99.329845,25.419623],[99.313406,25.42475],[99.302745,25.433661],[99.297293,25.432969],[99.294526,25.399848],[99.289968,25.38935],[99.288666,25.3817],[99.292003,25.373562],[99.306651,25.359565],[99.309825,25.354763],[99.313731,25.338446],[99.323741,25.323065],[99.367442,25.27851],[99.413503,25.212185],[99.435557,25.199286],[99.472748,25.16531],[99.480561,25.155829],[99.48878,25.139472],[99.508311,25.133368],[99.530935,25.134101],[99.548839,25.138454],[99.558523,25.129096],[99.579112,25.117784],[99.60255,25.108262],[99.620942,25.104315],[99.635346,25.098904],[99.648367,25.085395],[99.730724,24.977647],[99.74114,24.956977],[99.745209,24.914089],[99.754893,24.892035],[99.765636,24.884345],[99.8095,24.862413],[99.826915,24.857856],[99.83546,24.849799],[99.864757,24.795762],[99.892589,24.77143],[99.926524,24.755805],[99.965587,24.746527],[100.076671,24.733425],[100.101003,24.719062],[100.116222,24.670966],[100.128998,24.67475],[100.142996,24.688666],[100.156749,24.707221],[100.163178,24.718126],[100.168956,24.723822],[100.17628,24.72838],[100.189708,24.732774],[100.210216,24.745917],[100.22934,24.751166],[100.281505,24.757392],[100.306244,24.76793],[100.323416,24.76911],[100.372081,24.750922],[100.381847,24.74494],[100.392507,24.735785],[100.417084,24.719265],[100.426524,24.707058],[100.423595,24.703192],[100.418956,24.693427],[100.433523,24.690741],[100.437104,24.681464],[100.433197,24.655544],[100.439708,24.646593],[100.467865,24.626899],[100.474294,24.614285],[100.47877,24.607937],[100.500662,24.587592],[100.508393,24.576117],[100.511241,24.561591],[100.510753,24.53559],[100.515229,24.522732],[100.524343,24.516547],[100.535818,24.514675],[100.545828,24.510606],[100.55714,24.476182],[100.557058,24.465277],[100.546641,24.460639],[100.527354,24.448432],[100.516775,24.420111],[100.515229,24.388007],[100.522716,24.364447],[100.517833,24.350409],[100.516531,24.27143],[100.528819,24.206732],[100.530935,24.162706],[100.519542,24.122585],[100.493907,24.091986],[100.453868,24.076443],[100.412852,24.076443],[100.403087,24.073269],[100.381847,24.062771],[100.381847,24.051703],[100.392345,23.980251],[100.406668,23.935614],[100.407481,23.915961],[100.395518,23.894843],[100.379487,23.882758],[100.339692,23.85989],[100.323416,23.843695],[100.28948,23.764838],[100.271983,23.754259],[100.255382,23.740668],[100.199962,23.668647],[100.197195,23.660671],[100.179454,23.631415],[100.138601,23.47309],[100.134044,23.467353],[100.120209,23.454169],[100.117442,23.449246],[100.104421,23.411689],[100.074311,23.360867],[100.070242,23.346788],[100.072276,23.329698],[100.081391,23.293321],[100.083263,23.27143],[100.077403,23.25377],[100.050548,23.22724],[100.042979,23.212429],[100.095876,23.17121],[100.114024,23.165229],[100.120046,23.155097],[100.142996,23.071316],[100.146658,23.065212],[100.161388,23.060736],[100.181895,23.04975],[100.18629,23.044867],[100.192963,23.030707],[100.208588,23.013739],[100.226736,23.002997],[100.240896,23.007636],[100.248464,23.007636],[100.257091,22.970771],[100.261974,22.959174],[100.269054,22.949652],[100.274343,22.948269],[100.296153,22.959174],[100.29184,22.915554],[100.300873,22.878852],[100.354991,22.790961],[100.361827,22.776801],[100.365489,22.746161],[100.370128,22.72663],[100.371186,22.716498],[100.362804,22.68244],[100.364513,22.67182],[100.368337,22.670437],[100.392345,22.657538],[100.402273,22.649766],[100.437755,22.612006],[100.512706,22.551703],[100.533295,22.53974],[100.553396,22.534613],[100.567882,22.526923],[100.572683,22.50906],[100.570567,22.473212],[100.574962,22.450954],[100.574718,22.437567],[100.566824,22.431586],[100.564057,22.425401],[100.573171,22.411933],[100.585053,22.398871],[100.590912,22.393744],[100.595144,22.386542],[100.625092,22.363349],[100.646658,22.326606],[100.659272,22.314887],[100.639659,22.309394],[100.631358,22.306098],[100.625092,22.301866],[100.61378,22.288398],[100.609304,22.27851],[100.615245,22.273953],[100.637625,22.262478],[100.660818,22.259101],[100.671153,22.255927],[100.679454,22.251532],[100.699474,22.237087],[100.702566,22.231391],[100.709972,22.209052],[100.713878,22.174913],[100.717052,22.168647],[100.731212,22.151435],[100.734386,22.140489],[100.731212,22.132758],[100.724294,22.125108],[100.71933,22.117377],[100.720714,22.109483],[100.730968,22.10871],[100.757253,22.098904],[100.777924,22.087592],[100.762625,22.071723],[100.771414,22.048774],[100.795909,22.013861],[100.803966,22.010362],[100.820811,22.009304],[100.830577,22.007025],[100.855724,21.989529],[100.867279,21.983466],[100.870372,21.975653],[100.871511,21.955512],[100.874522,21.943793],[100.881765,21.937445],[100.89088,21.932644],[100.899506,21.925116],[100.905935,21.913601],[100.910085,21.900824],[100.912527,21.873318],[100.917898,21.860948],[100.929861,21.853583],[100.941905,21.849229],[100.947276,21.846259],[101.029796,21.849392],[101.067393,21.828925],[101.070811,21.822537],[101.06837,21.808417],[101.068858,21.794379],[101.081065,21.78795],[101.108002,21.791449],[101.173839,21.815253],[101.181244,21.796942],[101.163097,21.784044],[101.118663,21.766872],[101.118663,21.760037],[101.124522,21.744412],[101.127371,21.695339],[101.135916,21.684923],[101.148855,21.676947],[101.161143,21.658555],[101.168468,21.638007],[101.166433,21.623481],[101.173595,21.612128],[101.167247,21.600409],[101.157481,21.586453],[101.153901,21.568223],[101.158702,21.552843],[101.160818,21.534857],[101.15683,21.519884],[101.142833,21.513617],[101.003184,21.406195],[100.909679,21.360297],[100.895763,21.355984],[100.862071,21.323513],[100.851085,21.315009],[100.814138,21.300401],[100.791596,21.297553],[100.772227,21.30447],[100.764659,21.309394],[100.756358,21.312608],[100.747488,21.31448],[100.738048,21.315009],[100.725108,21.311876],[100.72169,21.3039],[100.722179,21.292914],[100.720714,21.280829],[100.689138,21.159532],[100.637218,21.069892],[100.625092,21.054267],[100.606456,21.044135],[100.561534,21.035264],[100.543061,21.027615],[100.555593,21.000067],[100.556895,20.992255],[100.551687,20.985541],[100.53297,20.97366],[100.528819,20.968614],[100.526785,20.94713],[100.517345,20.906521],[100.515229,20.886746],[100.533946,20.874091],[100.622569,20.888739],[100.651785,20.883002],[100.651785,20.876776],[100.626231,20.853705],[100.598562,20.833686],[100.568614,20.817979],[100.536388,20.807888],[100.513113,20.807237],[100.47047,20.818468],[100.383393,20.831895],[100.364513,20.828396],[100.350841,20.815497],[100.341726,20.799669],[100.329275,20.7862],[100.289806,20.775214],[100.274343,20.762234],[100.248464,20.732204],[100.221446,20.709784],[100.210948,20.697577],[100.206716,20.680976],[100.202078,20.668077],[100.179698,20.638373],[100.172537,20.622341],[100.172537,20.609239],[100.15976,20.582872],[100.148855,20.548285],[100.136322,20.459418],[100.127045,20.428046],[100.124929,20.406602],[100.120697,20.388983],[100.11085,20.375067],[100.099294,20.362413],[100.09669,20.348578],[100.097179,20.33515],[100.098888,20.317979],[100.096934,20.283393],[100.10255,20.26378],[100.116222,20.248236],[100.134288,20.239285],[100.152192,20.239325],[100.16741,20.253852],[100.166921,20.292792],[100.175955,20.300808],[100.17921,20.30268],[100.201427,20.310492],[100.206716,20.311347],[100.208914,20.313178],[100.22047,20.349189],[100.240001,20.372992],[100.27003,20.392035],[100.306082,20.399848],[100.344005,20.390163],[100.363862,20.369167],[100.421397,20.250312],[100.447032,20.218207],[100.451752,20.210476],[100.45696,20.196601],[100.460704,20.190945],[100.468354,20.185899],[100.485281,20.178982],[100.488455,20.173529],[100.496023,20.165107],[100.512462,20.155463],[100.528819,20.14997],[100.536388,20.153673],[100.54184,20.166938],[100.554698,20.170356],[100.570404,20.167996],[100.584239,20.163601],[100.594493,20.128363],[100.584239,20.012763],[100.593028,19.819403],[100.601573,19.802843],[100.621674,19.810411],[100.631928,19.815945],[100.641775,19.816474],[100.655528,19.813544],[100.668875,19.81505],[100.678233,19.818793],[100.748546,19.858018],[100.779552,19.884874],[100.792084,19.891059],[100.805919,19.892035],[100.927989,19.873318],[100.974539,19.859565],[101.009369,19.834052],[101.013113,19.841132],[101.019542,19.850165],[101.02239,19.85574],[101.029796,19.85574],[101.043224,19.840888],[101.059581,19.845893],[101.084402,19.86876],[101.109386,19.885688],[101.118663,19.889268],[101.131358,19.888739],[101.142019,19.883857],[101.150401,19.878241],[101.169526,19.869005],[101.23463,19.827826],[101.257904,19.821357],[101.5595,19.823513],[101.596934,19.831366],[101.618907,19.85574],[101.606863,19.863145],[101.619395,19.874457],[101.641124,19.884792],[101.656342,19.889268],[101.666515,19.895087],[101.695811,19.922309],[101.707612,19.930854],[101.748057,19.941189],[101.829275,19.948065],[101.865245,19.957546],[101.898692,19.979356],[101.950206,20.034206],[101.974539,20.053738],[101.992198,20.059597],[102.04713,20.053738],[102.063569,20.058173],[102.119151,20.088487],[102.15797,20.092231],[102.190684,20.080675],[102.216807,20.057481],[102.23585,20.026435],[102.246511,19.988105],[102.240896,19.958808],[102.222341,19.935818],[102.194265,19.916571],[102.184988,19.91238],[102.16741,19.906765],[102.160167,19.902899],[102.141531,19.879259],[102.136241,19.875596],[102.127208,19.873481],[102.117686,19.864081],[102.10849,19.861925],[102.085948,19.860216],[102.045421,19.851996],[102.038829,19.848822],[102.029796,19.841498],[102.023855,19.832058],[102.011648,19.805935],[102.00587,19.800482],[101.993175,19.794379],[101.893565,19.705634],[101.885753,19.687201],[101.87672,19.679389],[101.835541,19.657986],[101.824311,19.649685],[101.814952,19.615017],[101.816742,19.481513],[101.820893,19.467149],[101.829112,19.454128],[101.841319,19.440863],[101.856944,19.43122],[101.896414,19.414374],[101.906261,19.403266],[101.899425,19.393419],[101.866222,19.360297],[101.858409,19.344916],[101.853282,19.325466],[101.830333,19.292304],[101.824311,19.27912],[101.823985,19.260199],[101.830577,19.200954],[101.828705,19.180772],[101.820323,19.147284],[101.808604,19.032579],[101.804861,19.021267],[101.803152,19.010565],[101.806895,19.002021],[101.812266,18.99433],[101.814952,18.985053],[101.816905,18.964423],[101.815929,18.94127],[101.805675,18.904161],[101.803233,18.885606],[101.808849,18.870307],[101.851003,18.826687],[101.861746,18.793402],[101.85434,18.763373],[101.824311,18.703721],[101.819591,18.682685],[101.815115,18.640815],[101.810639,18.621853],[101.779307,18.568874],[101.763764,18.549587],[101.742605,18.502265],[101.732188,18.491482],[101.729991,18.488471],[101.707612,18.471015],[101.696056,18.466742],[101.683197,18.464423],[101.670665,18.465359],[101.65976,18.471015],[101.644542,18.457628],[101.626394,18.421169],[101.615164,18.405544],[101.593028,18.390937],[101.577729,18.385077],[101.574229,18.375759],[101.573416,18.364447],[101.571056,18.354926],[101.561534,18.341335],[101.546967,18.325385],[101.529877,18.312079],[101.512462,18.306505],[101.490489,18.303046],[101.481212,18.293809],[101.476166,18.280707],[101.467377,18.26557],[101.420828,18.214708],[101.40325,18.182196],[101.399099,18.141425],[101.404307,18.127794],[101.422944,18.096381],[101.427013,18.084011],[101.433197,18.012315],[101.430919,17.982611],[101.424571,17.954657],[101.423595,17.9289],[101.444835,17.894884],[101.449474,17.884833],[101.456391,17.877387],[101.471202,17.874538],[101.495372,17.879096],[101.504242,17.875841],[101.509044,17.860867],[101.515717,17.860867],[101.523204,17.866645],[101.537364,17.873603],[101.551199,17.87519],[101.557384,17.864569],[101.554698,17.857123],[101.536794,17.826728],[101.536794,17.820502],[101.543468,17.815538],[101.550222,17.81391],[101.557058,17.815538],[101.563569,17.820502]]]}},{"type":"Feature","properties":{"dissolve":"421Lake Centerline","scalerank":7,"featurecla":"Lake Centerline","name":"Ile","name_alt":null,"rivernum":421,"note":null,"min_zoom":6,"name_en":"Ile","min_label":7},"bbox":[77.133881,43.817572,78.176036,43.908067],"geometry":{"type":"MultiLineString","coordinates":[[[77.133881,43.908067],[77.17099,43.887519],[77.219656,43.875312],[77.269054,43.867743],[77.404389,43.865261],[77.545909,43.850287],[77.609386,43.837755],[77.673757,43.827948],[77.745942,43.827948],[77.81894,43.824286],[77.879893,43.817572],[77.944347,43.819281],[78.022553,43.849066],[78.058604,43.855902],[78.111827,43.862128],[78.154063,43.870185],[78.176036,43.867051]]]}},{"type":"Feature","properties":{"dissolve":"421River","scalerank":7,"featurecla":"River","name":"Ile","name_alt":null,"rivernum":421,"note":null,"min_zoom":6,"name_en":"Ile","min_label":7},"bbox":[74.075206,43.620673,81.752452,45.422553],"geometry":{"type":"MultiLineString","coordinates":[[[77.133881,43.908067],[77.114513,43.921454],[77.052257,43.953315],[77.038992,43.973212],[77.040131,43.982042],[77.043549,43.988552],[77.055105,44.0008],[77.05657,44.007107],[77.052664,44.013007],[77.047293,44.018093],[77.038992,44.027777],[77.012462,44.047309],[77.004161,44.058865],[77.009288,44.072943],[77.010509,44.096788],[77.007742,44.121283],[77.000499,44.137397],[76.972748,44.165351],[76.963959,44.169949],[76.943289,44.171942],[76.935313,44.175605],[76.926524,44.19241],[76.911062,44.235216],[76.897472,44.243842],[76.804291,44.243842],[76.784679,44.248114],[76.762462,44.258409],[76.744151,44.27265],[76.72462,44.311062],[76.671886,44.338243],[76.660411,44.360541],[76.66505,44.363145],[76.684988,44.388861],[76.688243,44.394639],[76.700857,44.396023],[76.714447,44.393866],[76.725352,44.394802],[76.729747,44.405219],[76.727631,44.429877],[76.72047,44.445136],[76.677664,44.489081],[76.654796,44.52501],[76.65089,44.528022],[76.637625,44.535915],[76.634288,44.538642],[76.633311,44.547431],[76.638194,44.564399],[76.637625,44.569688],[76.605724,44.605902],[76.600108,44.610378],[76.592865,44.617947],[76.544932,44.634304],[76.517182,44.655341],[76.503347,44.662177],[76.497,44.663153],[76.483002,44.661648],[76.476573,44.662177],[76.468028,44.667182],[76.455496,44.68004],[76.445567,44.682685],[76.436534,44.680487],[76.427989,44.676581],[76.419363,44.67475],[76.410737,44.6789],[76.395112,44.694037],[76.3803,44.701768],[76.370616,44.714301],[76.365245,44.728095],[76.36671,44.737331],[76.36671,44.744086],[76.334972,44.752875],[76.325206,44.757758],[76.306651,44.781317],[76.300873,44.785102],[76.292898,44.786811],[76.280203,44.791083],[76.268158,44.796698],[76.263113,44.802436],[76.256847,44.811306],[76.242198,44.811469],[76.215343,44.80622],[76.205089,44.808783],[76.183686,44.817939],[76.174327,44.820502],[76.157807,44.820339],[76.128998,44.814521],[76.112641,44.813056],[76.104503,44.817247],[76.086029,44.836046],[76.075613,44.840277],[76.041026,44.838568],[76.030935,44.840277],[75.966238,44.887722],[75.95517,44.891547],[75.950694,44.899237],[75.940196,44.901882],[75.90089,44.901557],[75.889578,44.90351],[75.879161,44.907782],[75.865815,44.915391],[75.856049,44.923122],[75.831635,44.94953],[75.820567,44.955349],[75.797293,44.961208],[75.787364,44.966905],[75.777843,44.970526],[75.755382,44.96955],[75.746349,44.973822],[75.726329,44.998155],[75.716238,45.004828],[75.697276,45.009101],[75.596446,45.014268],[75.551036,45.028835],[75.503347,45.037909],[75.465831,45.064765],[75.448171,45.073065],[75.398204,45.069444],[75.373953,45.071804],[75.358816,45.087348],[75.333914,45.082099],[75.269216,45.085273],[75.256358,45.083604],[75.232188,45.117743],[75.219249,45.122016],[75.188894,45.117011],[75.173757,45.120876],[75.175873,45.132514],[75.168468,45.139431],[75.158702,45.144843],[75.153901,45.152208],[75.150401,45.166287],[75.141368,45.168158],[75.119151,45.161811],[75.072358,45.166693],[75.047374,45.172146],[75.036632,45.1789],[75.034923,45.191474],[75.029877,45.196479],[75.020518,45.197089],[75.00644,45.196601],[74.996511,45.19953],[74.996349,45.206895],[75.000418,45.216864],[75.003022,45.227322],[74.991222,45.237982],[74.964773,45.232937],[74.92392,45.216498],[74.783376,45.231472],[74.76295,45.237576],[74.761974,45.240994],[74.763601,45.254096],[74.76295,45.258083],[74.758556,45.259141],[74.747,45.257432],[74.742442,45.258083],[74.740001,45.260565],[74.737315,45.264472],[74.733979,45.268581],[74.728608,45.271674],[74.722748,45.271796],[74.714122,45.265326],[74.708263,45.264919],[74.673432,45.285346],[74.669363,45.293158],[74.668875,45.301215],[74.665619,45.308173],[74.653087,45.31269],[74.646902,45.299628],[74.640391,45.304958],[74.633556,45.313992],[74.630626,45.322537],[74.635916,45.326361],[74.640066,45.328152],[74.639089,45.332343],[74.635671,45.337104],[74.632498,45.340603],[74.626964,45.341498],[74.611908,45.335028],[74.605235,45.333808],[74.605398,45.335313],[74.599864,45.342841],[74.598399,45.344021],[74.595225,45.348822],[74.58782,45.347113],[74.574229,45.340603],[74.568451,45.343614],[74.557384,45.367296],[74.546967,45.380561],[74.536713,45.390733],[74.524913,45.399685],[74.508881,45.408881],[74.505626,45.413194],[74.5053,45.417589],[74.502696,45.421169],[74.170014,45.422553],[74.161876,45.415107],[74.140554,45.382188],[74.128835,45.374783],[74.122569,45.372016],[74.118744,45.36579],[74.115815,45.358913],[74.111827,45.354275],[74.102061,45.350287],[74.092214,45.347846],[74.081635,45.346951],[74.075206,45.344794]],[[81.752452,43.620673],[81.739513,43.628485],[81.714366,43.651679],[81.697276,43.660997],[81.649669,43.674628],[81.636322,43.682156],[81.643158,43.688992],[81.621186,43.70246],[81.607514,43.719794],[81.597179,43.738105],[81.585216,43.754462],[81.565929,43.768622],[81.499278,43.798204],[81.482839,43.81155],[81.468272,43.827501],[81.452891,43.840928],[81.423106,43.849799],[81.402354,43.863878],[81.392833,43.867051],[81.348399,43.874538],[81.235932,43.915351],[81.190033,43.921698],[81.164154,43.920193],[81.115245,43.910427],[81.069835,43.908149],[81.031261,43.911078],[80.929454,43.941433],[80.885916,43.947618],[80.841889,43.942206],[80.823253,43.93122],[80.78948,43.900702],[80.769216,43.894395],[80.746593,43.890204],[80.724864,43.879828],[80.705658,43.866278],[80.69044,43.852851],[80.677338,43.834662],[80.669526,43.827948],[80.656261,43.825507],[80.655772,43.828681],[80.652192,43.835801],[80.647227,43.843085],[80.642589,43.846625],[80.635265,43.846055],[80.624115,43.84101],[80.600352,43.837104],[80.546153,43.821112],[80.525971,43.811835],[80.495128,43.791775],[80.480968,43.786404],[80.461436,43.784491],[80.454845,43.786689],[80.448416,43.791327],[80.443614,43.796088],[80.440522,43.798204],[80.424734,43.797187],[80.415131,43.794298],[80.3956,43.784491],[80.374278,43.777452],[80.352794,43.773383],[80.283783,43.768175],[80.246104,43.757758],[80.224213,43.75788],[80.212006,43.762397],[80.206065,43.769151],[80.204112,43.775417],[80.203868,43.778347],[80.192556,43.796251],[80.184255,43.801337],[80.164073,43.789578],[80.151541,43.786444],[80.140391,43.787543],[80.135671,43.794786],[80.129975,43.795681],[80.105968,43.792548],[80.101329,43.791327],[80.092052,43.795193],[80.076752,43.806505],[80.066661,43.811835],[80.048269,43.815782],[80.035411,43.813178],[80.023692,43.808214],[80.008311,43.805609],[79.999766,43.810329],[79.99171,43.818915],[79.981863,43.82335],[79.956472,43.80919],[79.943126,43.808173],[79.922781,43.811835],[79.92213,43.813666],[79.918956,43.817939],[79.91448,43.822618],[79.909679,43.825507],[79.902924,43.826239],[79.889089,43.824978],[79.857432,43.830349],[79.845714,43.835232],[79.84075,43.843126],[79.831391,43.854193],[79.730886,43.908067],[79.72934,43.911566],[79.725352,43.925605],[79.72405,43.929145],[79.718272,43.930487],[79.70574,43.929551],[79.700206,43.932237],[79.682709,43.943061],[79.57545,43.972927],[79.53004,43.968207],[79.437266,43.93537],[79.362641,43.910834],[79.32545,43.906806],[79.311941,43.903266],[79.299083,43.897895],[79.276378,43.880561],[79.268321,43.879014],[79.259369,43.880886],[79.244884,43.880723],[79.219737,43.871934],[79.174083,43.845323],[79.148692,43.839789],[79.0949,43.838894],[79.069753,43.834744],[79.045665,43.825507],[79.02296,43.839219],[78.998057,43.842882],[78.872081,43.843085],[78.698009,43.820502],[78.604015,43.822537],[78.441417,43.863064],[78.255056,43.881944],[78.236908,43.880723],[78.19394,43.86697],[78.176036,43.867051]]]}},{"type":"Feature","properties":{"dissolve":"42River","scalerank":2,"featurecla":"River","name":"Yarlung","name_alt":"Brahmaputra","rivernum":42,"note":null,"min_zoom":2.1,"name_en":"Brahmaputra","min_label":3.1},"bbox":[87.660167,29.004177,94.355968,29.399034],"geometry":{"type":"MultiLineString","coordinates":[[[87.660167,29.151557],[87.67628,29.154242],[87.687511,29.166287],[87.668224,29.200222],[87.668061,29.2178],[87.683849,29.237657],[87.693126,29.244086],[87.710378,29.252305],[87.717865,29.258165],[87.726736,29.269558],[87.742117,29.302273],[87.776296,29.333767],[87.817963,29.347602],[87.906668,29.364325],[87.964285,29.395046],[87.985037,29.399034],[88.041433,29.387519],[88.090017,29.383653],[88.105235,29.378241],[88.129242,29.354071],[88.149018,29.34044],[88.168875,29.337104],[88.186697,29.341376],[88.201427,29.350653],[88.205333,29.357123],[88.208263,29.365424],[88.212576,29.373114],[88.221283,29.377956],[88.234304,29.377997],[88.241628,29.373074],[88.248464,29.367214],[88.259776,29.364325],[88.270925,29.365424],[88.290538,29.370063],[88.30071,29.371161],[88.306733,29.367947],[88.318289,29.35163],[88.324962,29.344428],[88.342703,29.335517],[88.362641,29.331326],[88.403087,29.330146],[88.425304,29.335761],[88.4699,29.359565],[88.495616,29.364325],[88.557872,29.352607],[88.63087,29.350653],[88.832042,29.344428],[88.843354,29.339545],[88.851736,29.334296],[88.860606,29.334093],[88.872976,29.344428],[88.91212,29.328884],[88.946056,29.351752],[88.979421,29.381212],[89.016368,29.385443],[89.022878,29.380154],[89.047374,29.354071],[89.055593,29.349433],[89.066498,29.346503],[89.122813,29.342882],[89.133067,29.344428],[89.142507,29.349473],[89.157319,29.364325],[89.167247,29.371161],[89.187104,29.360948],[89.204682,29.357123],[89.246349,29.357489],[89.255789,29.360663],[89.274506,29.374823],[89.280528,29.377956],[89.36435,29.364081],[89.396576,29.354438],[89.430919,29.348009],[89.475678,29.350653],[89.544363,29.368679],[89.567882,29.371161],[89.661225,29.371161],[89.694591,29.363796],[89.764415,29.32571],[89.811534,29.322699],[89.927989,29.340115],[89.990245,29.364325],[90.013927,29.36754],[90.074962,29.357489],[90.138194,29.35989],[90.286062,29.336249],[90.325287,29.322699],[90.380626,29.293769],[90.397472,29.289171],[90.401866,29.285468],[90.418061,29.266425],[90.421641,29.258165],[90.427338,29.253119],[90.44044,29.25495],[90.462576,29.261908],[90.54599,29.273708],[90.582449,29.284776],[90.70045,29.348904],[90.740326,29.3546],[90.757335,29.319648],[90.764659,29.295681],[90.780935,29.297227],[90.808442,29.316474],[90.819021,29.320868],[90.839285,29.340115],[90.84962,29.344428],[90.890554,29.344428],[90.906342,29.340115],[90.937592,29.320868],[90.959727,29.316474],[90.969493,29.320095],[90.97991,29.32685],[90.990326,29.330878],[91.000418,29.326483],[91.008067,29.321112],[91.017507,29.318386],[91.038015,29.316474],[91.086355,29.330837],[91.114757,29.335395],[91.127371,29.325303],[91.138601,29.318427],[91.287852,29.291531],[91.302745,29.284695],[91.321707,29.285183],[91.357351,29.293809],[91.376882,29.296169],[91.436046,29.290554],[91.451752,29.291938],[91.511322,29.303982],[91.570079,29.305203],[91.649913,29.28852],[91.663259,29.28738],[91.670665,29.288153],[91.691742,29.293647],[91.708588,29.294623],[91.769054,29.288601],[91.783132,29.290595],[91.836925,29.305447],[91.865652,29.307807],[91.894542,29.306586],[91.922862,29.301622],[91.949718,29.293077],[91.951182,29.28913],[91.953868,29.287218],[91.956635,29.285956],[91.959402,29.283474],[91.96046,29.281033],[91.961681,29.275702],[91.962901,29.273057],[91.97519,29.264594],[91.992931,29.261054],[92.011241,29.262071],[92.025401,29.267605],[92.028901,29.271918],[92.03476,29.284288],[92.038585,29.289171],[92.048269,29.295681],[92.059093,29.299628],[92.07073,29.301622],[92.128917,29.304796],[92.1456,29.303412],[92.19337,29.278876],[92.271088,29.252061],[92.345144,29.237413],[92.356944,29.236843],[92.370372,29.242214],[92.39088,29.265652],[92.398204,29.271023],[92.42213,29.269355],[92.450287,29.263983],[92.473725,29.254421],[92.483653,29.239936],[92.487722,29.224189],[92.523936,29.164089],[92.525076,29.158881],[92.529714,29.156765],[92.545665,29.154893],[92.556407,29.155544],[92.580577,29.160712],[92.593435,29.16116],[92.584076,29.141547],[92.581147,29.131171],[92.583507,29.123236],[92.59433,29.117255],[92.60198,29.121202],[92.608165,29.128852],[92.614513,29.133816],[92.637706,29.138129],[92.663666,29.140163],[92.688406,29.136094],[92.707286,29.12226],[92.715912,29.10871],[92.721121,29.103095],[92.729421,29.098212],[92.73642,29.096015],[92.870372,29.097032],[92.888927,29.092637],[92.89796,29.082831],[92.906342,29.07864],[92.919932,29.068427],[92.928315,29.063585],[92.938731,29.059597],[92.959565,29.055203],[92.995128,29.053575],[93.019623,29.056586],[93.042572,29.064561],[93.062022,29.078803],[93.07366,29.093207],[93.088878,29.117987],[93.096772,29.126003],[93.106212,29.129462],[93.116303,29.125108],[93.121593,29.116034],[93.121755,29.105333],[93.120372,29.094265],[93.121023,29.083767],[93.12379,29.076483],[93.127859,29.069851],[93.14088,29.052558],[93.145925,29.042344],[93.149018,29.037665],[93.15919,29.031195],[93.171479,29.030585],[93.184581,29.031928],[93.196788,29.031358],[93.20753,29.026313],[93.224864,29.012519],[93.234467,29.00963],[93.283295,29.004177],[93.29892,29.00491],[93.316742,29.010118],[93.332937,29.018744],[93.347667,29.029893],[93.393484,29.083767],[93.404389,29.105007],[93.411143,29.114691],[93.4192,29.122016],[93.43629,29.134141],[93.443126,29.142198],[93.461355,29.175076],[93.474539,29.185858],[93.490652,29.189643],[93.508067,29.189154],[93.55714,29.182196],[93.590343,29.183702],[93.606212,29.18183],[93.616466,29.182888],[93.621349,29.182196],[93.626394,29.177354],[93.628184,29.163886],[93.631847,29.16116],[93.654552,29.163153],[93.687266,29.169704],[93.703868,29.167914],[93.713796,29.163642],[93.722179,29.158759],[93.730968,29.155585],[93.742442,29.156684],[93.766694,29.166571],[93.778412,29.169501],[93.792247,29.167914],[93.823009,29.156114],[93.834239,29.154608],[93.848888,29.155707],[93.864757,29.159247],[93.879405,29.165473],[93.89088,29.174628],[93.90032,29.186632],[93.905284,29.19184],[93.911876,29.195828],[93.930756,29.200873],[93.969249,29.204779],[93.988048,29.210313],[94.016043,29.2237],[94.026296,29.225938],[94.060964,29.228339],[94.078868,29.227647],[94.095307,29.224921],[94.118256,29.216742],[94.126231,29.214952],[94.161143,29.214545],[94.179617,29.217149],[94.194835,29.221869],[94.355968,29.309516]]]}},{"type":"Feature","properties":{"dissolve":"457River","scalerank":7,"featurecla":"River","name":"Xiang","name_alt":null,"rivernum":457,"note":null,"min_zoom":6,"name_en":"Xiang","min_label":7},"bbox":[110.616954,25.48786,113.138194,29.147488],"geometry":{"type":"MultiLineString","coordinates":[[[110.616954,25.48786],[110.624115,25.492621],[110.641368,25.501247],[110.651134,25.508368],[110.665538,25.526435],[110.674327,25.533474],[110.687999,25.536322],[110.689138,25.540635],[110.698009,25.560899],[110.701671,25.567003],[110.706472,25.57807],[110.700857,25.586697],[110.685313,25.597724],[110.678803,25.627997],[110.691987,25.6588],[110.739268,25.713813],[110.753673,25.726874],[110.770763,25.737982],[110.788259,25.745673],[110.804454,25.748562],[110.826915,25.755072],[110.845307,25.771064],[110.859874,25.791287],[110.881765,25.831163],[110.893321,25.843817],[110.943777,25.87226],[110.949718,25.876736],[110.952159,25.882025],[110.95517,25.886501],[110.962169,25.884792],[110.972585,25.878933],[110.994151,25.889716],[111.001475,25.89643],[111.006847,25.906846],[111.014171,25.899441],[111.023367,25.903144],[111.029063,25.901435],[111.033946,25.898627],[111.040945,25.899441],[111.046479,25.904324],[111.046397,25.909776],[111.045421,25.915351],[111.04835,25.920478],[111.059255,25.927558],[111.088634,25.940375],[111.086518,25.95364],[111.087576,25.966824],[111.091075,25.978868],[111.096121,25.988796],[111.097341,25.988796],[111.109874,26.000556],[111.109874,26.001776],[111.117686,26.0067],[111.122162,26.008857],[111.12558,26.007514],[111.1303,26.001776],[111.141124,26.010077],[111.152192,26.015001],[111.160818,26.021104],[111.166515,26.041205],[111.198009,26.092231],[111.253184,26.235175],[111.256358,26.256171],[111.260671,26.265082],[111.283214,26.273139],[111.285655,26.283311],[111.281261,26.294989],[111.273692,26.303494],[111.318126,26.321723],[111.332042,26.32392],[111.365001,26.317572],[111.380056,26.318874],[111.390391,26.331366],[111.39503,26.326361],[111.401785,26.321723],[111.404552,26.317165],[111.413829,26.322821],[111.422862,26.32331],[111.430919,26.318874],[111.438243,26.309638],[111.450694,26.312852],[111.462413,26.311062],[111.472341,26.312079],[111.479747,26.32392],[111.487234,26.32392],[111.490326,26.311835],[111.495942,26.302924],[111.503917,26.296007],[111.514415,26.290391],[111.513438,26.293728],[111.516775,26.298285],[111.52239,26.302273],[111.527436,26.303494],[111.532725,26.301052],[111.536388,26.293809],[111.567882,26.271999],[111.575857,26.268663],[111.588308,26.268744],[111.59075,26.270575],[111.591807,26.275946],[111.599539,26.286689],[111.607188,26.307725],[111.590261,26.350775],[111.592703,26.368598],[111.604015,26.389431],[111.604096,26.407904],[111.595876,26.423163],[111.582123,26.433783],[111.589936,26.445421],[111.607514,26.457953],[111.616954,26.467963],[111.623057,26.480251],[111.63144,26.505886],[111.637299,26.515733],[111.645925,26.522406],[111.6692,26.536322],[111.678315,26.543647],[111.686941,26.555365],[111.691742,26.564561],[111.698416,26.571885],[111.713145,26.577826],[111.713145,26.584662],[111.705496,26.589952],[111.701671,26.596544],[111.701671,26.603827],[111.705658,26.611355],[111.730398,26.586534],[111.739838,26.571601],[111.740326,26.550482],[111.75172,26.556667],[111.752615,26.564724],[111.750987,26.574164],[111.753998,26.584662],[111.765391,26.595893],[111.775483,26.599636],[111.798106,26.598253],[111.80071,26.596259],[111.802664,26.58572],[111.804861,26.581244],[111.811046,26.577908],[111.815522,26.579535],[111.819835,26.582831],[111.825694,26.584662],[111.846609,26.581326],[111.85434,26.584744],[111.863292,26.598253],[111.867117,26.588406],[111.870128,26.556708],[111.869395,26.547553],[111.864513,26.530788],[111.863292,26.519477],[111.868582,26.506456],[111.879649,26.511339],[111.889415,26.522773],[111.890636,26.529364],[111.900645,26.52558],[111.907156,26.518622],[111.911388,26.511908],[111.914806,26.508897],[111.927745,26.501044],[111.951752,26.465115],[111.966319,26.454901],[111.984874,26.454779],[112.023448,26.465155],[112.048839,26.467963],[112.048839,26.474799],[112.043793,26.476182],[112.04127,26.477851],[112.039073,26.479804],[112.034679,26.482204],[112.048595,26.496934],[112.067882,26.500271],[112.11378,26.495876],[112.133067,26.501085],[112.147472,26.513861],[112.172374,26.543647],[112.189382,26.548692],[112.212983,26.548367],[112.229096,26.541205],[112.223643,26.526313],[112.187266,26.501817],[112.180675,26.488552],[112.199148,26.474799],[112.2199,26.472032],[112.249929,26.473741],[112.276866,26.480333],[112.288503,26.492133],[112.290701,26.497423],[112.295665,26.502143],[112.300385,26.508612],[112.302745,26.519477],[112.30071,26.553656],[112.302745,26.564154],[112.316905,26.57685],[112.333507,26.572781],[112.34905,26.562527],[112.360281,26.556708],[112.375662,26.563747],[112.396902,26.593451],[112.411388,26.598253],[112.417491,26.593817],[112.431895,26.57038],[112.441905,26.563829],[112.448741,26.562323],[112.462901,26.564154],[112.474294,26.567328],[112.479015,26.574408],[112.480886,26.581407],[112.483409,26.584662],[112.494233,26.583116],[112.509288,26.577501],[112.5206,26.577826],[112.537608,26.584784],[112.570893,26.606716],[112.619884,26.614203],[112.627533,26.622992],[112.627452,26.638129],[112.630463,26.659735],[112.634776,26.668728],[112.651541,26.694525],[112.663097,26.723334],[112.6692,26.732042],[112.677257,26.75141],[112.657319,26.757392],[112.610606,26.755927],[112.589936,26.768826],[112.583507,26.789578],[112.591563,26.808905],[112.61435,26.81741],[112.637543,26.819932],[112.648692,26.827663],[112.665701,26.858344],[112.63087,26.873643],[112.616466,26.885077],[112.610606,26.903347],[112.61614,26.922634],[112.642507,26.953681],[112.651541,26.975653],[112.653412,27.016059],[112.660574,27.026679],[112.682384,27.0303],[112.697683,27.021918],[112.705658,27.004584],[112.716563,26.989936],[112.740326,26.989325],[112.757498,27.00198],[112.759858,27.021023],[112.75172,27.04206],[112.737234,27.060655],[112.728282,27.082953],[112.748464,27.091742],[112.77589,27.0928],[112.788829,27.091742],[112.807872,27.101915],[112.807709,27.118028],[112.80421,27.133002],[112.813243,27.139512],[112.840017,27.145453],[112.847585,27.160468],[112.844005,27.201606],[112.861095,27.235175],[112.920909,27.286444],[112.93214,27.32449],[112.927257,27.344672],[112.908946,27.385362],[112.904796,27.410183],[112.913503,27.423367],[112.933523,27.43419],[112.973643,27.448594],[112.986908,27.431993],[112.991954,27.413886],[113.00058,27.399359],[113.024669,27.393378],[113.044526,27.399726],[113.043793,27.415351],[113.036143,27.435411],[113.035167,27.454861],[113.063975,27.479275],[113.107188,27.495551],[113.138194,27.517198],[113.131358,27.557888],[113.111827,27.592149],[113.105724,27.612087],[113.103445,27.636746],[113.106456,27.659369],[113.120535,27.694607],[113.124034,27.714911],[113.122488,27.726426],[113.114024,27.745958],[113.11085,27.756456],[113.110769,27.76614],[113.116222,27.782091],[113.117686,27.794379],[113.120942,27.79739],[113.127615,27.802558],[113.134532,27.810411],[113.137625,27.821357],[113.135834,27.832872],[113.13087,27.841132],[113.122488,27.847235],[113.11085,27.852078],[113.090261,27.856757],[113.083018,27.859565],[113.062918,27.852118],[113.016612,27.851426],[112.997325,27.842149],[112.964692,27.814561],[112.944591,27.802802],[112.925304,27.797431],[112.903819,27.800564],[112.891368,27.811306],[112.885671,27.827948],[112.884288,27.848944],[112.893484,27.862331],[112.953217,27.906684],[112.987722,27.952419],[112.99114,27.958441],[112.987885,27.96544],[112.950043,28.007921],[112.939952,28.022895],[112.93214,28.044501],[112.930431,28.068386],[112.935557,28.087592],[112.942393,28.104844],[112.959483,28.201524],[112.960867,28.244656],[112.954275,28.27912],[112.936941,28.3074],[112.870942,28.356635],[112.844005,28.385688],[112.80128,28.452745],[112.766124,28.507514],[112.761485,28.523627],[112.762706,28.545111],[112.771414,28.553168],[112.785492,28.558539],[112.802419,28.572089],[112.810313,28.588935],[112.810802,28.6081],[112.805186,28.626166],[112.795665,28.639716],[112.776541,28.649929],[112.755789,28.651394],[112.734304,28.646999],[112.713634,28.639716],[112.711192,28.674425],[112.748464,28.696804],[112.793875,28.717312],[112.81601,28.746446],[112.826671,28.766628],[112.873627,28.776882],[112.884288,28.794257],[112.892996,28.857978],[112.891694,28.880561],[112.881765,28.915798],[112.879405,28.935248],[112.884288,28.955675],[112.896495,28.971544],[112.949474,29.006863],[112.982188,29.03502],[113.010916,29.068671],[113.018077,29.08865],[113.013438,29.110541],[112.993582,29.147488]]]}},{"type":"Feature","properties":{"dissolve":"458River","scalerank":7,"featurecla":"River","name":"Huai","name_alt":null,"rivernum":458,"note":null,"min_zoom":6,"name_en":"Huai","min_label":7},"bbox":[113.72047,32.241319,116.521414,32.610622],"geometry":{"type":"MultiLineString","coordinates":[[[113.72047,32.416042],[113.727306,32.423448],[113.738048,32.416612],[113.746674,32.417344],[113.754893,32.421169],[113.765147,32.423448],[113.772472,32.422065],[113.796153,32.409776],[113.798432,32.422146],[113.804617,32.425727],[113.823416,32.423448],[113.825776,32.421454],[113.850678,32.409776],[113.856293,32.40294],[113.876882,32.343044],[113.878673,32.330634],[113.883067,32.318874],[113.892345,32.314561],[113.901785,32.311469],[113.905935,32.303331],[113.899099,32.285956],[113.899343,32.276679],[113.930186,32.264716],[113.943126,32.249945],[113.953624,32.241319],[113.968028,32.252143],[113.98406,32.242784],[114.003998,32.241645],[114.021007,32.249945],[114.033621,32.280829],[114.057058,32.301866],[114.062429,32.310167],[114.071788,32.36579],[114.084565,32.39704],[114.104015,32.409776],[114.102957,32.426378],[114.113373,32.44245],[114.130382,32.449815],[114.148692,32.440212],[114.158783,32.426581],[114.163259,32.422146],[114.172293,32.416042],[114.182058,32.410753],[114.193614,32.406928],[114.204682,32.406033],[114.213878,32.409776],[114.237722,32.389472],[114.310069,32.360785],[114.325694,32.348415],[114.341319,32.329901],[114.354991,32.308214],[114.364757,32.286241],[114.382335,32.292426],[114.400483,32.287706],[114.419526,32.280544],[114.44044,32.278835],[114.471283,32.294216],[114.490245,32.300482],[114.5053,32.296495],[114.521902,32.287706],[114.53655,32.292426],[114.552745,32.301703],[114.573741,32.306749],[114.585704,32.30504],[114.595225,32.302558],[114.604096,32.303046],[114.614513,32.310167],[114.622651,32.312567],[114.646902,32.309678],[114.658946,32.313585],[114.659679,32.287421],[114.678233,32.292589],[114.717296,32.31977],[114.737804,32.314236],[114.762787,32.303534],[114.787608,32.29682],[114.806651,32.303331],[114.823253,32.305854],[114.880382,32.292751],[114.899018,32.286241],[114.919688,32.274115],[114.930756,32.270819],[114.94752,32.27265],[114.958018,32.277615],[114.971772,32.292589],[114.981619,32.299913],[115.004649,32.292751],[115.033376,32.29324],[115.060557,32.298774],[115.07724,32.306749],[115.096202,32.352403],[115.108897,32.368598],[115.12558,32.35456],[115.145437,32.359402],[115.165457,32.356472],[115.182628,32.34748],[115.193858,32.334052],[115.199474,32.338446],[115.205333,32.34162],[115.211436,32.341986],[115.217459,32.337755],[115.224864,32.333808],[115.231375,32.337592],[115.237804,32.343817],[115.245128,32.347113],[115.274425,32.348212],[115.288503,32.351345],[115.348643,32.3817],[115.367198,32.397569],[115.351003,32.409776],[115.351003,32.416042],[115.361095,32.421698],[115.371349,32.423285],[115.379893,32.419623],[115.385753,32.409776],[115.392589,32.409776],[115.42628,32.434394],[115.530203,32.401068],[115.564464,32.409776]],[[115.564464,32.402371],[115.585378,32.412299],[115.60906,32.416287],[115.630951,32.413275],[115.646414,32.402371],[115.687104,32.46662],[115.693614,32.491767],[115.726085,32.481147],[115.741628,32.479112],[115.754487,32.498155],[115.768484,32.490994],[115.789806,32.470649],[115.808116,32.503282],[115.843191,32.542426],[115.884288,32.571601],[115.920014,32.574286],[115.961192,32.598944],[115.989268,32.610622],[116.002045,32.604682],[116.009695,32.590928],[116.026866,32.574734],[116.057384,32.553168],[116.076427,32.543728],[116.096121,32.530382],[116.101573,32.527859],[116.107188,32.524441],[116.111908,32.51907],[116.113292,32.512966],[116.112397,32.506619],[116.112071,32.500434],[116.12672,32.478827],[116.136974,32.457587],[116.150971,32.438666],[116.174083,32.429633],[116.242931,32.46072],[116.246674,32.477729],[116.257091,32.496405],[116.271658,32.511786],[116.28948,32.51907],[116.313731,32.512763],[116.346446,32.478583],[116.362315,32.470649],[116.377615,32.465766],[116.421316,32.443142],[116.440929,32.436469],[116.481293,32.445095],[116.505382,32.475043],[116.521414,32.501247]]]}},{"type":"Feature","properties":{"dissolve":"461River","scalerank":7,"featurecla":"River","name":"Künes","name_alt":null,"rivernum":461,"note":null,"min_zoom":6,"name_en":"Künes","min_label":7},"bbox":[81.752452,43.241767,84.959565,43.656521],"geometry":{"type":"MultiLineString","coordinates":[[[84.959565,43.366807],[84.944347,43.37641],[84.926199,43.371527],[84.90919,43.359198],[84.898041,43.346381],[84.886974,43.316921],[84.881358,43.308783],[84.870616,43.299343],[84.865001,43.295966],[84.806082,43.280382],[84.790538,43.273261],[84.755626,43.251288],[84.738699,43.244167],[84.720795,43.241767],[84.671479,43.24787],[84.60255,43.262641],[84.460704,43.270941],[84.435639,43.268744],[84.386974,43.258124],[84.361339,43.257188],[84.146495,43.311469],[84.028087,43.321112],[83.844493,43.381781],[83.823253,43.392605],[83.748057,43.447577],[83.725515,43.455756],[83.701671,43.459988],[83.556407,43.46662],[83.516775,43.475043],[83.416026,43.511746],[83.380382,43.51557],[83.297455,43.513007],[83.233653,43.528591],[83.160167,43.537218],[83.092703,43.535671],[83.032644,43.523464],[82.83196,43.521104],[82.650645,43.554145],[82.554861,43.594306],[82.535818,43.598253],[82.483979,43.601264],[82.417247,43.613837],[82.368175,43.613593],[82.268321,43.595526],[82.219249,43.593329],[82.201182,43.596259],[82.116303,43.627997],[82.098074,43.632148],[82.038097,43.637966],[82.016531,43.6435],[82.00294,43.651394],[81.986908,43.656521],[81.873464,43.641181],[81.792003,43.617255],[81.752452,43.620673]]]}},{"type":"Feature","properties":{"dissolve":"473River","scalerank":7,"featurecla":"River","name":"Min","name_alt":null,"rivernum":473,"note":null,"min_zoom":6,"name_en":"Min","min_label":7},"bbox":[117.33546,26.145819,119.093761,27.866319],"geometry":{"type":"MultiLineString","coordinates":[[[117.489187,27.866319],[117.455089,27.791287],[117.44752,27.724433],[117.441417,27.708075],[117.430919,27.699246],[117.423839,27.700141],[117.417003,27.703315],[117.407319,27.701239],[117.39796,27.693956],[117.343435,27.618516],[117.338959,27.60224],[117.33546,27.558051],[117.337901,27.538642],[117.349213,27.530585],[117.357921,27.52265],[117.370372,27.504014],[117.381358,27.482286],[117.393647,27.444037],[117.426524,27.412055],[117.434011,27.396796],[117.437266,27.380561],[117.445811,27.361599],[117.458995,27.348944],[117.475597,27.351833],[117.565359,27.2803],[117.578624,27.263007],[117.586192,27.249945],[117.587006,27.243028],[117.578624,27.222113],[117.576671,27.206],[117.576752,27.182888],[117.580333,27.162177],[117.588878,27.153144],[117.61085,27.142646],[117.627533,27.117947],[117.6421,27.089382],[117.657481,27.067206],[117.675548,27.055609],[117.678152,27.049872],[117.671153,27.040554],[117.667735,27.032538],[117.668875,27.022325],[117.672862,27.013536],[117.691742,27.001573],[117.729503,26.947781],[117.720714,26.934638],[117.729096,26.926581],[117.742768,26.919704],[117.750011,26.910224],[117.750011,26.875759],[117.753429,26.867703],[117.768158,26.853095],[117.771576,26.848456],[117.780854,26.815212],[117.804291,26.791042],[117.835134,26.777533],[117.867198,26.776435],[117.884776,26.788031],[117.894216,26.790066],[117.905528,26.78795],[117.923106,26.778591],[117.946788,26.773383],[117.965912,26.765815],[117.982432,26.755927],[117.989513,26.746039],[117.991954,26.729844],[118.00172,26.707628],[118.003184,26.694525],[117.996674,26.675808],[117.971283,26.648708],[117.962169,26.633083],[117.969168,26.629096],[117.988373,26.623114],[117.996349,26.61876],[118.013438,26.595771],[118.013682,26.591417],[118.071544,26.586859],[118.092459,26.591417],[118.108328,26.600124],[118.143484,26.628241],[118.157725,26.642646],[118.16627,26.638007],[118.236501,26.625596],[118.245372,26.619493],[118.257498,26.60456],[118.264415,26.598253],[118.294688,26.585517],[118.310069,26.575954],[118.329112,26.569607],[118.332774,26.565009],[118.336925,26.558417],[118.358328,26.552558],[118.366791,26.547634],[118.370616,26.539862],[118.37672,26.516669],[118.380463,26.50727],[118.398367,26.487657],[118.401134,26.482733],[118.403738,26.479356],[118.408295,26.468858],[118.410248,26.457831],[118.404796,26.452663],[118.399425,26.44892],[118.392507,26.439805],[118.387299,26.428494],[118.387299,26.417914],[118.408783,26.404079],[118.446788,26.402655],[118.65797,26.417914],[118.671804,26.409369],[118.668549,26.371853],[118.678233,26.363308],[118.6928,26.362738],[118.703868,26.360297],[118.714285,26.355007],[118.726166,26.345893],[118.754893,26.317898],[118.770518,26.306464],[118.799734,26.29918],[118.840424,26.283515],[118.853526,26.273871],[118.842052,26.248725],[118.849132,26.23196],[118.866954,26.220771],[118.887706,26.21247],[118.898204,26.219062],[118.912527,26.219672],[118.942312,26.21247],[118.959727,26.200303],[118.966807,26.198188],[118.993744,26.1942],[119.000987,26.195502],[119.015717,26.200629],[119.024832,26.201036],[119.032481,26.19831],[119.044526,26.188829],[119.057384,26.181179],[119.078868,26.154486],[119.093761,26.145819]]]}},{"type":"Feature","properties":{"dissolve":"538River","scalerank":7,"featurecla":"River","name":"Jialing","name_alt":null,"rivernum":538,"note":null,"min_zoom":6,"name_en":"Jialing","min_label":7},"bbox":[105.688731,29.573269,106.881602,34.207953],"geometry":{"type":"MultiLineString","coordinates":[[[106.881602,34.207953],[106.874766,34.197455],[106.858653,34.196234],[106.826427,34.20421],[106.779714,34.163357],[106.769054,34.15705],[106.757904,34.146999],[106.724132,34.081326],[106.698253,34.061876],[106.687511,34.049099],[106.681733,34.025458],[106.667735,34.000352],[106.6421,33.965196],[106.601492,33.946234],[106.510916,33.924669],[106.47698,33.902533],[106.435557,33.856391],[106.424083,33.834906],[106.411713,33.830024],[106.384858,33.82807],[106.376964,33.824571],[106.362071,33.807318],[106.354015,33.800727],[106.312592,33.795844],[106.306244,33.789903],[106.302989,33.778998],[106.288503,33.755805],[106.285167,33.748969],[106.276296,33.735297],[106.256114,33.739691],[106.223725,33.759141],[106.21046,33.739325],[106.209483,33.7237],[106.213878,33.707953],[106.216889,33.687812],[106.218761,33.682074],[106.22226,33.677314],[106.223888,33.672553],[106.220307,33.666693],[106.205333,33.655626],[106.203217,33.653347],[106.199311,33.651923],[106.175955,33.628852],[106.070079,33.573432],[106.045502,33.546902],[106.022227,33.51496],[106.019786,33.503119],[106.038585,33.474189],[106.044444,33.45893],[106.052419,33.423407],[106.0678,33.378974],[106.081065,33.357856],[106.097179,33.348904],[106.121755,33.345282],[106.136322,33.335761],[106.142345,33.322292],[106.141694,33.306708],[106.136241,33.288764],[106.128184,33.27497],[106.082286,33.22366],[106.068858,33.212104],[106.052419,33.204901],[106.058442,33.186103],[106.060557,33.16295],[106.056895,33.141872],[106.045502,33.129177],[106.085704,33.09101],[106.100841,33.080756],[106.072276,33.00373],[106.059255,32.985175],[105.971609,32.943793],[105.956716,32.933376],[105.953543,32.916205],[105.945079,32.909206],[105.934093,32.904853],[105.922537,32.895819],[105.914561,32.880968],[105.915538,32.870714],[105.919932,32.860216],[105.922537,32.844591],[105.924734,32.840888],[105.933686,32.830634],[105.935802,32.824083],[105.934825,32.816718],[105.930593,32.807725],[105.927175,32.782416],[105.92685,32.771064],[105.929454,32.760321],[105.935802,32.744981],[105.9192,32.746934],[105.910167,32.744452],[105.905365,32.737087],[105.901541,32.724473],[105.901541,32.686632],[105.900483,32.683783],[105.898204,32.679389],[105.895925,32.673448],[105.893077,32.656073],[105.889089,32.651801],[105.884532,32.64879],[105.881114,32.642524],[105.867442,32.591376],[105.865245,32.576483],[105.855479,32.560004],[105.853282,32.54975],[105.861339,32.507676],[105.860606,32.491767],[105.85255,32.470404],[105.836518,32.445828],[105.81544,32.427069],[105.79184,32.423448],[105.795095,32.417426],[105.802013,32.401638],[105.805431,32.395535],[105.76767,32.393093],[105.750662,32.38703],[105.737071,32.375027],[105.709076,32.31977],[105.713634,32.316759],[105.730968,32.308458],[105.737804,32.303778],[105.731375,32.297065],[105.716726,32.286241],[105.715424,32.272732],[105.717784,32.258246],[105.722667,32.245673],[105.729747,32.23786],[105.723888,32.229315],[105.723643,32.223741],[105.727143,32.219184],[105.733409,32.213975],[105.737722,32.205105],[105.731619,32.19892],[105.722585,32.194444],[105.716726,32.190701],[105.688731,32.149115],[105.711681,32.142849],[105.715424,32.12877],[105.712901,32.111029],[105.716726,32.093858],[105.707937,32.092149],[105.7046,32.089871],[105.702078,32.08629],[105.695567,32.080837],[105.70574,32.075019],[105.709239,32.06684],[105.70574,32.058661],[105.695567,32.052924],[105.701915,32.045518],[105.717052,32.037665],[105.723562,32.032416],[105.727143,32.024034],[105.72755,32.010606],[105.733409,32.002021],[105.741222,31.996853],[105.746593,31.995673],[105.749766,31.992377],[105.750662,31.980902],[105.749604,31.971381],[105.744395,31.953721],[105.743337,31.943061],[105.757742,31.950141],[105.768321,31.948432],[105.776785,31.944037],[105.784923,31.943061],[105.794037,31.947292],[105.803966,31.957628],[105.812755,31.964179],[105.820567,31.951687],[105.822846,31.940863],[105.81837,31.931342],[105.805431,31.922553],[105.839692,31.910427],[105.853282,31.908881],[105.845876,31.884711],[105.838878,31.876288],[105.825857,31.874132],[105.825857,31.867947],[105.831716,31.863715],[105.835053,31.860297],[105.835704,31.855577],[105.833425,31.84748],[105.848074,31.850287],[105.85906,31.855292],[105.869151,31.858344],[105.881114,31.854926],[105.873139,31.82335],[105.8921,31.799384],[105.921153,31.789374],[105.943289,31.799628],[105.943858,31.780463],[105.935069,31.763495],[105.933849,31.749091],[105.956716,31.737616],[105.940115,31.723578],[105.938731,31.708564],[105.948171,31.6942],[105.963145,31.6824],[105.956391,31.682929],[105.935802,31.6824],[105.94044,31.67296],[105.943289,31.669298],[105.936941,31.663886],[105.931651,31.657253],[105.928396,31.649604],[105.928803,31.641384],[105.934255,31.635443],[105.942556,31.635932],[105.951264,31.637641],[105.956716,31.635199],[105.961436,31.618516],[105.963145,31.586778],[105.97047,31.573106],[105.982595,31.582465],[105.997976,31.609158],[106.008067,31.614691],[106.052419,31.579901],[106.059255,31.568671],[106.064138,31.552354],[106.060802,31.537787],[106.042084,31.531521],[106.030691,31.525214],[106.021007,31.511339],[106.020112,31.497423],[106.035248,31.491156],[106.038097,31.483751],[106.039806,31.448513],[106.038666,31.436591],[106.024669,31.412624],[106.0206,31.400255],[106.028412,31.394965],[106.034679,31.393866],[106.048106,31.389228],[106.055919,31.388129],[106.065115,31.385199],[106.069265,31.378526],[106.070811,31.371609],[106.073009,31.367703],[106.08839,31.363471],[106.119884,31.358669],[106.134939,31.354031],[106.134939,31.347195],[106.117279,31.337917],[106.114757,31.321723],[106.12322,31.310655],[106.138276,31.316759],[106.151459,31.329454],[106.197032,31.361436],[106.208995,31.336778],[106.210704,31.330105],[106.213878,31.32628],[106.22169,31.326483],[106.230398,31.327582],[106.236827,31.326687],[106.247325,31.318712],[106.258556,31.308173],[106.267345,31.2956],[106.270925,31.281684],[106.267833,31.26789],[106.259939,31.252265],[106.250011,31.23782],[106.240489,31.227118],[106.228038,31.221137],[106.214366,31.216579],[106.211436,31.211249],[106.230479,31.203192],[106.243337,31.207139],[106.249522,31.197292],[106.253673,31.181016],[106.261241,31.165961],[106.287852,31.146552],[106.292003,31.144843],[106.296641,31.131863],[106.307546,31.130194],[106.326182,31.134874],[106.346202,31.120307],[106.346772,31.107042],[106.341319,31.094753],[106.343435,31.083075],[106.351329,31.079942],[106.361746,31.079617],[106.370697,31.077663],[106.374522,31.069688],[106.39503,31.045518],[106.378184,31.033515],[106.355968,31.030219],[106.332937,31.029486],[106.312511,31.02501],[106.325043,31.013617],[106.344656,30.998969],[106.356863,30.985297],[106.34669,30.97663],[106.33253,30.980007],[106.297537,31.003201],[106.279063,31.01142],[106.256114,31.016669],[106.255951,31.013495],[106.257823,31.004584],[106.261729,30.996161],[106.271495,30.992377],[106.270925,30.984076],[106.258311,30.965115],[106.240489,30.962266],[106.200206,30.970404],[106.188406,30.959744],[106.180756,30.912787],[106.172537,30.902167],[106.161143,30.893663],[106.141124,30.852159],[106.131277,30.836697],[106.09962,30.801947],[106.085704,30.780382],[106.079682,30.761257],[106.089122,30.746039],[106.106456,30.728583],[106.115652,30.711249],[106.100841,30.696112],[106.088308,30.709337],[106.072195,30.714138],[106.058442,30.707302],[106.052419,30.685858],[106.057384,30.665717],[106.069835,30.666368],[106.087413,30.672471],[106.107026,30.668769],[106.118907,30.649929],[106.106375,30.634711],[106.083018,30.624701],[106.062999,30.620958],[106.062755,30.61404],[106.069265,30.579535],[106.066742,30.566352],[106.084076,30.571723],[106.093761,30.576361],[106.098399,30.574286],[106.100841,30.559516],[106.096609,30.54914],[106.089366,30.538845],[106.089366,30.531806],[106.107026,30.531602],[106.120046,30.538886],[106.132904,30.549872],[106.145112,30.553494],[106.155365,30.538398],[106.152924,30.532172],[106.141694,30.483181],[106.11378,30.500759],[106.10377,30.499701],[106.090343,30.486884],[106.095307,30.477851],[106.135346,30.455268],[106.148529,30.449652],[106.152761,30.465155],[106.164561,30.463446],[106.177013,30.450466],[106.182872,30.432237],[106.185964,30.413113],[106.19337,30.411566],[106.202566,30.421332],[106.210704,30.435981],[106.224701,30.398301],[106.230479,30.387559],[106.243175,30.375352],[106.254975,30.370063],[106.266775,30.366645],[106.279063,30.360297],[106.250418,30.339789],[106.264903,30.327704],[106.268565,30.305365],[106.264903,30.281562],[106.257823,30.264716],[106.251964,30.270453],[106.241954,30.278144],[106.236827,30.285183],[106.226329,30.250067],[106.220307,30.240505],[106.203217,30.203233],[106.205496,30.189724],[106.211681,30.186794],[106.221283,30.185858],[106.233653,30.178412],[106.235037,30.170844],[106.230072,30.160915],[106.216889,30.14057],[106.22991,30.136908],[106.249522,30.15412],[106.264659,30.154853],[106.263276,30.147528],[106.26295,30.133409],[106.268484,30.124945],[106.285167,30.134345],[106.289561,30.123847],[106.285655,30.114854],[106.277843,30.105414],[106.270925,30.09337],[106.294851,30.091986],[106.309581,30.085557],[106.31544,30.07099],[106.311615,30.03738],[106.309662,30.028388],[106.303152,30.020819],[106.27589,30.01435],[106.271495,30.006537],[106.273204,29.99726],[106.279063,29.989691],[106.285167,29.989691],[106.295828,30.002061],[106.319021,30.002061],[106.337494,29.989325],[106.333018,29.962999],[106.362071,29.946885],[106.379242,29.926622],[106.408702,29.873643],[106.426362,29.853461],[106.509369,29.782294],[106.520112,29.769477],[106.524832,29.753852],[106.523529,29.721381],[106.516694,29.703437],[106.501231,29.695502],[106.470795,29.705878],[106.456391,29.704291],[106.450206,29.685329],[106.452159,29.677598],[106.461029,29.662421],[106.463878,29.654568],[106.462413,29.650702],[106.459402,29.645128],[106.458507,29.637519],[106.463878,29.627265],[106.459239,29.595567],[106.497813,29.577094],[106.550222,29.573269],[106.586843,29.585639]]]}},{"type":"Feature","properties":{"dissolve":"539River","scalerank":7,"featurecla":"River","name":"Dong","name_alt":null,"rivernum":539,"note":null,"min_zoom":6,"name_en":"Dong","min_label":7},"bbox":[113.617768,22.949286,115.741954,25.056505],"geometry":{"type":"MultiLineString","coordinates":[[[115.707937,25.056505],[115.714936,25.044704],[115.731944,25.002794],[115.735037,24.984483],[115.736257,24.981879],[115.738455,24.979844],[115.740815,24.976752],[115.741954,24.970811],[115.739757,24.964911],[115.729991,24.955756],[115.727794,24.950059],[115.724213,24.943305],[115.716319,24.93948],[115.707449,24.936632],[115.700857,24.932969],[115.689382,24.913275],[115.680593,24.892035],[115.680756,24.886094],[115.687266,24.877387],[115.687999,24.871527],[115.684825,24.865017],[115.67571,24.853542],[115.673757,24.847276],[115.673106,24.838894],[115.665294,24.810818],[115.624522,24.730007],[115.595225,24.689724],[115.569347,24.662869],[115.556651,24.654364],[115.517589,24.636501],[115.50587,24.628445],[115.497488,24.616807],[115.48878,24.597764],[115.492686,24.588813],[115.47877,24.56741],[115.474294,24.552802],[115.471283,24.506619],[115.474294,24.494167],[115.428233,24.459418],[115.420421,24.450059],[115.412201,24.444932],[115.394054,24.451524],[115.365245,24.467475],[115.372569,24.430447],[115.36907,24.414862],[115.351003,24.419053],[115.344249,24.41295],[115.322846,24.402208],[115.317393,24.398546],[115.317556,24.389228],[115.328705,24.369412],[115.327403,24.361029],[115.312511,24.35102],[115.268158,24.333523],[115.197032,24.290391],[115.183686,24.278144],[115.177257,24.258897],[115.192556,24.246039],[115.216401,24.234971],[115.235444,24.221055],[115.241954,24.206651],[115.246023,24.187771],[115.248546,24.148464],[115.24407,24.126247],[115.232514,24.109687],[115.200694,24.083279],[115.178152,24.059678],[115.163585,24.047553],[115.149506,24.042304],[115.123546,24.039415],[115.107432,24.031277],[115.096121,24.018337],[115.084727,24.001329],[115.069835,23.989081],[115.065929,23.982204],[115.070974,23.973985],[115.057058,23.957709],[115.00172,23.919704],[114.985281,23.900255],[114.976329,23.890326],[114.96575,23.884223],[114.951915,23.883857],[114.933197,23.891466],[114.912527,23.872382],[114.88323,23.857489],[114.780528,23.821153],[114.747488,23.798448],[114.720225,23.76907],[114.70045,23.733832],[114.676768,23.67536],[114.673106,23.661811],[114.670665,23.641221],[114.652599,23.590399],[114.650076,23.572089],[114.650645,23.554226],[114.656261,23.540595],[114.669444,23.535183],[114.674246,23.527371],[114.686697,23.47309],[114.666515,23.462999],[114.631928,23.42654],[114.607595,23.418524],[114.601736,23.41531],[114.580658,23.394884],[114.57073,23.389472],[114.559825,23.391466],[114.543468,23.398627],[114.522634,23.396348],[114.507823,23.389024],[114.498627,23.375312],[114.495616,23.353624],[114.502208,23.33336],[114.552826,23.272569],[114.556733,23.269884],[114.560964,23.266303],[114.563894,23.26085],[114.552175,23.244412],[114.550304,23.240343],[114.555675,23.232733],[114.564545,23.226142],[114.573985,23.221544],[114.580658,23.219835],[114.587332,23.211697],[114.59433,23.192694],[114.595307,23.171902],[114.583914,23.157782],[114.5831,23.161404],[114.572846,23.165961],[114.559825,23.169949],[114.550304,23.171454],[114.52825,23.160264],[114.514659,23.156073],[114.504812,23.164415],[114.478038,23.181993],[114.466075,23.186306],[114.457286,23.179023],[114.433523,23.125922],[114.426199,23.117499],[114.415619,23.109442],[114.408946,23.108588],[114.296397,23.157782],[114.28419,23.153428],[114.249034,23.15644],[114.233165,23.13642],[114.195079,23.116156],[114.179779,23.099392],[114.138194,23.075873],[114.122813,23.064276],[114.111501,23.057725],[114.098399,23.060329],[114.07724,23.075873],[114.058116,23.09394],[114.047374,23.095486],[114.031993,23.086453],[114.01588,23.080268],[113.996755,23.081895],[113.980886,23.089219],[113.974213,23.100409],[113.905935,23.110663],[113.872,23.101915],[113.856293,23.103217],[113.843516,23.110256]],[[114.636485,23.735948],[114.639089,23.733832],[114.657237,23.723822],[114.671397,23.73017],[114.686534,23.741563],[114.707286,23.746853]],[[113.844005,23.110663],[113.843516,23.110256]],[[113.843516,23.110256],[113.830333,23.117499]],[[113.843516,23.110256],[113.832286,23.100857],[113.812022,23.089382],[113.78948,23.079861],[113.756847,23.07156],[113.617768,22.949286]]]}},{"type":"Feature","properties":{"dissolve":"540River","scalerank":7,"featurecla":"River","name":"Yalong","name_alt":null,"rivernum":540,"note":null,"min_zoom":6,"name_en":"Yalong","min_label":7},"bbox":[97.157237,26.605089,102.016124,34.064236],"geometry":{"type":"MultiLineString","coordinates":[[[97.616628,34.064236],[97.60906,34.046007],[97.591319,34.033718],[97.345714,33.942084],[97.328298,33.931912],[97.313243,33.920478],[97.235769,33.841986],[97.226736,33.834906],[97.216401,33.831732],[97.190847,33.828803],[97.181895,33.824327],[97.172374,33.81745],[97.164643,33.81448],[97.159272,33.809638],[97.157237,33.797065],[97.159434,33.787706],[97.171641,33.759141],[97.217296,33.554145],[97.223562,33.538275],[97.231944,33.524115],[97.243663,33.50906],[97.248057,33.494086],[97.24822,33.474921],[97.251557,33.458319],[97.276378,33.444892],[97.331716,33.373155],[97.344168,33.360907],[97.359386,33.35574],[97.396902,33.352607],[97.417003,33.348171],[97.431651,33.341417],[97.473888,33.358222],[97.518647,33.370063],[97.564545,33.376166],[97.609793,33.375556],[97.672374,33.363634],[97.695404,33.361925],[97.715831,33.368516],[97.749441,33.399766],[97.768077,33.409735],[97.800548,33.402371],[97.840017,33.376573],[97.875662,33.343329],[97.897227,33.313544],[97.899343,33.304145],[97.901378,33.281358],[97.904063,33.272528],[97.911388,33.262966],[97.951264,33.228624],[97.969493,33.22248],[98.045665,33.215115],[98.055431,33.211127],[98.060313,33.205146],[98.065115,33.19599],[98.071056,33.187527],[98.079112,33.183783],[98.116303,33.179755],[98.157807,33.170193],[98.172944,33.158393],[98.186453,33.142442],[98.201915,33.128363],[98.223399,33.122341],[98.237641,33.1164],[98.319753,33.0456],[98.336925,33.014594],[98.364024,32.936794],[98.391612,32.904975],[98.432384,32.888983],[98.521007,32.868476],[98.576427,32.844428],[98.593272,32.841173],[98.60377,32.846544],[98.612234,32.859198],[98.61964,32.873969],[98.627452,32.885565],[98.643891,32.890163],[98.664643,32.883368],[98.761241,32.820665],[98.765636,32.833686],[98.775808,32.832221],[98.788097,32.825019],[98.799083,32.820665],[98.816905,32.817694],[98.822032,32.809516],[98.824229,32.797431],[98.8331,32.782823],[98.851654,32.759345],[98.862397,32.752875],[98.87794,32.755479],[98.904307,32.764472],[98.905284,32.766059],[98.914806,32.76378],[98.925792,32.754503],[98.935964,32.752387],[98.953543,32.754706],[98.981456,32.764431],[98.99407,32.766059],[99.003917,32.762315],[99.04184,32.738105],[99.049734,32.728135],[99.056163,32.703681],[99.062266,32.689765],[99.095876,32.650458],[99.103933,32.635118],[99.089854,32.627753],[99.082123,32.610053],[99.081716,32.589708],[99.090261,32.574286],[99.071544,32.562283],[99.064464,32.539618],[99.065033,32.513699],[99.069591,32.491767],[99.082612,32.456651],[99.082612,32.443915],[99.076752,32.437323],[99.053722,32.423611],[99.043224,32.414862],[99.031505,32.412543],[99.019786,32.408637],[99.014415,32.398953],[99.010265,32.383653],[99.000255,32.37877],[98.988048,32.377143],[98.966563,32.367255],[98.951671,32.365261],[98.938243,32.361151],[98.932546,32.350857],[98.934988,32.338935],[98.952891,32.299913],[98.976573,32.305528],[98.995942,32.299994],[99.013276,32.290961],[99.031505,32.286241],[99.04127,32.285102],[99.062266,32.279975],[99.072765,32.278835],[99.082286,32.282782],[99.106619,32.301052],[99.117442,32.306749],[99.142019,32.308214],[99.203136,32.293077],[99.225515,32.292426],[99.245697,32.289008],[99.264415,32.280626],[99.281993,32.265163],[99.302338,32.231635],[99.32366,32.186957],[99.326671,32.17536],[99.333751,32.170274],[99.340831,32.168321],[99.344005,32.165839],[99.345144,32.150702],[99.348399,32.147162],[99.354747,32.147081],[99.364513,32.142279],[99.39503,32.117621],[99.412201,32.110622],[99.43629,32.108181],[99.455333,32.102973],[99.463878,32.089301],[99.467459,32.046698],[99.471446,32.027899],[99.480479,32.007351],[99.494151,31.99079],[99.511811,31.983995],[99.528575,31.975165],[99.561046,31.932156],[99.576182,31.916327],[99.635834,31.896755],[99.64503,31.885037],[99.647227,31.875352],[99.656668,31.853624],[99.658702,31.844021],[99.656749,31.822577],[99.658376,31.817003],[99.665538,31.806464],[99.68214,31.79088],[99.720714,31.772895],[99.737641,31.762152],[99.752045,31.743435],[99.781668,31.676134],[99.806163,31.651719],[99.841319,31.640937],[99.970225,31.628852],[100.017833,31.616034],[100.060557,31.595567],[100.090017,31.56627],[100.096934,31.545193],[100.102306,31.500596],[100.114024,31.480984],[100.140554,31.460273],[100.155528,31.453681],[100.15919,31.445868],[100.161632,31.436632],[100.165131,31.429145],[100.183116,31.416612],[100.206147,31.405707],[100.226166,31.392117],[100.234793,31.371405],[100.239268,31.349677],[100.268891,31.298774],[100.282319,31.25727],[100.291515,31.191921],[100.305186,31.150458],[100.309825,31.128038],[100.309825,31.064521],[100.306407,31.052314],[100.308604,31.040839],[100.308849,30.959255],[100.307872,30.950792],[100.306244,30.943671],[100.302989,30.936306],[100.278901,30.918728],[100.266205,30.896023],[100.245128,30.888739],[100.199962,30.881659],[100.163829,30.856716],[100.149832,30.821112],[100.152192,30.779893],[100.197032,30.657986],[100.217703,30.626329],[100.248464,30.60045],[100.271983,30.584581],[100.288829,30.570258],[100.316742,30.538398],[100.332774,30.52501],[100.355724,30.514431],[100.382335,30.507392],[100.409434,30.50491],[100.440115,30.463324],[100.453624,30.448798],[100.463145,30.444037],[100.53297,30.438666],[100.562511,30.430528],[100.577403,30.414903],[100.587983,30.420762],[100.594005,30.419786],[100.604584,30.408067],[100.605235,30.405219],[100.604584,30.391303],[100.606456,30.387152],[100.610362,30.387478],[100.614838,30.388861],[100.618256,30.387559],[100.628673,30.374864],[100.63974,30.366807],[100.666108,30.354071],[100.680919,30.34337],[100.69101,30.330634],[100.707042,30.298855],[100.716563,30.285427],[100.728038,30.272325],[100.737722,30.257921],[100.741791,30.240505],[100.750255,30.225898],[100.787364,30.221055],[100.80421,30.193427],[100.822846,30.194037],[100.842865,30.199042],[100.854503,30.19953],[100.863048,30.189724],[100.866222,30.187038],[100.915701,30.196072],[100.936697,30.207587],[100.956635,30.210639],[100.977957,30.209093],[100.995697,30.203233],[101.002208,30.18004],[100.99879,30.157294],[100.991954,30.136013],[100.98821,30.117255],[100.994395,30.11046],[101.006114,30.107001],[101.013194,30.101833],[101.005626,30.089952],[101.001964,30.082221],[101.00351,30.073106],[101.007253,30.063056],[101.009369,30.052436],[101.003022,30.006903],[101.003022,29.981147],[101.012462,29.969835],[101.027192,29.960476],[101.061941,29.916124],[101.070811,29.901557],[101.086925,29.859158],[101.090343,29.839179],[101.08839,29.75377],[101.084402,29.736436],[101.072358,29.712348],[101.070811,29.702338],[101.074148,29.691474],[101.088145,29.671698],[101.091238,29.665107],[101.089936,29.66059],[101.083751,29.647895],[101.081065,29.643988],[101.080089,29.640489],[101.083425,29.629828],[101.084402,29.623847],[101.086681,29.617377],[101.118337,29.575629],[101.125092,29.569892],[101.132253,29.565782],[101.124766,29.52794],[101.152354,29.464667],[101.139659,29.428575],[101.107188,29.399726],[101.087576,29.386054],[101.074229,29.380194],[101.07252,29.378363],[101.058604,29.369656],[101.050304,29.366523],[101.039806,29.367051],[101.030528,29.370673],[101.021088,29.372138],[101.009369,29.366523],[101.009369,29.359727],[101.01588,29.350287],[101.018158,29.345486],[101.015636,29.346055],[101.021495,29.344509],[101.029307,29.345242],[101.035492,29.34809],[101.036062,29.352891],[101.040701,29.342353],[101.042979,29.331977],[101.054617,29.202948],[101.061697,29.1789],[101.074229,29.167914],[101.093761,29.160834],[101.105235,29.143256],[101.118663,29.099677],[101.151378,29.029975],[101.149913,29.013373],[101.142833,29.003363],[101.142182,28.994249],[101.150401,28.966661],[101.160818,28.960476],[101.172455,28.956163],[101.180675,28.948798],[101.184255,28.928005],[101.173839,28.86286],[101.175141,28.796454],[101.180675,28.776923],[101.186046,28.768663],[101.191417,28.764675],[101.196707,28.759874],[101.201101,28.749579],[101.202566,28.739285],[101.201915,28.684923],[101.242117,28.495185],[101.270437,28.415961],[101.279796,28.399115],[101.292979,28.383653],[101.31129,28.374701],[101.331065,28.372138],[101.349864,28.36579],[101.365001,28.345526],[101.366628,28.335761],[101.363292,28.315863],[101.365001,28.304551],[101.369395,28.298163],[101.382742,28.285753],[101.385509,28.280707],[101.384044,28.257351],[101.371755,28.201524],[101.378917,28.166083],[101.408214,28.140937],[101.443126,28.118964],[101.467377,28.092882],[101.478282,28.070746],[101.487315,28.063056],[101.525971,28.065009],[101.540538,28.073676],[101.571056,28.133857],[101.587901,28.149604],[101.608328,28.164618],[101.625418,28.180447],[101.632416,28.198432],[101.634776,28.208441],[101.644542,28.227851],[101.652924,28.284044],[101.652924,28.325629],[101.655772,28.33629],[101.666515,28.36286],[101.674408,28.372138],[101.71046,28.396674],[101.721202,28.407009],[101.746023,28.474392],[101.749115,28.492947],[101.745046,28.534857],[101.74822,28.550401],[101.762787,28.565253],[101.828136,28.594062],[101.84962,28.612087],[101.875987,28.618354],[101.903819,28.621202],[101.919932,28.620469],[101.937999,28.606757],[101.936046,28.592597],[101.925873,28.577582],[101.913829,28.54446],[101.872081,28.482733],[101.864268,28.442694],[101.881928,28.363349],[101.885753,28.325629],[101.883556,28.316514],[101.874278,28.294989],[101.861908,28.277655],[101.86085,28.26907],[101.860932,28.260321],[101.858409,28.249945],[101.848237,28.231716],[101.813731,28.191596],[101.796397,28.160509],[101.791596,28.146308],[101.790538,28.139268],[101.790131,28.130154],[101.786713,28.109483],[101.771983,28.07746],[101.769054,28.058173],[101.773936,28.036811],[101.785574,28.028347],[101.824311,28.023993],[101.845225,28.024237],[101.854503,28.021674],[101.858409,28.013129],[101.853526,28.0067],[101.827159,27.989285],[101.822846,27.980658],[101.839447,27.96251],[101.861257,27.946804],[101.872081,27.944892],[101.868582,27.923774],[101.85963,27.911241],[101.848562,27.900946],[101.837901,27.886176],[101.867442,27.886094],[101.882335,27.876532],[101.885346,27.859809],[101.878917,27.838446],[101.91155,27.82453],[101.924897,27.786241],[101.934255,27.743109],[101.9546,27.714911],[101.977306,27.710883],[101.997081,27.712429],[102.010834,27.707587],[102.016124,27.684516],[102.015147,27.665839],[102.010916,27.642768],[102.002615,27.622626],[101.98878,27.612494],[101.994395,27.603868],[101.99822,27.59573],[102.000499,27.587999],[102.001394,27.580675],[101.997569,27.560126],[101.97877,27.519843],[101.974539,27.496405],[101.97226,27.430487],[101.960867,27.365505],[101.950125,27.337226],[101.937266,27.317003],[101.90325,27.280097],[101.889089,27.257636],[101.871349,27.205349],[101.858409,27.180487],[101.868175,27.176052],[101.874278,27.166693],[101.87672,27.157416],[101.875499,27.153144],[101.875662,27.150946],[101.844737,27.139512],[101.828705,27.128038],[101.815522,27.11461],[101.80657,27.097439],[101.803233,27.074327],[101.797944,27.056098],[101.773692,27.011786],[101.72877,26.968817],[101.708425,26.962022],[101.696788,26.956814],[101.687104,26.947781],[101.699311,26.932156],[101.702729,26.893134],[101.72519,26.848456],[101.732188,26.844672],[101.769054,26.837917],[101.796479,26.817694],[101.836436,26.763454],[101.865245,26.742947],[101.855968,26.732042],[101.824311,26.674018],[101.82366,26.669257],[101.825206,26.65823],[101.824311,26.65351],[101.813406,26.638129],[101.796397,26.605089]]]}},{"type":"Feature","properties":{"dissolve":"552River","scalerank":7,"featurecla":"River","name":"Bei","name_alt":null,"rivernum":552,"note":null,"min_zoom":6,"name_en":"Bei","min_label":7},"bbox":[112.528819,23.152859,113.580577,25.367133],"geometry":{"type":"MultiLineString","coordinates":[[[112.528819,25.317247],[112.577729,25.322048],[112.673432,25.358832],[112.721609,25.367133],[112.733165,25.364814],[112.755382,25.354356],[112.766775,25.350938],[112.790457,25.348171],[112.798839,25.344916],[112.837332,25.320258],[112.869721,25.306098],[113.016775,25.281562],[113.051768,25.259548],[113.115815,25.234076],[113.150645,25.225124],[113.182709,25.222602],[113.202078,25.23017],[113.234955,25.256863],[113.254893,25.258409],[113.273448,25.246039],[113.28297,25.226182],[113.29241,25.162218],[113.296479,25.153998],[113.316905,25.137071],[113.330333,25.121772],[113.356456,25.075385],[113.366954,25.062567],[113.378184,25.052273],[113.404307,25.038113],[113.414236,25.030056],[113.42099,25.015408],[113.423269,24.996446],[113.422862,24.981024],[113.426362,24.966661],[113.440115,24.950751],[113.44752,24.94599],[113.461436,24.940985],[113.467865,24.937567],[113.491222,24.914618],[113.519542,24.899726],[113.531749,24.891466],[113.54184,24.877875],[113.545909,24.865505],[113.554617,24.825263],[113.559255,24.817328],[113.564138,24.811632],[113.568614,24.805121],[113.5713,24.794867],[113.57073,24.772895],[113.563975,24.751817],[113.550955,24.736436],[113.518077,24.727891],[113.516205,24.71662],[113.521414,24.691026],[113.520112,24.661933],[113.523367,24.631619],[113.53419,24.604031],[113.555756,24.583197],[113.580577,24.543402],[113.56129,24.494981],[113.497325,24.412462],[113.474294,24.370551],[113.461518,24.352729],[113.41448,24.30036],[113.406749,24.280219],[113.413666,24.260769],[113.42213,24.257148],[113.444021,24.256903],[113.451671,24.252631],[113.451671,24.238552],[113.399669,24.113593],[113.387543,24.092963],[113.357432,24.067979],[113.322032,24.053168],[113.292003,24.033026],[113.277354,23.992133],[113.281749,23.947089],[113.280528,23.93183],[113.274913,23.914903],[113.249766,23.868598],[113.247162,23.854071],[113.246755,23.822943],[113.244151,23.807969],[113.228119,23.77265],[113.203298,23.736599],[113.170909,23.711778],[113.119721,23.71129],[113.11142,23.705634],[113.10434,23.697618],[113.094819,23.691759],[113.084076,23.689236],[113.076101,23.688788],[113.035655,23.694159],[113.017182,23.69363],[113.00058,23.687201],[112.984793,23.672227],[112.973888,23.647732],[112.976329,23.625515],[112.982432,23.602729],[112.981619,23.576687],[112.970714,23.549425],[112.953705,23.524237],[112.895437,23.457831],[112.889252,23.439399],[112.887136,23.390204],[112.875011,23.339382],[112.865164,23.314073],[112.810557,23.226345],[112.803966,23.192735],[112.819347,23.152859]]]}},{"type":"Feature","properties":{"dissolve":"553River","scalerank":7,"featurecla":"River","name":"Ussuri","name_alt":null,"rivernum":553,"note":null,"min_zoom":6,"name_en":"Ussuri","min_label":7},"bbox":[133.388194,43.597968,134.31601,45.57331],"geometry":{"type":"MultiLineString","coordinates":[[[134.31601,43.64879],[134.292084,43.612616],[134.279552,43.606309],[134.15504,43.597968],[134.132091,43.601508],[134.112315,43.610175],[134.033621,43.657904],[133.987071,43.677436],[133.846772,43.746649],[133.836681,43.754462],[133.834972,43.769639],[133.867279,43.832343],[133.870128,43.8581],[133.874115,43.867051],[133.8803,43.873155],[133.887136,43.875312],[133.89446,43.876776],[133.902192,43.880723],[133.931651,43.915554],[133.943126,43.921698],[133.931407,43.935981],[133.908295,43.983751],[133.918224,44.008612],[133.908702,44.026557],[133.862071,44.061835],[133.844249,44.07038],[133.836681,44.075995],[133.831472,44.087755],[133.835134,44.099555],[133.842459,44.110785],[133.847341,44.120917],[133.84962,44.134955],[133.848888,44.142401],[133.822276,44.197292],[133.819591,44.206326],[133.821788,44.228583],[133.828624,44.2414],[133.860444,44.26435],[133.893077,44.298936],[133.908946,44.320665],[133.915701,44.33629],[133.925222,44.35224],[133.947032,44.366278],[133.991466,44.387234],[134.011241,44.405707],[134.018158,44.408962],[134.030365,44.407904],[134.046967,44.397284],[134.056407,44.394639],[134.063975,44.405707],[134.062511,44.430854],[134.052989,44.47663],[134.050141,44.485053],[134.047374,44.489285],[134.045665,44.494086],[134.046153,44.504503],[134.048106,44.506537],[134.058442,44.527655],[134.059825,44.531846],[134.072358,44.543728],[134.11378,44.573432],[134.125255,44.584906],[134.13144,44.596503],[134.128917,44.610053],[134.11378,44.627468],[134.101329,44.63642],[134.085948,44.642646],[134.070893,44.641303],[134.059825,44.627468],[134.022227,44.645941],[133.987722,44.67182],[133.967377,44.682318],[133.954112,44.675238],[133.941905,44.662299],[133.92571,44.655341],[133.847341,44.668402],[133.810069,44.667019],[133.791433,44.668524],[133.771658,44.675238],[133.698416,44.741889],[133.663992,44.754665],[133.657481,44.76199],[133.648204,44.778266],[133.649099,44.780951],[133.652273,44.784939],[133.654063,44.789903],[133.651378,44.795681],[133.647227,44.798611],[133.633881,44.80622],[133.630463,44.812201],[133.628429,44.817491],[133.625499,44.822211],[133.620372,44.826687],[133.592214,44.842475],[133.586192,44.847195],[133.580007,44.866889],[133.579845,44.933051],[133.569021,44.96015],[133.556407,44.973822],[133.544688,44.989447],[133.540131,45.005723],[133.548595,45.021552],[133.545502,45.030341],[133.522553,45.067165],[133.510916,45.079901],[133.568126,45.098415],[133.590831,45.111762],[133.586192,45.134548],[133.594737,45.149359],[133.595876,45.168158],[133.591401,45.186469],[133.582774,45.199734],[133.581391,45.207221],[133.586436,45.226833],[133.582774,45.23074],[133.569835,45.233425],[133.561615,45.23961],[133.554698,45.246446],[133.545095,45.251166],[133.506847,45.247341],[133.487315,45.251776],[133.500255,45.283718],[133.47877,45.309394],[133.484386,45.326361],[133.45753,45.34866],[133.449718,45.360622],[133.456554,45.374783],[133.437104,45.412624],[133.423269,45.433702],[133.407156,45.446234],[133.399343,45.453966],[133.391775,45.463202],[133.388194,45.470893],[133.388682,45.478868],[133.392833,45.485419],[133.401378,45.491645],[133.414806,45.498236],[133.394949,45.518378],[133.407807,45.536689],[133.424327,45.554511],[133.414806,45.57331]]]}},{"type":"Feature","properties":{"dissolve":"609River","scalerank":7,"featurecla":"River","name":"Yongding","name_alt":null,"rivernum":609,"note":null,"min_zoom":6,"name_en":"Yongding","min_label":7},"bbox":[115.589122,39.33043,117.033621,40.240424],"geometry":{"type":"MultiLineString","coordinates":[[[115.589122,40.240424],[115.597992,40.221869],[115.605479,40.192654],[115.612315,40.180203],[115.621349,40.174628],[115.653819,40.162136],[115.663503,40.159735],[115.666596,40.156806],[115.667491,40.14997],[115.666921,40.13581],[115.669932,40.133612],[115.685069,40.126899],[115.690684,40.122423],[115.696869,40.106391],[115.693614,40.07807],[115.700857,40.063503],[115.720307,40.074001],[115.733653,40.075507],[115.76588,40.070909],[115.776378,40.063422],[115.781668,40.04739],[115.79005,40.032742],[115.810151,40.029364],[115.808116,40.025824],[115.803396,40.016303],[115.812918,40.019843],[115.819835,40.021104],[115.82545,40.019965],[115.831472,40.016303],[115.840017,40.016913],[115.861501,40.02143],[115.872325,40.022528],[115.883311,40.019477],[115.90504,40.005805],[115.916596,40.002712],[115.930431,39.996853],[115.972667,39.973334],[115.981537,39.9713],[115.985037,39.975043],[116.005789,40.002712],[116.016531,39.998358],[116.024506,39.979112],[116.033295,39.974718],[116.04184,39.977891],[116.047862,39.992051],[116.053966,39.995225],[116.06544,39.990912],[116.070242,39.981553],[116.072032,39.972195],[116.111908,39.90644],[116.124929,39.893866],[116.19044,39.854193],[116.205984,39.839708],[116.219249,39.822618],[116.22934,39.803412],[116.230724,39.78795],[116.229747,39.748358],[116.236095,39.735175],[116.215831,39.700303],[116.204845,39.659491],[116.202566,39.617011],[116.2081,39.57685],[116.224701,39.53559],[116.249522,39.505683],[116.317393,39.460801],[116.335541,39.453192],[116.386241,39.442003],[116.410167,39.440294],[116.433442,39.442247],[116.447032,39.447292],[116.458751,39.453884],[116.475597,39.460801],[116.502045,39.464545],[116.598155,39.448106],[116.611501,39.434394],[116.62322,39.418524],[116.640717,39.406195],[116.648448,39.404975],[116.666026,39.406521],[116.674327,39.406195],[116.681814,39.403591],[116.694753,39.395616],[116.701589,39.392524],[116.749034,39.380316],[116.763682,39.378852],[116.879649,39.385077],[116.895437,39.383409],[116.934255,39.371446],[116.948985,39.359971],[116.954845,39.357123],[116.984386,39.35753],[116.992442,39.354071],[117.033621,39.33043]]]}},{"type":"Feature","properties":{"dissolve":"611River","scalerank":7,"featurecla":"River","name":"Ussuri","name_alt":"Wusuli","rivernum":611,"note":null,"min_zoom":6,"name_en":"Wusuli","min_label":7},"bbox":[133.413178,45.573594,135.090343,48.483751],"geometry":{"type":"MultiLineString","coordinates":[[[133.413178,45.573594],[133.424815,45.580634],[133.414806,45.600653],[133.427338,45.615546],[133.441742,45.620876],[133.4581,45.62287],[133.47698,45.627997],[133.471446,45.632676],[133.461925,45.644232],[133.456554,45.649115],[133.482514,45.663153],[133.491222,45.673651],[133.487641,45.686957],[133.476492,45.693793],[133.451264,45.699408],[133.442882,45.709906],[133.470714,45.729112],[133.48463,45.768744],[133.510916,45.778835],[133.503184,45.787909],[133.483409,45.796902],[133.47698,45.806098],[133.477061,45.820339],[133.48463,45.828681],[133.493663,45.833564],[133.498057,45.83747],[133.502371,45.862331],[133.514089,45.879462],[133.531261,45.888454],[133.552013,45.888699],[133.558849,45.885525],[133.563894,45.880805],[133.569835,45.876654],[133.579275,45.875067],[133.585704,45.876573],[133.585704,45.880072],[133.584239,45.884385],[133.586192,45.888699],[133.602794,45.898871],[133.605886,45.905341],[133.606619,45.919704],[133.609793,45.929999],[133.617442,45.93655],[133.627533,45.938056],[133.649506,45.928087],[133.657807,45.93476],[133.694428,46.023017],[133.719737,46.064032],[133.719005,46.079535],[133.695974,46.115261],[133.687022,46.142035],[133.698416,46.149278],[133.719737,46.150458],[133.740733,46.159288],[133.765717,46.178249],[133.774832,46.186876],[133.781342,46.196967],[133.786225,46.206895],[133.793224,46.214545],[133.805919,46.217637],[133.812918,46.214423],[133.820974,46.200385],[133.829845,46.19713],[133.836355,46.20071],[133.85255,46.217719],[133.860444,46.223822],[133.85491,46.236884],[133.869314,46.244737],[133.889659,46.251044],[133.902192,46.259223],[133.901785,46.278347],[133.893891,46.291571],[133.893484,46.30211],[133.915701,46.313259],[133.906668,46.322699],[133.896007,46.327501],[133.884858,46.32685],[133.874115,46.320014],[133.863292,46.339545],[133.880626,46.353949],[133.92571,46.371527],[133.933604,46.390977],[133.921153,46.410427],[133.899913,46.426825],[133.881602,46.437364],[133.870209,46.440741],[133.861339,46.44127],[133.854015,46.444892],[133.847341,46.457221],[133.84547,46.470893],[133.84905,46.480536],[133.891612,46.529161],[133.896007,46.53852],[133.898692,46.563544],[133.902192,46.57392],[133.920095,46.590644],[133.967214,46.611436],[133.987722,46.625434],[134.005056,46.646064],[134.014334,46.665229],[134.025645,46.711046],[134.041515,46.752997],[134.044363,46.772284],[134.035574,46.789903],[134.021251,46.806423],[134.016368,46.819688],[134.020274,46.834296],[134.062511,46.907091],[134.066498,46.927069],[134.066498,46.968044],[134.068777,46.981472],[134.073985,46.988389],[134.080577,46.992947],[134.087006,46.999091],[134.114024,47.056098],[134.124034,47.070746],[134.145437,47.081407],[134.196788,47.085395],[134.216807,47.094672],[134.226736,47.117987],[134.215831,47.137966],[134.198416,47.155829],[134.189464,47.173163],[134.195323,47.193956],[134.196869,47.205593],[134.192882,47.210761],[134.18629,47.213935],[134.168061,47.23078],[134.161632,47.238634],[134.153901,47.258124],[134.159679,47.271918],[134.169688,47.287055],[134.175222,47.310655],[134.183442,47.327704],[134.202647,47.33869],[134.244721,47.355333],[134.257335,47.367499],[134.279307,47.398017],[134.292491,47.40998],[134.312511,47.420356],[134.332449,47.426581],[134.353608,47.429633],[134.37794,47.430487],[134.388682,47.433051],[134.401541,47.437567],[134.414643,47.43948],[134.436127,47.43004],[134.47169,47.4289],[134.484386,47.430487],[134.500092,47.439154],[134.534923,47.465766],[134.55657,47.471381],[134.560313,47.482123],[134.60377,47.528022],[134.614675,47.536892],[134.624034,47.549913],[134.667898,47.574286],[134.682384,47.58808],[134.686046,47.609076],[134.686453,47.631415],[134.692556,47.649197],[134.713634,47.656358],[134.72519,47.66352],[134.772227,47.711005],[134.764903,47.718451],[134.769542,47.741278],[134.696218,47.795356],[134.675955,47.824571],[134.673839,47.840766],[134.66741,47.864936],[134.657481,47.88699],[134.645437,47.896593],[134.622569,47.900458],[134.598888,47.910956],[134.587413,47.926134],[134.601085,47.944403],[134.566742,47.985785],[134.559093,48.009792],[134.566905,48.040595],[134.586192,48.061469],[134.647634,48.102362],[134.662364,48.108222],[134.682628,48.135769],[134.687104,48.220079],[134.702891,48.252875],[134.718354,48.263617],[134.759939,48.283474],[134.79127,48.292304],[134.822358,48.318305],[134.840587,48.327948],[134.960541,48.349921],[134.998139,48.362738],[135.052013,48.392605],[135.070079,48.406358],[135.078136,48.414374],[135.084402,48.423651],[135.087901,48.431952],[135.090343,48.441433],[135.090017,48.45071],[135.085704,48.458523],[135.076427,48.466417],[135.054454,48.479438],[135.043386,48.483751]]]}},{"type":"Feature","properties":{"dissolve":"631River","scalerank":7,"featurecla":"River","name":"Hai","name_alt":null,"rivernum":631,"note":null,"min_zoom":6,"name_en":"Hai","min_label":7},"bbox":[117.033621,38.981024,117.708995,39.33043],"geometry":{"type":"MultiLineString","coordinates":[[[117.033621,39.33043],[117.045828,39.326687],[117.063487,39.308661],[117.078298,39.303168],[117.078298,39.296942],[117.07252,39.29088],[117.072358,39.283962],[117.077078,39.276638],[117.085867,39.268988],[117.07252,39.254828],[117.078054,39.241767],[117.105724,39.221259],[117.121104,39.205593],[117.160167,39.152371],[117.215587,39.10456],[117.232188,39.093207],[117.290619,39.077216],[117.307872,39.069892],[117.31544,39.064887],[117.323253,39.051866],[117.333995,39.05211],[117.345632,39.055487],[117.352631,39.056708],[117.360281,39.049994],[117.371023,39.032823],[117.376231,39.029486],[117.388601,39.02851],[117.420909,39.021999],[117.43214,39.023383],[117.439545,39.026882],[117.447032,39.027045],[117.467377,39.012966],[117.50351,39.001532],[117.513764,39.004096],[117.523448,39.003607],[117.533946,38.998358],[117.54184,38.996405],[117.55364,38.996365],[117.566742,38.994696],[117.578624,38.98786],[117.598399,39.014024],[117.624034,39.007676],[117.651296,38.993272],[117.674815,38.995307],[117.679698,38.99018],[117.688975,38.988796],[117.708995,38.981024]]]}},{"type":"Feature","properties":{"dissolve":"646Lake Centerline","scalerank":8,"featurecla":"Lake Centerline","name":"Di’er Songhua","name_alt":null,"rivernum":646,"note":null,"min_zoom":7,"name_en":"Di’er Songhua","min_label":8},"bbox":[126.678803,43.51081,126.910574,43.711249],"geometry":{"type":"MultiLineString","coordinates":[[[126.90504,43.51081],[126.910574,43.541205],[126.908702,43.556586],[126.906749,43.582221],[126.904877,43.595811],[126.906749,43.609483],[126.903738,43.623806],[126.871023,43.639757],[126.84962,43.648017],[126.822358,43.649685],[126.791433,43.650458],[126.773855,43.662543],[126.770274,43.68769],[126.761974,43.704169],[126.737885,43.711249],[126.711843,43.711127],[126.698253,43.702582],[126.685802,43.69892],[126.679698,43.702582],[126.678803,43.703803]]]}},{"type":"Feature","properties":{"dissolve":"646River","scalerank":8,"featurecla":"River","name":"Di’er Songhua","name_alt":null,"rivernum":646,"note":null,"min_zoom":7,"name_en":"Di’er Songhua","min_label":8},"bbox":[124.651296,42.56745,127.376069,45.447943],"geometry":{"type":"MultiLineString","coordinates":[[[126.679698,43.702582],[126.661388,43.731472],[126.646658,43.751247],[126.62794,43.765408],[126.604015,43.77086],[126.579519,43.772488],[126.55128,43.778591],[126.532237,43.791083],[126.535167,43.811835],[126.5442,43.818142],[126.567556,43.821479],[126.576101,43.825507],[126.578705,43.833808],[126.581065,43.861192],[126.579519,43.867051],[126.564871,43.873481],[126.500987,43.915554],[126.494884,43.916042],[126.477631,43.91413],[126.473074,43.915554],[126.47226,43.921332],[126.474864,43.926296],[126.478038,43.929307],[126.47991,43.929145],[126.482921,43.934882],[126.488048,43.949001],[126.490001,43.963487],[126.483653,43.97016],[126.475352,43.980902],[126.459402,44.045233],[126.453543,44.051378],[126.43214,44.06627],[126.408214,44.09988],[126.394216,44.109442],[126.401785,44.13113],[126.418468,44.154364],[126.43214,44.168728],[126.467703,44.197577],[126.481863,44.212714],[126.493663,44.23078],[126.469493,44.242458],[126.455577,44.262274],[126.457286,44.283474],[126.47991,44.29914],[126.467296,44.314521],[126.458425,44.332099],[126.455984,44.349392],[126.46282,44.363959],[126.469819,44.37519],[126.472667,44.387315],[126.47405,44.398139],[126.476492,44.405219],[126.478038,44.414252],[126.468354,44.4206],[126.445811,44.428778],[126.442475,44.429023],[126.437511,44.428575],[126.43157,44.429958],[126.425304,44.435614],[126.427419,44.436957],[126.429779,44.443386],[126.431651,44.451117],[126.43214,44.456122],[126.430186,44.461249],[126.427419,44.465399],[126.425548,44.469997],[126.425304,44.47663],[126.43214,44.493964],[126.432384,44.508083],[126.431163,44.51203],[126.42628,44.513943],[126.41505,44.521918],[126.408946,44.530544],[126.403738,44.549872],[126.39796,44.55976],[126.38323,44.568956],[126.365164,44.575222],[126.349864,44.584784],[126.337332,44.618516],[126.288829,44.668402],[126.268321,44.696357],[126.22755,44.704535],[126.22047,44.706855],[126.214773,44.713446],[126.201427,44.716376],[126.175548,44.716824],[126.161143,44.720811],[126.160655,44.730414],[126.16505,44.741889],[126.165945,44.751573],[126.135753,44.773057],[126.084239,44.785183],[126.028738,44.788845],[125.98642,44.785102],[125.940684,44.773464],[125.920421,44.778388],[125.911794,44.802436],[125.901947,44.817491],[125.878673,44.831732],[125.851085,44.842475],[125.828868,44.847195],[125.813569,44.845038],[125.805593,44.846706],[125.794688,44.8546],[125.786225,44.864447],[125.772472,44.88703],[125.741628,44.92418],[125.728445,44.934597],[125.706554,44.943386],[125.682872,44.949286],[125.670339,44.950629],[125.658132,44.94953],[125.648936,44.943956],[125.634288,44.926093],[125.616791,44.917996],[125.59669,44.899237],[125.586192,44.894965],[125.534597,44.888129],[125.493663,44.888129],[125.480561,44.890163],[125.452078,44.899115],[125.438731,44.90115],[125.429454,44.899848],[125.419363,44.896308],[125.409679,44.891181],[125.401134,44.884711],[125.393077,44.882758],[125.368175,44.887478],[125.356456,44.888129],[125.345225,44.884792],[125.33782,44.879462],[125.330984,44.873236],[125.321707,44.867621],[125.310151,44.864529],[125.2671,44.86876],[125.247976,44.873887],[125.236339,44.875067],[125.224539,44.872748],[125.212006,44.868109],[125.198822,44.86518],[125.185151,44.867621],[125.149018,44.930487],[125.14088,44.939968],[125.099701,44.943386],[125.09433,44.948676],[125.075857,44.98371],[125.046153,45.017849],[125.009939,45.043647],[124.931814,45.087348],[124.917084,45.098741],[124.87322,45.145372],[124.863699,45.152655],[124.85377,45.156277],[124.828217,45.161811],[124.816824,45.166368],[124.787852,45.182318],[124.741303,45.201687],[124.729747,45.217637],[124.725841,45.247748],[124.727143,45.252143],[124.730154,45.25788],[124.733653,45.262763],[124.736095,45.264919],[124.740815,45.267849],[124.739024,45.274482],[124.732595,45.285346],[124.726329,45.308214],[124.725841,45.318061],[124.732595,45.326361],[124.722179,45.339464],[124.687999,45.371039],[124.678315,45.386257],[124.668956,45.419989],[124.651296,45.447943]],[[127.376069,42.56745],[127.34905,42.580349],[127.337006,42.595893],[127.331391,42.610541],[127.316987,42.627509],[127.298106,42.637397],[127.278819,42.630683],[127.262706,42.614814],[127.249604,42.605333],[127.233979,42.600775],[127.210134,42.599636],[127.194021,42.605333],[127.192882,42.618964],[127.199474,42.634792],[127.206716,42.647406],[127.228038,42.674669],[127.232188,42.688056],[127.227143,42.708848],[127.218272,42.725531],[127.199718,42.749945],[127.193126,42.763495],[127.185313,42.820624],[127.179454,42.832384],[127.195323,42.84455],[127.207937,42.856716],[127.218191,42.870388],[127.227143,42.88703],[127.165538,42.928534],[127.141531,42.93476],[127.134939,42.938015],[127.113455,42.952094],[127.087169,42.958604],[127.0796,42.966498],[127.074799,42.975531],[127.069591,42.982611],[126.990733,43.034125],[126.987804,43.042344],[126.986908,43.066921],[126.983897,43.071967],[126.975841,43.07685],[126.970225,43.088446],[126.968761,43.10224],[126.973399,43.113593],[126.932384,43.113593],[126.949799,43.128201],[126.991222,43.14529],[127.00058,43.161322],[126.996349,43.179714],[126.986257,43.19538],[126.97991,43.212836],[126.987071,43.236518],[127.000906,43.247382],[127.021007,43.249701],[127.097992,43.242458],[127.116466,43.248643],[127.152192,43.278022],[127.135671,43.277289],[127.120372,43.280707],[127.107351,43.287787],[127.096934,43.297919],[127.088634,43.310329],[127.086925,43.318874],[127.090017,43.327175],[127.096934,43.338894],[127.130951,43.373603],[127.125255,43.380683],[127.111501,43.384833],[127.018077,43.39411],[127.004975,43.400499],[126.987641,43.428656],[126.977061,43.435085],[126.962983,43.439399],[126.931814,43.458686],[126.92213,43.462999],[126.914806,43.468614],[126.90504,43.51081]]]}},{"type":"Feature","properties":{"dissolve":"66Lake Centerline","scalerank":3,"featurecla":"Lake Centerline","name":"Huang","name_alt":null,"rivernum":66,"note":null,"min_zoom":3,"name_en":"Huang","min_label":4},"bbox":[97.072032,34.835476,97.762787,35.08808],"geometry":{"type":"MultiLineString","coordinates":[[[97.762787,35.08808],[97.746104,35.079413],[97.733165,35.055203],[97.720714,34.996853],[97.713634,34.953192],[97.697276,34.919867],[97.617686,34.885077],[97.576264,34.875841],[97.545909,34.876003]],[[97.288178,34.835476],[97.285248,34.843207],[97.259044,34.878933],[97.234304,34.907294],[97.149913,34.936347],[97.12379,34.943427],[97.108165,34.941718],[97.096283,34.937283],[97.085053,34.935248],[97.072032,34.930609]]]}},{"type":"Feature","properties":{"dissolve":"66River","scalerank":3,"featurecla":"River","name":"Huang","name_alt":null,"rivernum":66,"note":null,"min_zoom":3,"name_en":"Huang","min_label":4},"bbox":[96.164154,33.333197,111.463145,40.879706],"geometry":{"type":"MultiLineString","coordinates":[[[96.164154,35.129665],[96.22877,35.111762],[96.249278,35.109198],[96.483165,35.105658],[96.53419,35.096137],[96.654877,35.050116],[96.705496,35.047716],[96.747651,35.053249],[96.81129,35.061347],[96.829275,35.0539],[96.867931,35.0185],[96.889903,35.006781],[96.946707,34.999701],[96.97462,34.991645],[96.986746,34.975694],[96.994884,34.94835],[97.015391,34.937445],[97.042084,34.932807],[97.072032,34.930609]],[[97.762787,35.08808],[97.795909,35.111111],[97.848888,35.11225],[97.951752,35.096137],[97.991628,35.080593],[98.018484,35.049425],[98.042979,35.012315],[98.075857,34.978827],[98.10849,34.953884],[98.124441,34.937038],[98.131277,34.920762],[98.131114,34.91002],[98.132416,34.900255],[98.137299,34.893378],[98.147553,34.890692],[98.161794,34.889228],[98.192149,34.87641],[98.263682,34.860785],[98.275076,34.852159],[98.284679,34.842108],[98.306651,34.835517],[98.34962,34.827989],[98.37794,34.815294],[98.391775,34.79682],[98.396251,34.773627],[98.395763,34.74669],[98.395112,34.719835],[98.402192,34.666775],[98.401459,34.649278],[98.394786,34.634874],[98.380951,34.619167],[98.361908,34.610419],[98.34075,34.606757],[98.326671,34.598171],[98.329845,34.574774],[98.345144,34.563259],[98.394786,34.547431],[98.405528,34.537218],[98.413503,34.526638],[98.452159,34.503282],[98.466319,34.492214],[98.467296,34.488064],[98.46575,34.476874],[98.466319,34.472357],[98.469249,34.468614],[98.478445,34.459744],[98.479991,34.458686],[98.490164,34.424384],[98.497081,34.414008],[98.51474,34.40119],[98.627371,34.357449],[98.641124,34.355048],[98.709727,34.355048],[98.724294,34.368598],[98.724294,34.399522],[98.720714,34.433214],[98.723643,34.454942],[98.733979,34.457872],[98.78297,34.451239],[98.797862,34.455675],[98.836925,34.479193],[98.867931,34.478705],[98.928233,34.45307],[98.952891,34.458686],[98.970876,34.446845],[98.97934,34.439399],[98.986501,34.430772],[99.002045,34.436876],[99.016205,34.432644],[99.04184,34.410264],[99.044688,34.409695],[99.053233,34.410997],[99.056082,34.410264],[99.057221,34.406358],[99.056895,34.397244],[99.062266,34.387152],[99.069591,34.362494],[99.045909,34.321153],[99.037852,34.300645],[99.034923,34.270046],[99.036713,34.253607],[99.041596,34.243516],[99.056082,34.225898],[99.063569,34.213935],[99.067556,34.205024],[99.069347,34.194403],[99.069591,34.177517],[99.070567,34.171088],[99.074962,34.16002],[99.075776,34.153347],[99.073741,34.146186],[99.064382,34.132595],[99.062266,34.125678],[99.060069,34.112901],[99.050792,34.083441],[99.048595,34.071357],[99.048432,34.046007],[99.050385,34.034776],[99.056082,34.019843],[99.067393,33.998847],[99.068777,33.986884],[99.062266,33.971462],[99.081472,33.966824],[99.096772,33.950141],[99.106944,33.929633],[99.110606,33.913398],[99.119233,33.906684],[99.17213,33.875841],[99.248057,33.784369],[99.281993,33.759141],[99.306163,33.746609],[99.322846,33.743232],[99.361095,33.746161],[99.369233,33.74787],[99.376882,33.752753],[99.382335,33.760199],[99.384288,33.769721],[99.386485,33.775417],[99.390147,33.779608],[99.392019,33.783962],[99.384858,33.794257],[99.381114,33.801459],[99.378429,33.809027],[99.378184,33.814399],[99.395274,33.827216],[99.42213,33.82807],[99.480479,33.818468],[99.501231,33.809109],[99.525483,33.802802],[99.531749,33.793077],[99.535492,33.781928],[99.542003,33.773464],[99.569347,33.765977],[99.586436,33.76793],[99.645763,33.765652],[99.658702,33.769721],[99.692475,33.795478],[99.694347,33.800116],[99.697276,33.804796],[99.703298,33.806952],[99.72755,33.806952],[99.771495,33.799994],[99.792247,33.79267],[99.814952,33.778388],[99.837006,33.775662],[99.847341,33.769721],[99.857839,33.761298],[99.875662,33.752753],[99.885916,33.746161],[99.892345,33.73904],[99.901459,33.723415],[99.905772,33.718207],[99.915538,33.713243],[99.92392,33.712104],[99.933035,33.709744],[99.959239,33.690619],[99.999115,33.675645],[100.015636,33.663601],[100.013764,33.663845],[100.015636,33.657335],[100.019135,33.648953],[100.022472,33.643134],[100.048269,33.618354],[100.053152,33.61518],[100.064138,33.610907],[100.070567,33.601508],[100.074962,33.592108],[100.080089,33.587917],[100.124929,33.581651],[100.148692,33.573594],[100.158946,33.574246],[100.16684,33.578681],[100.171397,33.585557],[100.174083,33.591905],[100.175955,33.594672],[100.187266,33.599473],[100.226166,33.623358],[100.237804,33.632514],[100.280691,33.677314],[100.288666,33.691514],[100.286143,33.706488],[100.27589,33.719835],[100.263438,33.732611],[100.254649,33.746161],[100.240896,33.738715],[100.245616,33.760321],[100.267182,33.761908],[100.316742,33.746161],[100.323334,33.757595],[100.357839,33.756415],[100.375011,33.762559],[100.404796,33.786933],[100.421641,33.796739],[100.436697,33.800727],[100.449148,33.806098],[100.479991,33.829535],[100.498546,33.834906],[100.516775,33.837714],[100.564952,33.854804],[100.58074,33.865302],[100.604503,33.889187],[100.632091,33.910468],[100.663992,33.925564],[100.700206,33.930487],[100.766043,33.928168],[100.782237,33.924262],[100.791026,33.912706],[100.801524,33.893826],[100.814545,33.879828],[100.830577,33.883328],[100.836518,33.861518],[100.850352,33.833564],[100.869884,33.807969],[100.8921,33.79328],[100.896983,33.799831],[100.898204,33.802802],[100.899506,33.806952],[100.903901,33.789618],[100.912039,33.78559],[100.920421,33.787136],[100.926199,33.786444],[100.930186,33.77794],[100.928722,33.770941],[100.922374,33.764919],[100.912527,33.759141],[100.958995,33.738064],[100.97991,33.737494],[100.995697,33.751736],[100.99464,33.742743],[100.996104,33.733466],[101.000662,33.726589],[101.009369,33.725043],[101.016531,33.7296],[101.019542,33.73782],[101.021495,33.74726],[101.034434,33.771755],[101.034434,33.791083],[101.028331,33.809841],[101.019054,33.824327],[101.015636,33.831366],[101.01474,33.84044],[101.015636,33.858507],[101.018321,33.871934],[101.025483,33.876899],[101.034597,33.87698],[101.043468,33.875841],[101.063975,33.863796],[101.074229,33.861599],[101.10255,33.862576],[101.111827,33.861599],[101.139089,33.844428],[101.182872,33.786078],[101.236257,33.75963],[101.260753,33.732123],[101.288178,33.711371],[101.323334,33.718207],[101.335541,33.708197],[101.356619,33.703721],[101.376557,33.69713],[101.385509,33.680691],[101.389659,33.676622],[101.399099,33.677843],[101.408376,33.682196],[101.417735,33.694525],[101.42921,33.692165],[101.442963,33.686632],[101.454275,33.684109],[101.46282,33.687323],[101.483897,33.700385],[101.495372,33.704535],[101.508718,33.704779],[101.54005,33.697781],[101.545502,33.694525],[101.563406,33.680447],[101.574229,33.677273],[101.586029,33.675808],[101.606619,33.670193],[101.618907,33.669786],[101.687022,33.682318],[101.737315,33.683458],[101.753673,33.680243],[101.766775,33.672065],[101.820323,33.625067],[101.837576,33.605984],[101.844737,33.584784],[101.851736,33.572943],[101.8838,33.54621],[101.892589,33.526435],[101.891124,33.517524],[101.887625,33.507514],[101.885753,33.497423],[101.889171,33.488552],[101.974539,33.40351],[102.009288,33.376288],[102.052257,33.354356],[102.09669,33.339911],[102.165538,33.333197],[102.174327,33.334581],[102.183197,33.340522],[102.202078,33.358222],[102.211518,33.361925],[102.221121,33.369737],[102.256358,33.413153],[102.266531,33.419013],[102.288992,33.416083],[102.321381,33.406602],[102.333507,33.41352],[102.343191,33.411648],[102.349294,33.40644],[102.35198,33.40351],[102.361257,33.404324],[102.375499,33.408271],[102.385916,33.409735],[102.439382,33.448513],[102.461843,33.457546],[102.458995,33.461493],[102.454194,33.471788],[102.467296,33.469916],[102.471202,33.468695],[102.476085,33.464952],[102.481619,33.464952],[102.465343,33.486274],[102.458507,33.498725],[102.454194,33.512763],[102.452729,33.523261],[102.453298,33.535509],[102.45989,33.541571],[102.476085,33.533271],[102.481619,33.540066],[102.423432,33.576239],[102.413259,33.577948],[102.402599,33.594021],[102.355724,33.60932],[102.345144,33.625759],[102.341889,33.632025],[102.327729,33.646104],[102.324474,33.653347],[102.326427,33.676134],[102.331391,33.697781],[102.336518,33.709174],[102.341889,33.717312],[102.342865,33.725124],[102.334727,33.735622],[102.327403,33.734483],[102.317393,33.726386],[102.304861,33.720242],[102.290457,33.725043],[102.298106,33.734402],[102.305919,33.739936],[102.314545,33.744656],[102.324474,33.751736],[102.314138,33.767442],[102.299327,33.780707],[102.280772,33.789903],[102.259776,33.79328],[102.247081,33.797553],[102.243744,33.806952],[102.248464,33.816352],[102.259776,33.820624],[102.263927,33.826036],[102.257253,33.837999],[102.194347,33.919257],[102.166515,33.945828],[102.132823,33.965196],[102.109955,33.953721],[102.069591,33.968451],[102.050304,33.957831],[102.027192,33.979071],[101.98642,34.000271],[101.943451,34.010565],[101.913097,33.999376],[101.858409,34.03974],[101.829845,34.052069],[101.816417,34.060167],[101.803233,34.075059],[101.785085,34.066189],[101.759532,34.072699],[101.737315,34.088813],[101.72877,34.108588],[101.718435,34.103298],[101.714773,34.10578],[101.712576,34.111518],[101.707612,34.116034],[101.680919,34.12226],[101.646983,34.135932],[101.635753,34.145209],[101.639252,34.15705],[101.630789,34.166042],[101.621755,34.171454],[101.614757,34.178249],[101.611339,34.191189],[101.569591,34.208075],[101.529389,34.218451],[101.517019,34.219306],[101.496104,34.218044],[101.488455,34.218451],[101.480479,34.221625],[101.472748,34.226264],[101.46339,34.230333],[101.425385,34.234239],[101.365001,34.252631],[101.334239,34.256537],[101.323334,34.259467],[101.314952,34.26496],[101.307872,34.27204],[101.299246,34.27794],[101.286143,34.280544],[101.279714,34.283637],[101.265717,34.297309],[101.255789,34.300401],[101.242686,34.299994],[101.233979,34.300727],[101.22934,34.305609],[101.226573,34.327826],[101.222341,34.335273],[101.215017,34.339789],[101.204194,34.341376],[101.197276,34.34516],[101.195567,34.354438],[101.195811,34.36579],[101.194265,34.376166],[101.196056,34.383816],[101.196381,34.38996],[101.194265,34.396023],[101.19044,34.396918],[101.177745,34.395087],[101.173839,34.396023],[101.165701,34.406358],[101.164073,34.410956],[101.165294,34.415839],[101.166433,34.427354],[101.163992,34.443223],[101.149018,34.481635],[101.139659,34.49962],[101.060557,34.505886],[101.052175,34.509304],[101.042491,34.524197],[101.03297,34.527615],[101.020518,34.530097],[101.014089,34.535915],[101.009044,34.542304],[101.001964,34.54682],[100.950694,34.546942],[100.928966,34.551825],[100.919932,34.571641],[100.91684,34.595771],[100.908702,34.613878],[100.885834,34.649848],[100.870616,34.708808],[100.861339,34.718126],[100.835867,34.714911],[100.817556,34.706651],[100.782237,34.684597],[100.763438,34.677843],[100.742931,34.673692],[100.696788,34.670966],[100.674815,34.675727],[100.635671,34.692898],[100.618256,34.691474],[100.573985,34.739814],[100.559093,34.745307],[100.539561,34.758083],[100.522553,34.772773],[100.515229,34.783962],[100.49464,34.805487],[100.447195,34.818956],[100.354503,34.827989],[100.336355,34.833848],[100.327729,34.848253],[100.316742,34.883246],[100.309255,34.892157],[100.2942,34.906928],[100.288666,34.917344],[100.285818,34.929389],[100.288666,34.958319],[100.285818,34.984565],[100.278331,34.999376],[100.254649,35.027208],[100.249034,35.04621],[100.249034,35.089219],[100.240896,35.109198],[100.247651,35.13288],[100.247162,35.173611],[100.238455,35.214911],[100.22047,35.240668],[100.230235,35.253852],[100.241954,35.26203],[100.253347,35.26793],[100.261974,35.274766],[100.272227,35.289496],[100.271251,35.295437],[100.248464,35.302069],[100.2199,35.316433],[100.205333,35.330634],[100.203705,35.349799],[100.214285,35.378445],[100.193126,35.370958],[100.191173,35.402289],[100.168386,35.428656],[100.142345,35.450222],[100.131114,35.466579],[100.135916,35.472113],[100.154796,35.479438],[100.158946,35.483954],[100.15797,35.507839],[100.158946,35.51496],[100.166433,35.532782],[100.174815,35.542344],[100.199962,35.562812],[100.207612,35.574042],[100.240652,35.661689],[100.282481,35.723944],[100.295828,35.751288],[100.296153,35.771674],[100.337169,35.771674],[100.348399,35.774766],[100.360444,35.790961],[100.371186,35.798407],[100.390554,35.800564],[100.411225,35.795722],[100.447032,35.77912],[100.442556,35.800849],[100.444347,35.818183],[100.455089,35.829657],[100.477794,35.833767],[100.497081,35.841579],[100.529226,35.877875],[100.543061,35.888983],[100.554698,35.890448],[100.579275,35.888007],[100.590912,35.888983],[100.601085,35.893866],[100.617931,35.906358],[100.628835,35.908881],[100.637787,35.913113],[100.638927,35.922471],[100.638276,35.931912],[100.6421,35.936143],[100.704112,35.975898],[100.72047,35.989081],[100.72755,36.001288],[100.727631,36.03144],[100.730886,36.052802],[100.74171,36.070868],[100.815929,36.13227],[100.842377,36.140082],[100.900971,36.132758],[100.938406,36.139757],[100.9581,36.140245],[100.992686,36.132636],[101.004893,36.132432],[101.012706,36.134589],[101.029796,36.142279],[101.038015,36.144843],[101.064138,36.14643],[101.0796,36.139675],[101.087576,36.124538],[101.091807,36.100898],[101.105479,36.100938],[101.135183,36.115587],[101.150645,36.119574],[101.16627,36.118476],[101.179861,36.113593],[101.189057,36.103787],[101.191173,36.087592],[101.205496,36.086127],[101.234386,36.092475],[101.249604,36.093207],[101.262136,36.091173],[101.273692,36.087958],[101.327078,36.061591],[101.358816,36.053494],[101.392019,36.051093],[101.427257,36.052924],[101.456472,36.057725],[101.478526,36.065945],[101.631277,36.153998],[101.653819,36.173774],[101.666433,36.181586],[101.681082,36.185655],[101.697195,36.184353],[101.782725,36.146064],[101.789236,36.144965],[101.811941,36.146348],[101.826589,36.144395],[101.839936,36.140652],[101.852306,36.134345],[101.905772,36.088406],[101.913097,36.086982],[101.912852,36.068427],[101.958425,36.053249],[101.947765,36.038601],[101.985606,36.020819],[102.016124,35.991563],[102.036632,35.956122],[102.044037,35.919379],[102.048106,35.912299],[102.066498,35.894721],[102.07073,35.885281],[102.071788,35.864122],[102.073985,35.855251],[102.078136,35.847439],[102.098888,35.830146],[102.121511,35.827094],[102.163585,35.833767],[102.182384,35.840155],[102.225597,35.868272],[102.246104,35.874701],[102.345144,35.874701],[102.41741,35.887722],[102.441498,35.887763],[102.458425,35.882921],[102.489187,35.866889],[102.506277,35.86168],[102.554861,35.857042],[102.604584,35.842108],[102.636485,35.83865],[102.704845,35.839464],[102.716807,35.837348],[102.725597,35.833197],[102.735037,35.830349],[102.749766,35.831977],[102.759532,35.83751],[102.787201,35.859931],[102.837332,35.860663],[102.858897,35.85696],[102.872569,35.846259],[102.899506,35.84988],[103.009207,35.825792],[103.116466,35.778184],[103.133311,35.781114],[103.138194,35.791612],[103.149832,35.798041],[103.164236,35.803656],[103.18629,35.817084],[103.196788,35.820339],[103.219005,35.822333],[103.22934,35.825507],[103.244558,35.839667],[103.253184,35.842841],[103.26767,35.845974],[103.28712,35.853827],[103.30421,35.863878],[103.311453,35.873847],[103.317312,35.885199],[103.359304,35.911689],[103.270518,35.938422],[103.263682,35.941718],[103.250255,35.952012],[103.242931,35.955675],[103.235932,35.956855],[103.221934,35.95661],[103.215261,35.957465],[103.203624,35.961453],[103.194021,35.967393],[103.188731,35.976508],[103.189138,35.989773],[103.194021,35.999335],[103.202403,36.007107],[103.220714,36.020575],[103.250418,36.055487],[103.261322,36.065619],[103.392345,36.131049],[103.422944,36.156073],[103.424734,36.161566],[103.430675,36.165839],[103.446788,36.184638],[103.454845,36.18891],[103.492768,36.184923],[103.502615,36.182074],[103.515147,36.169786],[103.541026,36.134223],[103.554454,36.126817],[103.574636,36.130316],[103.610444,36.145209],[103.634288,36.147895],[103.646251,36.146511],[103.654552,36.143337],[103.667735,36.133653],[103.695567,36.103868],[103.698416,36.098904],[103.748953,36.094672],[103.876475,36.064643],[103.921804,36.060981],[104.012787,36.071967],[104.034679,36.078477],[104.043956,36.088935],[104.045421,36.110053],[104.044688,36.121934],[104.040701,36.123725],[104.047944,36.136501],[104.041433,36.14289],[104.023367,36.147895],[104.018647,36.182237],[104.047944,36.205024],[104.090912,36.22309],[104.126964,36.243516],[104.132335,36.251044],[104.140147,36.277045],[104.157237,36.299994],[104.191498,36.335273],[104.232595,36.368354],[104.259532,36.378689],[104.317312,36.382595],[104.345144,36.390326],[104.364268,36.404364],[104.399018,36.439399],[104.420014,36.450507],[104.445323,36.454128],[104.469819,36.455024],[104.493907,36.459662],[104.517589,36.474677],[104.546153,36.503445],[104.559093,36.51081],[104.592784,36.52143],[104.607921,36.528998],[104.620046,36.542548],[104.631358,36.564154],[104.638927,36.571641],[104.652761,36.579169],[104.684825,36.58865],[104.694916,36.592963],[104.710378,36.606024],[104.713796,36.620795],[104.709239,36.664618],[104.711436,36.669745],[104.716075,36.674831],[104.720714,36.681708],[104.722992,36.692247],[104.719168,36.697333],[104.691905,36.718451],[104.684093,36.721625],[104.681244,36.723334],[104.677175,36.728461],[104.672537,36.73904],[104.668224,36.74376],[104.612804,36.772569],[104.604747,36.792182],[104.600027,36.81505],[104.592459,36.833116],[104.579112,36.839179],[104.560802,36.841579],[104.544363,36.847235],[104.537364,36.863308],[104.527843,36.871934],[104.482026,36.884304],[104.466238,36.890896],[104.44752,36.894884],[104.408702,36.882025],[104.401378,36.890896],[104.393077,36.905829],[104.373953,36.907742],[104.335948,36.900824],[104.330007,36.909857],[104.328705,36.930528],[104.337494,37.006781],[104.332123,37.019843],[104.305186,37.055935],[104.298432,37.067247],[104.298595,37.079657],[104.305186,37.100043],[104.317149,37.122626],[104.328298,37.127794],[104.341726,37.127794],[104.359793,37.134833],[104.351329,37.141425],[104.338796,37.147895],[104.325613,37.152696],[104.305919,37.157009],[104.306163,37.162299],[104.311046,37.16824],[104.31544,37.17239],[104.323985,37.17654],[104.332286,37.174425],[104.339773,37.170478],[104.346121,37.168972],[104.406749,37.194688],[104.438975,37.203437],[104.469656,37.195665],[104.492686,37.208564],[104.578217,37.324083],[104.603119,37.339667],[104.627208,37.343695],[104.678966,37.344102],[104.696218,37.349433],[104.728282,37.366034],[104.745616,37.371121],[104.800955,37.37169],[104.819021,37.377875],[104.83253,37.38821],[104.843435,37.399115],[104.856944,37.407823],[104.877452,37.411404],[104.919363,37.407823],[104.938731,37.408515],[104.95696,37.415391],[104.992605,37.44245],[104.997162,37.452663],[104.995535,37.463324],[104.993663,37.469509],[104.997325,37.473253],[105.011485,37.476833],[105.020112,37.473741],[105.041515,37.456855],[105.052419,37.453559],[105.063243,37.457099],[105.08546,37.469997],[105.096202,37.472724],[105.102061,37.474962],[105.111095,37.484809],[105.11671,37.487006],[105.122976,37.485907],[105.132253,37.481269],[105.137218,37.48017],[105.150971,37.481269],[105.174897,37.485907],[105.188487,37.487006],[105.198171,37.485867],[105.218354,37.48078],[105.229991,37.48017],[105.243256,37.4831],[105.261811,37.492458],[105.274669,37.494452],[105.547862,37.497626],[105.573253,37.500678],[105.62794,37.524522],[105.69394,37.53559],[105.78419,37.568874],[105.857921,37.578721],[105.876069,37.586046],[105.889089,37.598822],[105.917979,37.642279],[105.94044,37.688015],[105.943289,37.695868],[105.946056,37.712429],[105.958995,37.753038],[105.963145,37.774441],[105.961843,37.805976],[105.963145,37.815985],[105.975597,37.842475],[105.977306,37.854193],[105.992686,37.885037],[106.029063,37.922227],[106.071056,37.95364],[106.104015,37.966864],[106.121511,37.971462],[106.139578,37.98253],[106.1692,38.007758],[106.18214,38.022773],[106.202729,38.058295],[106.220632,38.082302],[106.223562,38.091824],[106.223725,38.113959],[106.226329,38.127468],[106.232351,38.136908],[106.239187,38.144395],[106.244151,38.151801],[106.247,38.16059],[106.248464,38.175971],[106.250418,38.185899],[106.270925,38.223822],[106.278087,38.233262],[106.40797,38.36225],[106.49879,38.411729],[106.517019,38.426866],[106.539236,38.474636],[106.564708,38.50434],[106.572765,38.526557],[106.535655,38.535346],[106.521007,38.564399],[106.518565,38.573269],[106.520763,38.584418],[106.540457,38.621446],[106.594249,38.666327],[106.582042,38.680935],[106.575694,38.690253],[106.573416,38.698676],[106.573171,38.710395],[106.577159,38.712958],[106.596934,38.719591],[106.604096,38.720974],[106.607514,38.724799],[106.60849,38.733751],[106.607921,38.751654],[106.648936,38.803534],[106.665538,38.820258],[106.717784,38.858181],[106.840343,38.987616],[106.859386,39.013617],[106.866222,39.043158],[106.85377,39.077216],[106.881602,39.10456],[106.848155,39.163886],[106.836681,39.172797],[106.819591,39.180487],[106.808035,39.19892],[106.80128,39.221625],[106.799083,39.241726],[106.809093,39.309272],[106.802419,39.327094],[106.797781,39.334906],[106.793468,39.352891],[106.788829,39.360907],[106.780365,39.368354],[106.765147,39.378363],[106.7588,39.385077],[106.749929,39.418809],[106.752452,39.465522],[106.77532,39.559272],[106.778575,39.584337],[106.778331,39.595486],[106.773529,39.616563],[106.772472,39.62873],[106.776541,39.652452],[106.783621,39.664333],[106.785085,39.674628],[106.772472,39.693549],[106.767345,39.69599],[106.760509,39.696885],[106.754487,39.698798],[106.751964,39.704169],[106.75294,39.713731],[106.757498,39.729682],[106.7588,39.738593],[106.759939,39.742133],[106.762706,39.747178],[106.765147,39.753933],[106.765636,39.762519],[106.763194,39.772325],[106.754893,39.788357],[106.751964,39.796658],[106.744558,39.854926],[106.739757,39.862738],[106.717377,39.886176],[106.710378,39.898993],[106.738292,39.919501],[106.738455,39.929755],[106.733653,39.93891],[106.730235,39.947781],[106.73463,39.957343],[106.738048,39.971503],[106.733002,39.990302],[106.724539,40.007392],[106.717784,40.016303],[106.709076,40.038113],[106.727143,40.062608],[106.858653,40.179755],[106.870128,40.183621],[106.874278,40.166571],[106.977306,40.241645],[106.999034,40.251085],[107.007091,40.257148],[107.01474,40.269314],[107.02589,40.30268],[107.03183,40.310492],[107.057872,40.33279],[107.06601,40.337836],[107.080984,40.341742],[107.113862,40.345567],[107.128022,40.351508],[107.151541,40.376044],[107.158702,40.402045],[107.154063,40.428331],[107.141694,40.453925],[107.147227,40.462226],[107.163259,40.47724],[107.169688,40.481879],[107.179861,40.486396],[107.20574,40.494412],[107.214366,40.499213],[107.220225,40.512397],[107.20517,40.540229],[107.203868,40.563788],[107.211843,40.582709],[107.224864,40.59516],[107.2553,40.615587],[107.26295,40.625434],[107.266124,40.632921],[107.270763,40.637803],[107.282644,40.639472],[107.309825,40.640082],[107.322195,40.642279],[107.348562,40.652452],[107.380056,40.656684],[107.39503,40.66059],[107.440359,40.701606],[107.466563,40.709906],[107.490245,40.72663],[107.513927,40.739203],[107.539073,40.735053],[107.561453,40.73725],[107.573985,40.746853],[107.583507,40.757432],[107.643972,40.774766],[107.663097,40.776068],[107.694591,40.768866],[107.706635,40.77143],[107.711436,40.786933],[107.706716,40.801581],[107.699636,40.816596],[107.699799,40.829779],[107.717703,40.838731],[107.732432,40.851264],[107.758393,40.859483],[107.862071,40.8699],[107.885183,40.867499],[107.905528,40.85517],[107.91627,40.850165],[107.928315,40.851752],[107.95045,40.858588],[108.011974,40.858588],[108.086681,40.847724],[108.115001,40.851752],[108.1421,40.870551],[108.156749,40.877143],[108.173269,40.879706],[108.178803,40.874579],[108.19752,40.838731],[108.208751,40.827908],[108.224213,40.817939],[108.240815,40.81391],[108.268891,40.826687],[108.283702,40.822943],[108.306733,40.810818],[108.33782,40.810167],[108.404796,40.820583],[108.437755,40.817003],[108.451752,40.808539],[108.467296,40.793321],[108.479747,40.775458],[108.484874,40.758979],[108.492605,40.752509],[108.52825,40.739773],[108.550873,40.717963],[108.576264,40.682725],[108.581065,40.670233],[108.590831,40.661566],[108.612885,40.65412],[108.670421,40.642646],[108.680268,40.632636],[108.687592,40.621039],[108.697195,40.612169],[108.713959,40.609931],[108.748057,40.617987],[108.766124,40.612169],[108.757091,40.58808],[108.763601,40.573188],[108.779796,40.564032],[108.81129,40.551866],[108.820323,40.546739],[108.830007,40.54328],[108.842377,40.54328],[108.848399,40.546942],[108.856456,40.5539],[108.86671,40.560736],[108.879405,40.563788],[108.88323,40.558417],[108.886648,40.546698],[108.891612,40.53498],[108.900401,40.529608],[108.913097,40.531684],[108.921397,40.534695],[108.929454,40.534369],[108.94101,40.526231],[108.950694,40.522162],[108.963796,40.521348],[108.989268,40.522773],[109.000255,40.526313],[109.004405,40.53498],[109.005626,40.556952],[109.015391,40.547431],[109.02589,40.545193],[109.03655,40.548855],[109.046641,40.556952],[109.046397,40.540635],[109.049897,40.528673],[109.057872,40.52501],[109.087332,40.546658],[109.098155,40.547227],[109.122325,40.529608],[109.150076,40.523708],[109.185069,40.520697],[109.207286,40.511908],[109.19752,40.488715],[109.222341,40.492051],[109.286713,40.522773],[109.279552,40.490424],[109.28712,40.488227],[109.335134,40.487331],[109.355479,40.483425],[109.396576,40.468207],[109.413097,40.477362],[109.459483,40.489814],[109.472341,40.502305],[109.460704,40.502305],[109.450043,40.504503],[109.439952,40.508857],[109.430919,40.515326],[109.447032,40.520819],[109.482514,40.524604],[109.499034,40.529608],[109.50587,40.51671],[109.519216,40.52265],[109.53655,40.535509],[109.554454,40.54328],[109.572846,40.542263],[109.582042,40.53913],[109.590831,40.539984],[109.608328,40.550727],[109.665131,40.496772],[109.69044,40.484687],[109.700857,40.477607],[109.71339,40.475287],[109.737641,40.492458],[109.749034,40.497829],[109.762299,40.501166],[109.789561,40.504014],[109.828054,40.515326],[109.883311,40.515326],[109.892507,40.519965],[109.901378,40.52265],[109.910655,40.522773],[109.916026,40.52029],[109.924246,40.512397],[109.931163,40.509141],[109.941498,40.505886],[109.952891,40.503974],[109.963634,40.508124],[109.972097,40.522773],[109.988292,40.511583],[109.999604,40.512803],[110.010183,40.51907],[110.023936,40.522773],[110.039643,40.520575],[110.054779,40.51671],[110.069021,40.515977],[110.08253,40.522773],[110.095225,40.510688],[110.102306,40.505398],[110.109874,40.502305],[110.122813,40.502875],[110.142589,40.512885],[110.153331,40.515326],[110.154307,40.518907],[110.167572,40.540229],[110.175141,40.541571],[110.202566,40.539618],[110.211681,40.537055],[110.223155,40.522773],[110.237804,40.482733],[110.246104,40.474433],[110.286388,40.483913],[110.30364,40.481391],[110.293549,40.461371],[110.306651,40.453192],[110.347097,40.453152],[110.355724,40.450792],[110.362071,40.4442],[110.403412,40.420437],[110.4192,40.398383],[110.430268,40.388495],[110.441417,40.38935],[110.456391,40.397081],[110.467377,40.394599],[110.475027,40.385077],[110.479096,40.372016],[110.486501,40.372016],[110.506847,40.381374],[110.542979,40.360541],[110.58074,40.331855],[110.606049,40.31741],[110.638194,40.32213],[110.658132,40.321804],[110.688487,40.305732],[110.727306,40.296739],[110.746104,40.290066],[110.76588,40.280341],[110.779796,40.276068],[110.814952,40.276435],[110.834402,40.273708],[110.864838,40.258816],[110.879893,40.255316],[110.941335,40.253282],[110.964854,40.262641],[110.987397,40.261664],[110.996593,40.265896],[111.014903,40.283393],[111.034679,40.296902],[111.061046,40.267198],[111.184825,40.208116],[111.209565,40.180447],[111.219737,40.172716],[111.231293,40.168972],[111.254975,40.166775],[111.277192,40.160753],[111.290701,40.159044],[111.302745,40.156073],[111.328298,40.11872],[111.33839,40.110663],[111.361339,40.097968],[111.369884,40.090847],[111.379893,40.062445],[111.380789,40.057318],[111.39739,40.047919],[111.405365,40.025824],[111.411388,39.981553],[111.436534,39.917304],[111.435313,39.90644],[111.423432,39.895941],[111.397227,39.830756],[111.365245,39.777533],[111.359467,39.750434],[111.369884,39.721503],[111.417572,39.683661],[111.420095,39.672431],[111.426768,39.658881],[111.435639,39.646593],[111.445567,39.638983],[111.463145,39.620185],[111.453624,39.617255],[111.425141,39.625312],[111.424246,39.617214],[111.425141,39.535956],[111.420909,39.52204],[111.372488,39.489081],[111.342377,39.444363],[111.316987,39.429389],[111.284109,39.424872],[111.199148,39.427069],[111.163992,39.423163],[111.134288,39.410509],[111.109874,39.385077],[111.118175,39.376044],[111.141205,39.367255],[111.150808,39.357123],[111.16684,39.364691],[111.174571,39.356757],[111.17921,39.342353],[111.184825,39.33043],[111.200206,39.320909],[111.214773,39.316352],[111.22462,39.310492],[111.226573,39.296942],[111.221609,39.283393],[111.158214,39.172797],[111.134207,39.099433],[111.117686,39.067328],[111.088634,39.042507],[111.021902,39.018581],[110.99464,39.00377],[110.972585,38.974189],[110.994151,38.937201],[111.00351,38.916083],[111.003429,38.902533],[110.994151,38.885281],[110.979991,38.816514],[110.969005,38.798855],[110.95753,38.785264],[110.948334,38.771104],[110.9428,38.739366],[110.937511,38.731553],[110.921397,38.717231],[110.91505,38.708441],[110.904307,38.679389],[110.871511,38.621283],[110.87322,38.61168],[110.875255,38.607489],[110.900645,38.58039],[110.901296,38.573676],[110.899018,38.545356],[110.896983,38.535346],[110.890717,38.525092],[110.876475,38.509955],[110.870128,38.501817],[110.865326,38.490302],[110.859467,38.467963],[110.85255,38.457099],[110.833751,38.445828],[110.792084,38.439561],[110.774018,38.426093],[110.755626,38.390408],[110.746104,38.377712],[110.711192,38.356798],[110.705089,38.354438],[110.700694,38.346747],[110.67099,38.316921],[110.659679,38.310004],[110.647472,38.305609],[110.634288,38.30329],[110.60434,38.301378],[110.589854,38.296698],[110.579275,38.287218],[110.568614,38.232204],[110.568614,38.226874],[110.559255,38.216905],[110.54713,38.210883],[110.532807,38.207872],[110.517019,38.207058],[110.510916,38.202094],[110.499604,38.166042],[110.509288,38.144965],[110.509044,38.128038],[110.499604,38.090359],[110.507091,38.011542],[110.507823,38.008653],[110.511648,38.005072],[110.513276,38.001003],[110.513601,37.98253],[110.513276,37.980496],[110.514171,37.97016],[110.51295,37.961249],[110.514903,37.954901],[110.524099,37.952501],[110.545095,37.949652],[110.562511,37.942003],[110.576915,37.93126],[110.588959,37.919013],[110.653087,37.813096],[110.674408,37.796169],[110.728933,37.773546],[110.742686,37.764757],[110.752859,37.745673],[110.743744,37.732449],[110.705089,37.713568],[110.727061,37.700263],[110.778901,37.67829],[110.794444,37.658311],[110.78769,37.652411],[110.770437,37.641181],[110.766612,37.637885],[110.766043,37.623969],[110.771007,37.613349],[110.777192,37.603868],[110.786713,37.573513],[110.788585,37.561347],[110.783702,37.555935],[110.775808,37.551866],[110.76946,37.542344],[110.746104,37.48017],[110.738455,37.469428],[110.715343,37.449774],[110.696218,37.439399],[110.653331,37.433905],[110.636729,37.418158],[110.630056,37.396552],[110.633311,37.379218],[110.646251,37.367703],[110.667898,37.363552],[110.687104,37.357123],[110.687511,37.342108],[110.67099,37.309516],[110.669363,37.301093],[110.670014,37.295722],[110.669688,37.290391],[110.664806,37.282172],[110.660818,37.2803],[110.647634,37.276638],[110.643565,37.274726],[110.64088,37.269639],[110.636729,37.256374],[110.633718,37.250841],[110.568614,37.178534],[110.536794,37.155382],[110.527599,37.144395],[110.516368,37.115017],[110.508718,37.101589],[110.496186,37.095974],[110.489268,37.091824],[110.478933,37.081651],[110.469493,37.069403],[110.465587,37.058783],[110.45989,37.051134],[110.446381,37.044257],[110.417735,37.035183],[110.417735,37.027696],[110.425385,37.027045],[110.445079,37.021511],[110.427257,37.010199],[110.40797,37.014757],[110.389171,37.021837],[110.373057,37.017768],[110.372813,37.00727],[110.3838,36.994981],[110.397878,36.984809],[110.407156,36.980536],[110.417979,36.967231],[110.412527,36.937527],[110.394786,36.906928],[110.369233,36.891181],[110.37672,36.878485],[110.400808,36.861111],[110.410818,36.849555],[110.403819,36.837266],[110.407237,36.829942],[110.414236,36.824001],[110.417735,36.816026],[110.414968,36.805121],[110.409109,36.795762],[110.397227,36.781317],[110.393077,36.780707],[110.385753,36.781033],[110.378998,36.779893],[110.37672,36.775092],[110.379893,36.769965],[110.3921,36.765001],[110.397227,36.76081],[110.399913,36.760525],[110.417735,36.753974],[110.412201,36.753689],[110.413097,36.745307],[110.416108,36.736151],[110.417735,36.733507],[110.439057,36.742255],[110.44101,36.726426],[110.432058,36.703966],[110.421153,36.692572],[110.410574,36.695014],[110.400483,36.698839],[110.392833,36.698554],[110.38974,36.688788],[110.393565,36.682318],[110.482921,36.592882],[110.489757,36.577338],[110.498546,36.524482],[110.499604,36.507595],[110.495942,36.483995],[110.482188,36.448554],[110.476329,36.404853],[110.458751,36.349311],[110.459076,36.327094],[110.470144,36.28616],[110.472992,36.263699],[110.469005,36.243232],[110.450613,36.206855],[110.445079,36.185411],[110.446869,36.141791],[110.497488,35.9796],[110.500662,35.933132],[110.505951,35.911973],[110.507091,35.900824],[110.510753,35.886786],[110.519542,35.885077],[110.530691,35.88703],[110.54127,35.883816],[110.560151,35.849148],[110.57545,35.71247],[110.611339,35.637722],[110.61964,35.597195],[110.602631,35.554226],[110.572765,35.52794],[110.555919,35.50849],[110.558442,35.499579],[110.562755,35.490749],[110.559255,35.470811],[110.552745,35.449897],[110.547455,35.438178],[110.537527,35.427761],[110.523448,35.416571],[110.5088,35.40766],[110.496186,35.403998],[110.468272,35.356024],[110.458751,35.343126],[110.444835,35.335028],[110.437104,35.322333],[110.431651,35.307807],[110.424571,35.294135],[110.417247,35.286404],[110.372569,35.255316],[110.357595,35.238227],[110.335134,35.197943],[110.326182,35.149197],[110.316905,35.125678],[110.310476,35.090888],[110.29184,35.05036],[110.284597,35.00963],[110.268647,34.959418],[110.259369,34.944688],[110.271007,34.913438],[110.272227,34.881456],[110.262706,34.851182],[110.242442,34.824897],[110.237234,34.801337],[110.241628,34.71894],[110.251964,34.663153],[110.269949,34.637274]],[[97.288178,34.835476],[97.301199,34.817979],[97.315929,34.81684],[97.352794,34.821804],[97.406342,34.817939],[97.424815,34.821804],[97.437266,34.828437],[97.484955,34.871283],[97.50172,34.876247],[97.546967,34.876003]]]}},{"type":"Feature","properties":{"dissolve":"680Lake Centerline","scalerank":8,"featurecla":"Lake Centerline","name":"Yalu","name_alt":null,"rivernum":680,"note":null,"min_zoom":7,"name_en":"Yalu","min_label":8},"bbox":[124.959239,40.453925,125.336436,40.650824],"geometry":{"type":"MultiLineString","coordinates":[[[124.959239,40.453925],[124.971609,40.453925],[124.988699,40.458075],[125.013682,40.457628],[125.03476,40.462104],[125.041026,40.474962],[125.028819,40.491034],[125.009939,40.509792],[125.014415,40.52558],[125.03476,40.539618],[125.053315,40.547675],[125.0796,40.552029],[125.101573,40.558783],[125.119151,40.565619],[125.137218,40.576972],[125.155203,40.589219],[125.187104,40.5987],[125.217296,40.605414],[125.240489,40.613471],[125.25823,40.621527],[125.266775,40.631903],[125.275645,40.645087],[125.293224,40.650824],[125.314057,40.65001],[125.326589,40.642646],[125.336436,40.641384]]]}},{"type":"Feature","properties":{"dissolve":"680River","scalerank":8,"featurecla":"River","name":"Yalu","name_alt":null,"rivernum":680,"note":null,"min_zoom":7,"name_en":"Yalu","min_label":8},"bbox":[124.370209,40.098253,128.302745,41.917507],"geometry":{"type":"MultiLineString","coordinates":[[[128.090587,41.917507],[128.094005,41.901719],[128.099701,41.888861],[128.100841,41.8758],[128.090587,41.859158],[128.09075,41.841986],[128.096609,41.822821],[128.144054,41.754991],[128.154552,41.733954],[128.158783,41.712022],[128.185639,41.693183],[128.223888,41.669704],[128.25058,41.660427],[128.268647,41.643622],[128.281261,41.623236],[128.283132,41.605292],[128.302745,41.583686],[128.287364,41.544949],[128.185313,41.404731],[128.145925,41.376532],[128.103608,41.37934],[128.117931,41.393622],[128.103608,41.399848],[128.087901,41.389187],[128.063975,41.388617],[128.046479,41.398993],[128.050222,41.420966],[128.033295,41.413926],[128.023529,41.411729],[128.014903,41.41352],[128.011322,41.424628],[128.01295,41.442572],[128.012218,41.460313],[128.001231,41.471055],[127.992442,41.461371],[127.984304,41.45421],[127.973888,41.450629],[127.943858,41.471055],[127.903331,41.466498],[127.881277,41.461127],[127.871511,41.453966],[127.864757,41.437608],[127.848562,41.431586],[127.828543,41.434149],[127.810069,41.443793],[127.784434,41.43712],[127.689952,41.439154],[127.662364,41.447211],[127.657725,41.446804],[127.646658,41.433173],[127.638194,41.430121],[127.630382,41.433051],[127.597097,41.450629],[127.558604,41.458523],[127.544444,41.469062],[127.542491,41.491523],[127.525401,41.484565],[127.508067,41.488349],[127.490733,41.495632],[127.473643,41.49905],[127.456716,41.494981],[127.4428,41.488308],[127.427257,41.483344],[127.404796,41.484727],[127.400971,41.487087],[127.395518,41.491563],[127.388194,41.496283],[127.378673,41.49905],[127.370942,41.498318],[127.353526,41.492947],[127.343842,41.491523],[127.304779,41.4949],[127.286062,41.499213],[127.268891,41.505194],[127.274913,41.507595],[127.283295,41.512397],[127.28948,41.518826],[127.288666,41.525702],[127.281261,41.531317],[127.274425,41.530707],[127.2671,41.527533],[127.257823,41.525702],[127.244151,41.528266],[127.22169,41.541042],[127.206716,41.54621],[127.200125,41.542304],[127.187022,41.521674],[127.179454,41.517157],[127.174083,41.519477],[127.170095,41.524115],[127.164806,41.528754],[127.155528,41.530829],[127.1421,41.524115],[127.134369,41.522284],[127.12794,41.531806],[127.120616,41.53502],[127.111827,41.536933],[127.10434,41.537665],[127.117686,41.556016],[127.136241,41.569444],[127.157481,41.578884],[127.179454,41.585395],[127.165701,41.595242],[127.113699,41.610663],[127.096934,41.612738],[127.101573,41.622585],[127.10434,41.62641],[127.073822,41.635932],[127.058686,41.643581],[127.049083,41.653673],[127.045014,41.66824],[127.048595,41.678005],[127.059255,41.682481],[127.076427,41.681016],[127.067963,41.693874],[127.046479,41.71955],[127.042247,41.732856],[127.032725,41.731879],[126.980886,41.763536],[126.958344,41.767035],[126.945811,41.766425],[126.94044,41.771999],[126.939138,41.794013],[126.929617,41.801337],[126.908214,41.796413],[126.886811,41.785183],[126.877208,41.77379],[126.86435,41.747504],[126.808523,41.730048],[126.795828,41.705268],[126.788178,41.696153],[126.771088,41.704779],[126.741222,41.729438],[126.72698,41.737169],[126.712169,41.741523],[126.696544,41.741523],[126.679128,41.736274],[126.686941,41.724311],[126.699311,41.716661],[126.713878,41.710232],[126.72755,41.701483],[126.711925,41.694444],[126.679779,41.672146],[126.668956,41.667344],[126.633718,41.668891],[126.617605,41.666205],[126.601654,41.642279],[126.566824,41.614325],[126.566173,41.602159],[126.576915,41.588487],[126.580496,41.575466],[126.576915,41.562038],[126.558442,41.534369],[126.542003,41.489203],[126.507253,41.447455],[126.500987,41.434638],[126.507823,41.409451],[126.521902,41.377794],[126.521983,41.35224],[126.487397,41.344591],[126.487397,41.352078],[126.493582,41.355048],[126.496186,41.358262],[126.497976,41.362006],[126.500987,41.366278],[126.472179,41.366726],[126.440684,41.34866],[126.391124,41.303656],[126.380382,41.291083],[126.356944,41.24962],[126.345795,41.23786],[126.320811,41.219102],[126.309174,41.208075],[126.284109,41.164374],[126.274425,41.152777],[126.260509,41.143378],[126.147065,41.092475],[126.123546,41.075751],[126.137787,41.057237],[126.126069,41.043402],[126.111095,41.032742],[126.101003,41.022284],[126.10377,41.009467],[126.093191,41.006456],[126.083507,41.002753],[126.07545,40.997341],[126.069021,40.989569],[126.071544,40.980821],[126.065684,40.968858],[126.045095,40.944892],[126.02825,40.935492],[126.009044,40.932929],[125.991791,40.928575],[125.980154,40.913845],[125.996186,40.915147],[126.009532,40.91413],[126.014903,40.909369],[126.007498,40.899604],[125.994721,40.894355],[125.963878,40.891547],[125.949229,40.882839],[125.935964,40.877631],[125.923595,40.884304],[125.912039,40.894355],[125.901134,40.899604],[125.884858,40.897732],[125.872488,40.89293],[125.831391,40.871039],[125.821707,40.86994],[125.778819,40.884833],[125.770518,40.88642],[125.760509,40.885932],[125.754487,40.881903],[125.750499,40.874945],[125.745372,40.868354],[125.736501,40.865424],[125.706065,40.860663],[125.682872,40.848212],[125.64446,40.810818],[125.672944,40.784369],[125.682384,40.76911],[125.668386,40.762397],[125.609793,40.761501],[125.607921,40.76435],[125.600108,40.772976],[125.586192,40.782091],[125.571544,40.785102],[125.559825,40.778632],[125.555105,40.758979],[125.553152,40.737372],[125.546316,40.726142],[125.532725,40.722032],[125.491466,40.721218],[125.478526,40.719021],[125.468761,40.713162],[125.459483,40.701606],[125.456554,40.693915],[125.456065,40.679958],[125.452647,40.673651],[125.44337,40.669013],[125.425955,40.671454],[125.418468,40.666815],[125.414643,40.652167],[125.416921,40.639512],[125.413015,40.632025],[125.390636,40.632636],[125.384288,40.635321],[125.372162,40.644151],[125.363292,40.646918],[125.355724,40.646308],[125.336436,40.641384]],[[124.959239,40.453925],[124.935069,40.455837],[124.92571,40.458116],[124.917654,40.461371],[124.914968,40.466132],[124.905284,40.476752],[124.895112,40.483913],[124.890229,40.478095],[124.883474,40.465766],[124.849539,40.43183],[124.800548,40.394314],[124.779552,40.383734],[124.756602,40.379462],[124.740815,40.370551],[124.730968,40.349962],[124.722992,40.326972],[124.712169,40.310492],[124.692556,40.303046],[124.642182,40.294501],[124.626882,40.286322],[124.61085,40.272406],[124.570567,40.252631],[124.554454,40.241645],[124.551524,40.236396],[124.549897,40.224962],[124.54835,40.221137],[124.542898,40.217841],[124.531993,40.216254],[124.527843,40.214382],[124.385265,40.110663],[124.370209,40.098253]]]}},{"type":"Feature","properties":{"dissolve":"72Lake Centerline","scalerank":3,"featurecla":"Lake Centerline","name":"Amur","name_alt":null,"rivernum":72,"note":null,"min_zoom":3,"name_en":"Amur","min_label":4},"bbox":[136.756847,49.759304,140.114024,51.763617],"geometry":{"type":"MultiLineString","coordinates":[[[140.114024,51.763617],[140.089773,51.748847],[140.05421,51.721951],[139.972179,51.645372],[139.9192,51.60224],[139.897878,51.589057],[139.872162,51.58161],[139.857595,51.578803]],[[137.069835,50.454047],[137.074799,50.435858],[137.085378,50.360785],[137.087901,50.324408],[137.092703,50.294257],[137.101085,50.265408],[137.111827,50.246161],[137.094493,50.21955],[137.058604,50.195828],[137.033783,50.176947],[137.004242,50.159491],[136.96339,50.145779],[136.923106,50.138861],[136.891368,50.124457],[136.870372,50.102118],[136.856944,50.07864],[136.836843,50.051337],[136.814382,50.018012],[136.797862,49.959052],[136.785818,49.929755],[136.774994,49.906562],[136.756847,49.880194],[136.756928,49.852484],[136.763601,49.820136],[136.765147,49.800076],[136.776866,49.786322],[136.788097,49.772895],[136.810557,49.759304]]]}},{"type":"Feature","properties":{"dissolve":"72River","scalerank":3,"featurecla":"River","name":"Amur","name_alt":null,"rivernum":72,"note":null,"min_zoom":3,"name_en":"Amur","min_label":4},"bbox":[127.486339,47.661729,140.706635,53.221747],"geometry":{"type":"MultiLineString","coordinates":[[[140.706635,53.111029],[140.660248,53.096055],[140.594249,53.084052],[140.583751,53.084906],[140.577159,53.086737],[140.558442,53.094672],[140.501557,53.110622],[140.48406,53.119696],[140.45574,53.138943],[140.441173,53.146674],[140.40919,53.157172],[140.338145,53.20071],[140.30421,53.213568],[140.263194,53.221747],[139.990326,53.214911],[139.966238,53.217719],[139.915701,53.212999],[139.890391,53.203966],[139.869884,53.188422],[139.85906,53.165798],[139.858002,53.142524],[139.855886,53.135443],[139.854503,53.133409],[139.850515,53.129584],[139.848725,53.127387],[139.847341,53.123887],[139.8449,53.112738],[139.831716,53.084093],[139.819835,53.065741],[139.805105,53.049628],[139.798595,53.045356],[139.792247,53.043036],[139.777924,53.040229],[139.771088,53.036689],[139.752859,53.017605],[139.72519,52.997341],[139.712332,52.985419],[139.703543,52.971625],[139.70224,52.961493],[139.706391,52.953192],[139.713634,52.946601],[139.75294,52.925116],[139.871674,52.881619],[139.935313,52.865912],[140.000418,52.837022],[140.031261,52.812079],[140.052745,52.799506],[140.058197,52.794786],[140.067475,52.784247],[140.073416,52.780056],[140.093761,52.772569],[140.099701,52.76789],[140.106537,52.758246],[140.109386,52.752712],[140.11085,52.747382],[140.106619,52.732123],[140.087332,52.707709],[140.087983,52.692654],[140.127859,52.62698],[140.135265,52.618923],[140.149832,52.608588],[140.166515,52.601589],[140.201752,52.594184],[140.221202,52.593329],[140.259939,52.595811],[140.279063,52.594794],[140.30421,52.582953],[140.32252,52.561103],[140.353282,52.513454],[140.373057,52.494086],[140.384776,52.486029],[140.397227,52.481147],[140.399425,52.475694],[140.403331,52.470811],[140.408295,52.466905],[140.413829,52.464626],[140.416921,52.458523],[140.427989,52.448513],[140.432384,52.443142],[140.437999,52.429633],[140.44101,52.41531],[140.440115,52.387519],[140.44101,52.378445],[140.444753,52.3699],[140.449799,52.363715],[140.453868,52.357245],[140.454112,52.347602],[140.449229,52.333848],[140.441173,52.319037],[140.431244,52.305284],[140.411143,52.286444],[140.404877,52.278998],[140.401134,52.270087],[140.398936,52.25727],[140.398855,52.233222],[140.395518,52.223578],[140.375987,52.197781],[140.372325,52.188259],[140.370535,52.168158],[140.367686,52.158759],[140.36085,52.151231],[140.351085,52.147284],[140.330577,52.1435],[140.319753,52.139919],[140.310476,52.134874],[140.251964,52.092963],[140.225515,52.066352],[140.174408,52.026801],[140.163829,52.00906],[140.16505,51.99433],[140.205089,51.940863],[140.211518,51.928656],[140.221202,51.901475],[140.241791,51.859809],[140.242931,51.845079],[140.236746,51.830756],[140.225108,51.819607],[140.114024,51.763699]],[[139.857595,51.578803],[139.823171,51.57628],[139.781993,51.562445],[139.651947,51.537055],[139.539154,51.536811],[139.517345,51.532823],[139.496186,51.52265],[139.481375,51.507432],[139.473237,51.489366],[139.467296,51.469997],[139.458751,51.45071],[139.444347,51.433621],[139.42628,51.421332],[139.234874,51.357856],[139.208018,51.353217],[139.178396,51.353583],[139.011241,51.389024],[138.932384,51.380235],[138.897553,51.314399],[138.895274,51.292019],[138.888438,51.274278],[138.875255,51.261013],[138.854421,51.251776],[138.674571,51.207099],[138.655284,51.201687],[138.637218,51.193386],[138.621593,51.181505],[138.599539,51.148546],[138.587901,51.136176],[138.573741,51.126899],[138.554861,51.119452],[138.449718,51.101264],[138.440929,51.097846],[138.432872,51.092719],[138.377615,51.034288],[138.361339,51.021674],[138.276378,50.9713],[138.25172,50.962185],[138.207774,50.952745],[138.194347,50.947048],[138.182709,50.937445],[138.158946,50.898261],[138.149343,50.886054],[138.138438,50.87641],[138.125499,50.869737],[138.110606,50.866278],[138.06544,50.863471],[138.050792,50.860053],[138.038585,50.8546],[137.917572,50.762234],[137.865896,50.738959],[137.688487,50.689073],[137.590994,50.676459],[137.496755,50.682318],[137.408783,50.67121],[137.367768,50.670681],[137.233165,50.640204],[137.210704,50.62934],[137.190522,50.614814],[137.153901,50.577501],[137.112071,50.5456],[137.056407,50.514757],[137.048757,50.506374],[137.046316,50.495063],[137.049897,50.484442],[137.063975,50.46544],[137.069835,50.454047]],[[136.810557,49.759304],[136.82545,49.753119],[136.841238,49.744696],[136.850108,49.733466],[136.853282,49.719102],[136.846121,49.669216],[136.847341,49.653876],[136.854096,49.61994],[136.852468,49.604438],[136.846609,49.589871],[136.836681,49.57571],[136.815929,49.553412],[136.792003,49.532579],[136.765636,49.515082],[136.737804,49.502753],[136.71933,49.498358],[136.644135,49.490546],[136.531261,49.465888],[136.45045,49.428778],[136.435151,49.418524],[136.425873,49.406114],[136.421397,49.390977],[136.420095,49.355658],[136.416026,49.343329],[136.407237,49.333604],[136.378429,49.312934],[136.368907,49.300076],[136.354584,49.268744],[136.343272,49.254584],[136.327647,49.246853],[136.292979,49.236029],[136.26946,49.213487],[136.272472,49.185085],[136.299815,49.124945],[136.302419,49.107733],[136.302745,49.090155],[136.299083,49.07331],[136.290701,49.057929],[136.276541,49.043647],[136.149669,48.964789],[136.113862,48.954454],[136.008311,48.940253],[135.99407,48.934516],[135.980724,48.925971],[135.971446,48.913642],[135.967784,48.899522],[135.965831,48.88463],[135.960704,48.870063],[135.940033,48.847764],[135.912364,48.834988],[135.817556,48.817165],[135.802745,48.80976],[135.789561,48.798041],[135.781505,48.784288],[135.77589,48.771186],[135.768321,48.760199],[135.754405,48.753119],[135.720307,48.746527],[135.683604,48.743679],[135.647227,48.745917],[135.613699,48.754991],[135.58074,48.767849],[135.547455,48.776801],[135.513601,48.779079],[135.47877,48.771755],[135.423839,48.749457],[135.37379,48.735663],[135.357351,48.734198],[135.34075,48.736396],[135.307872,48.745307],[135.290945,48.747178],[135.27296,48.745551],[135.255463,48.741238],[135.23878,48.734442],[135.153494,48.678534],[135.046397,48.635199],[135.023041,48.614854],[135.004405,48.583116],[134.997325,48.548611],[135.0088,48.519965],[135.037608,48.488227],[135.042979,48.485867],[135.047455,48.472602],[135.049571,48.459255],[135.046397,48.447089],[135.035574,48.437445],[135.019216,48.433214],[134.965912,48.436591],[134.924571,48.433417],[134.883881,48.424384],[134.769135,48.373806],[134.751475,48.371609],[134.734386,48.373358],[134.598074,48.416449],[134.58017,48.417833],[134.505056,48.413682],[134.496186,48.411689],[134.447276,48.395128],[134.366954,48.377305],[134.20574,48.35989],[134.115733,48.335476],[134.056733,48.32746],[134.040294,48.322699],[134.024506,48.315375],[133.982188,48.285346],[133.966238,48.278876],[133.936615,48.273505],[133.877208,48.275499],[133.867279,48.274604],[133.849213,48.269558],[133.814708,48.255439],[133.796316,48.250841],[133.737722,48.251329],[133.720876,48.244981],[133.707612,48.23196],[133.685151,48.202419],[133.670014,48.190253],[133.654307,48.184149],[133.621104,48.177558],[133.605154,48.171902],[133.593354,48.164374],[133.584483,48.155585],[133.577566,48.14529],[133.571788,48.133002],[133.559662,48.113552],[133.543549,48.101833],[133.524018,48.09573],[133.46339,48.089708],[133.450613,48.09162],[133.412852,48.103298],[133.395925,48.106147],[133.379242,48.106553],[133.323253,48.100409],[133.301199,48.101508],[133.290538,48.1046],[133.272472,48.115343],[133.262543,48.119696],[133.223399,48.126247],[133.184825,48.125067],[133.091726,48.107001],[133.075043,48.101142],[133.060639,48.092108],[133.050792,48.078803],[133.047293,48.071845],[133.043793,48.066474],[133.039073,48.061794],[133.032481,48.057074],[133.024425,48.05268],[132.940522,48.026923],[132.940033,48.022813],[132.864513,47.985907],[132.853282,47.976386],[132.8331,47.95185],[132.820323,47.942572],[132.805593,47.936469],[132.789236,47.932969],[132.774669,47.933946],[132.762218,47.939643],[132.737804,47.954413],[132.72226,47.959174],[132.705496,47.960557],[132.688894,47.958035],[132.674408,47.950873],[132.667898,47.94538],[132.663015,47.93891],[132.660167,47.931586],[132.660574,47.923285],[132.663829,47.916083],[132.667898,47.909613],[132.671153,47.902777],[132.671967,47.894721],[132.667654,47.881537],[132.658621,47.870063],[132.607188,47.827826],[132.581065,47.800971],[132.576182,47.794501],[132.573416,47.788642],[132.573416,47.782497],[132.580577,47.765001],[132.582042,47.756415],[132.580089,47.748236],[132.573822,47.739814],[132.55657,47.7237],[132.546886,47.717068],[132.536143,47.71129],[132.524343,47.707709],[132.475597,47.707099],[132.453054,47.710761],[132.40032,47.730089],[132.366222,47.735622],[132.332042,47.736762],[132.264171,47.729071],[132.250499,47.725613],[132.201915,47.700751],[132.188731,47.695868],[132.161388,47.690253],[132.11671,47.689724],[132.088878,47.695014],[132.024994,47.698065],[131.965994,47.690253],[131.957042,47.687201],[131.932628,47.672471],[131.924083,47.669216],[131.913666,47.667914],[131.90325,47.668402],[131.894054,47.670233],[131.864675,47.68183],[131.85434,47.684353],[131.835704,47.684841],[131.798839,47.679633],[131.78004,47.679307],[131.702647,47.696397],[131.683197,47.694892],[131.630382,47.6671],[131.621511,47.664089],[131.612315,47.662218],[131.602957,47.661729],[131.593679,47.662624],[131.584483,47.664903],[131.577159,47.668809],[131.537608,47.703477],[131.507416,47.721788],[131.47462,47.734687],[131.440522,47.7414],[131.418061,47.742865],[131.209972,47.709418],[131.166921,47.697374],[131.128917,47.681505],[131.103608,47.676785],[131.084076,47.67536],[131.043875,47.677517],[131.023204,47.682563],[130.983328,47.700263],[130.965343,47.704169],[130.941742,47.718207],[130.93808,47.751329],[130.942149,47.790066],[130.941417,47.820868],[130.906668,47.884467],[130.857026,47.928046],[130.68214,48.050605],[130.674571,48.064236],[130.670665,48.086859],[130.66448,48.102322],[130.663097,48.116645],[130.674571,48.136176],[130.707042,48.163642],[130.72934,48.178249],[130.746104,48.184638],[130.752452,48.189887],[130.763276,48.225531],[130.768565,48.236925],[130.773529,48.244452],[130.819021,48.282172],[130.823741,48.294379],[130.824718,48.318061],[130.821788,48.334052],[130.814138,48.340196],[130.803152,48.342963],[130.79005,48.348456],[130.779552,48.356716],[130.773448,48.364529],[130.763276,48.383165],[130.742931,48.411892],[130.738048,48.43004],[130.746104,48.448065],[130.759288,48.468207],[130.758718,48.485948],[130.74407,48.497585],[130.715424,48.499294],[130.639089,48.477484],[130.625987,48.482489],[130.624278,48.488593],[130.615489,48.508368],[130.613048,48.519802],[130.614513,48.530382],[130.620616,48.549506],[130.619884,48.560736],[130.607432,48.576972],[130.586192,48.583686],[130.562022,48.588406],[130.540538,48.598578],[130.529552,48.616482],[130.53297,48.636094],[130.627452,48.796332],[130.666433,48.841742],[130.676199,48.857693],[130.674083,48.871039],[130.650401,48.876654],[130.624766,48.874579],[130.564708,48.856228],[130.540619,48.853705],[130.511241,48.85578],[130.486339,48.863959],[130.475841,48.879747],[130.465017,48.891628],[130.439464,48.896755],[130.386485,48.896552],[130.337901,48.885606],[130.293224,48.870388],[130.249034,48.864814],[130.201589,48.88288],[130.03712,48.972235],[129.996593,49.002631],[129.97405,49.015408],[129.926199,49.025946],[129.913097,49.039822],[129.911388,49.059516],[129.920421,49.082099],[129.882904,49.100043],[129.862234,49.106757],[129.841238,49.109442],[129.845144,49.154324],[129.841238,49.167426],[129.824474,49.174425],[129.775645,49.177802],[129.755382,49.184516],[129.741628,49.19599],[129.737315,49.205756],[129.734793,49.239122],[129.710948,49.274441],[129.668875,49.279405],[129.618907,49.274482],[129.571544,49.280097],[129.551524,49.290717],[129.538666,49.304023],[129.53183,49.321804],[129.53004,49.369574],[129.527599,49.385118],[129.51946,49.397325],[129.501964,49.411078],[129.480398,49.421495],[129.4546,49.427558],[129.403087,49.430935],[129.378429,49.42532],[129.371186,49.410834],[129.372976,49.370144],[129.361746,49.350124],[129.34075,49.341376],[129.315929,49.344346],[129.271983,49.375515],[129.245209,49.386176],[129.217703,49.391059],[129.193614,49.38996],[129.170909,49.380642],[129.135753,49.354438],[129.115001,49.348985],[129.087494,49.352362],[129.066742,49.361925],[129.050304,49.377021],[129.014415,49.431342],[128.997813,49.441514],[128.946788,49.449774],[128.901785,49.471991],[128.878917,49.480007],[128.853282,49.48078],[128.809581,49.46894],[128.786388,49.465684],[128.759776,49.471137],[128.749929,49.484809],[128.753835,49.502753],[128.769054,49.520941],[128.779063,49.525336],[128.790131,49.527371],[128.799327,49.532091],[128.803152,49.544501],[128.802989,49.555365],[128.801524,49.565375],[128.796641,49.572699],[128.786388,49.575548],[128.759207,49.57807],[128.733979,49.584581],[128.686453,49.603461],[128.671479,49.61168],[128.665701,49.609687],[128.634939,49.578437],[128.628429,49.575548],[128.550955,49.58869],[128.38323,49.579617],[128.371674,49.575548],[128.364675,49.570014],[128.35255,49.554755],[128.344493,49.548204],[128.320079,49.54503],[128.267833,49.559027],[128.245128,49.551622],[128.224864,49.5421],[128.198171,49.539252],[128.092296,49.541815],[128.066905,49.546942],[128.046479,49.558458],[128.012218,49.587714],[127.991222,49.598985],[127.967784,49.603461],[127.955089,49.603298],[127.94752,49.601426],[127.94044,49.596137],[127.929779,49.585517],[127.920421,49.581366],[127.906993,49.580512],[127.854503,49.585069],[127.830577,49.594102],[127.809255,49.607367],[127.789561,49.623358],[127.769786,49.634101],[127.72169,49.648871],[127.703217,49.660915],[127.689708,49.681708],[127.686697,49.699164],[127.686046,49.717108],[127.679698,49.739366],[127.644054,49.767401],[127.538259,49.790229],[127.507823,49.822577],[127.506358,49.84455],[127.511322,49.86933],[127.520518,49.892035],[127.531993,49.907904],[127.533702,49.922716],[127.521251,49.941474],[127.494151,49.973456],[127.486339,50.025906],[127.506277,50.063747],[127.569835,50.130439],[127.580333,50.149359],[127.586518,50.167426],[127.589692,50.186591],[127.590343,50.209011]]]}},{"type":"Feature","properties":{"dissolve":"873River","scalerank":8,"featurecla":"River","name":"Wei","name_alt":null,"rivernum":873,"note":null,"min_zoom":7,"name_en":"Wei","min_label":8},"bbox":[104.064952,34.20421,110.293468,35.139228],"geometry":{"type":"MultiLineString","coordinates":[[[104.064952,34.986274],[104.067475,34.995714],[104.069021,35.018663],[104.071788,35.027208],[104.080984,35.033149],[104.094656,35.038398],[104.107351,35.045762],[104.115896,35.066921],[104.124278,35.074774],[104.134288,35.080349],[104.156505,35.086371],[104.166108,35.095567],[104.181651,35.115994],[104.197358,35.127956],[104.23406,35.139228],[104.271983,35.134101],[104.352957,35.109198],[104.373139,35.107001],[104.438569,35.109198],[104.456716,35.104112],[104.503835,35.068183],[104.592459,35.057969],[104.603526,35.048692],[104.668224,35.019802],[104.687999,34.998481],[104.694916,34.992499],[104.705089,34.987413],[104.713878,34.984198],[104.72047,34.979112],[104.725108,34.957628],[104.734386,34.938747],[104.736501,34.927924],[104.735037,34.915635],[104.729503,34.894355],[104.729096,34.883246],[104.750011,34.836941],[104.756358,34.828437],[104.774425,34.81155],[104.784434,34.807196],[104.794932,34.808905],[104.805675,34.812812],[104.815684,34.815009],[104.846446,34.780829],[104.886485,34.757921],[104.93629,34.749457],[104.987641,34.754747],[105.031342,34.773383],[105.041026,34.781928],[105.045339,34.788153],[105.051524,34.792304],[105.066824,34.79446],[105.166026,34.778754],[105.175222,34.773464],[105.183604,34.766628],[105.195811,34.759711],[105.239757,34.752224],[105.340017,34.758409],[105.387706,34.753485],[105.451427,34.734687],[105.473237,34.732449],[105.49114,34.725531],[105.499929,34.711249],[105.509939,34.699001],[105.531749,34.698269],[105.538259,34.702216],[105.547374,34.714464],[105.552175,34.718126],[105.563975,34.720079],[105.627533,34.714423],[105.647227,34.70543],[105.681895,34.684597],[105.723237,34.669013],[105.742686,34.656928],[105.750662,34.640204],[105.761485,34.626736],[105.786388,34.620958],[105.833425,34.615749],[105.85019,34.605292],[105.856619,34.594102],[105.86085,34.581081],[105.870616,34.564805],[105.884695,34.560085],[105.953136,34.554267],[105.976573,34.54796],[105.987315,34.54682],[105.995942,34.550238],[106.011241,34.565131],[106.021658,34.568549],[106.027843,34.560899],[106.048106,34.546088],[106.069591,34.536322],[106.079682,34.543728],[106.088878,34.556912],[106.10906,34.552191],[106.141694,34.5338],[106.161713,34.531562],[106.177257,34.536566],[106.192475,34.543484],[106.210704,34.54682],[106.225841,34.544501],[106.270925,34.527615],[106.307058,34.521674],[106.34669,34.520087],[106.450206,34.520087],[106.475678,34.524115],[106.486257,34.524034],[106.498057,34.520087],[106.510346,34.511094],[106.522065,34.499823],[106.534679,34.490098],[106.549327,34.486029],[106.572683,34.482489],[106.595876,34.472846],[106.613862,34.458604],[106.621023,34.44127],[106.626964,34.419501],[106.641612,34.405626],[106.65976,34.394884],[106.67628,34.382351],[106.764415,34.371365],[106.809093,34.373643],[106.85377,34.382351],[106.8838,34.393378],[106.895274,34.396023],[106.90797,34.396348],[106.926687,34.391181],[106.939708,34.389757],[106.949718,34.391913],[106.968842,34.401313],[106.980724,34.403428],[106.991954,34.401882],[107.03183,34.389757],[107.062266,34.372911],[107.073416,34.36933],[107.084727,34.370632],[107.096202,34.374945],[107.107432,34.377305],[107.137706,34.361396],[107.163585,34.356269],[107.296641,34.355048],[107.319591,34.351996],[107.358897,34.338446],[107.381277,34.33515],[107.429779,34.340766],[107.454845,34.340644],[107.474132,34.331732],[107.488292,34.322781],[107.533621,34.305447],[107.553233,34.300401],[107.604747,34.296658],[107.634369,34.298122],[107.671153,34.310126],[107.694753,34.304023],[107.738292,34.28738],[107.774913,34.284857],[107.786632,34.280544],[107.810964,34.25141],[107.816987,34.246405],[108.00172,34.232123],[108.087576,34.238959],[108.112234,34.232042],[108.135671,34.221869],[108.158946,34.216986],[108.183849,34.225898],[108.19573,34.219672],[108.206065,34.2213],[108.217377,34.225287],[108.231619,34.225898],[108.242686,34.221381],[108.263682,34.207221],[108.276378,34.20421],[108.368744,34.211697],[108.448416,34.208767],[108.467459,34.215115],[108.481944,34.226508],[108.497162,34.233913],[108.515554,34.23782],[108.587576,34.240587],[108.611827,34.245632],[108.622081,34.256049],[108.632823,34.260525],[108.690929,34.307888],[108.731944,34.320909],[108.760265,34.339179],[108.769542,34.341376],[108.782644,34.347032],[108.842377,34.382351],[108.903331,34.403428],[108.955984,34.414659],[108.995372,34.436306],[109.05421,34.45185],[109.074474,34.472357],[109.096446,34.47016],[109.129242,34.458686],[109.172862,34.431952],[109.179128,34.430121],[109.201182,34.430772],[109.211192,34.4324],[109.223074,34.436591],[109.23406,34.442206],[109.242198,34.448106],[109.250092,34.45893],[109.252533,34.467637],[109.253835,34.476142],[109.258881,34.486029],[109.263601,34.489203],[109.286713,34.49962],[109.286713,34.505886],[109.278738,34.509548],[109.273529,34.513861],[109.269949,34.519639],[109.266368,34.527615],[109.305675,34.543077],[109.328624,34.548041],[109.34547,34.543728],[109.361501,34.535712],[109.382335,34.532904],[109.399099,34.538113],[109.403412,34.554267],[109.416026,34.550238],[109.434255,34.548407],[109.450857,34.550401],[109.466075,34.565253],[109.483165,34.558295],[109.499034,34.546698],[109.502859,34.540635],[109.513927,34.538642],[109.553233,34.519843],[109.56837,34.514024],[109.583263,34.511664],[109.598074,34.51435],[109.612071,34.523871],[109.63144,34.549872],[109.643891,34.57099],[109.661713,34.582872],[109.697765,34.58161],[109.725597,34.575466],[109.735606,34.574774],[109.740896,34.578477],[109.742931,34.587104],[109.743907,34.596259],[109.746104,34.602078],[109.755626,34.614366],[109.761241,34.617051],[109.777436,34.608222],[109.784434,34.60989],[109.79005,34.615261],[109.793956,34.622504],[109.815684,34.60456],[109.848399,34.616319],[109.86964,34.602078],[109.878835,34.609158],[109.917491,34.622504],[109.921886,34.628241],[109.923106,34.635281],[109.925792,34.641181],[109.934581,34.643622],[109.95696,34.642849],[109.967459,34.645453],[109.972097,34.653266],[109.976329,34.67121],[109.986746,34.663886],[110.006277,34.636827],[110.021576,34.634955],[110.071707,34.643622],[110.083507,34.647895],[110.104991,34.666693],[110.112722,34.670966],[110.124522,34.66767],[110.15032,34.650824],[110.223888,34.620307],[110.257742,34.614366],[110.293468,34.623155]]]}},{"type":"Feature","properties":{"dissolve":"93River","scalerank":3,"featurecla":"River","name":"Heilong Jiang","name_alt":"Amur","rivernum":93,"note":null,"min_zoom":3,"name_en":"Amur","min_label":4},"bbox":[121.405365,50.209011,127.590343,53.56977],"geometry":{"type":"MultiLineString","coordinates":[[[127.590343,50.209011],[127.578136,50.220811],[127.404389,50.276231],[127.35434,50.298896],[127.33017,50.328437],[127.331554,50.340399],[127.337332,50.352973],[127.34547,50.364691],[127.354503,50.373806],[127.358409,50.381619],[127.359304,50.393134],[127.358165,50.415351],[127.348888,50.426459],[127.304291,50.451728],[127.288666,50.466254],[127.302419,50.477891],[127.309988,50.488634],[127.323416,50.514024],[127.333425,50.525255],[127.356456,50.544867],[127.36435,50.554999],[127.36671,50.57807],[127.358409,50.605292],[127.343435,50.627997],[127.326752,50.637519],[127.294526,50.666693],[127.288666,50.675401],[127.286794,50.682196],[127.283376,50.688544],[127.282156,50.695095],[127.285655,50.702745],[127.289561,50.708604],[127.292979,50.715644],[127.295339,50.72309],[127.296153,50.730333],[127.28712,50.751288],[127.26588,50.76435],[127.240815,50.77497],[127.220307,50.788398],[127.143972,50.903754],[127.110444,50.931749],[127.046804,50.967475],[127.031993,50.972724],[126.980886,51.02794],[126.945974,51.048651],[126.93157,51.064032],[126.925548,51.08629],[126.922781,51.108222],[126.909272,51.146308],[126.90504,51.164496],[126.903575,51.19363],[126.904796,51.20836],[126.908702,51.221951],[126.915945,51.233018],[126.946707,51.258368],[126.967703,51.281806],[126.97755,51.29682],[126.980886,51.309149],[126.971772,51.324286],[126.954275,51.329861],[126.934174,51.329047],[126.917003,51.325019],[126.908132,51.321479],[126.899018,51.316759],[126.891043,51.310736],[126.884939,51.303168],[126.884532,51.295925],[126.888764,51.289618],[126.892589,51.282253],[126.890391,51.271755],[126.86964,51.252021],[126.84547,51.251736],[126.823416,51.265896],[126.808686,51.289374],[126.806814,51.308417],[126.813731,51.325222],[126.826752,51.339219],[126.843028,51.349636],[126.860444,51.354193],[126.879893,51.356472],[126.897227,51.36225],[126.908702,51.377265],[126.909109,51.391384],[126.901785,51.401231],[126.88974,51.407294],[126.876557,51.410183],[126.825694,51.412299],[126.800141,51.419257],[126.788992,51.436103],[126.79241,51.459337],[126.80128,51.477484],[126.830089,51.508368],[126.80714,51.534451],[126.77532,51.545966],[126.700206,51.563015],[126.676524,51.576931],[126.674815,51.58865],[126.703624,51.613878],[126.723399,51.636176],[126.724132,51.649848],[126.715424,51.663438],[126.707123,51.685858],[126.710541,51.686306],[126.717459,51.69123],[126.724539,51.697821],[126.72755,51.703315],[126.725352,51.709052],[126.715424,51.7178],[126.71339,51.723456],[126.66212,51.73371],[126.647634,51.741523],[126.445811,51.982856],[126.438975,51.998114],[126.447032,52.01907],[126.466726,52.031928],[126.491303,52.039089],[126.514089,52.042792],[126.514089,52.049018],[126.51946,52.061591],[126.550955,52.113227],[126.555675,52.130927],[126.530854,52.15294],[126.493663,52.161485],[126.453054,52.16588],[126.350352,52.192003],[126.33253,52.19363],[126.316417,52.200019],[126.309093,52.214138],[126.311697,52.228217],[126.391775,52.264594],[126.438975,52.27558],[126.420665,52.287543],[126.344249,52.302924],[126.31544,52.316474],[126.344005,52.357856],[126.350515,52.377224],[126.343272,52.391669],[126.312429,52.41767],[126.295909,52.435492],[126.288829,52.450263],[126.275808,52.463568],[126.246593,52.466132],[126.216401,52.465033],[126.200043,52.467353],[126.20045,52.486762],[126.210053,52.511746],[126.211925,52.533271],[126.170095,52.547878],[126.082286,52.593614],[126.068451,52.595649],[126.062266,52.58747],[126.058849,52.575751],[126.050385,52.571479],[126.039236,52.569892],[126.027761,52.566677],[126.008881,52.568671],[125.990652,52.586737],[125.977061,52.611029],[125.972748,52.631863],[125.982514,52.653388],[126.002371,52.665717],[126.027273,52.671454],[126.052257,52.672797],[126.068451,52.680203],[126.061534,52.696967],[126.034923,52.727403],[126.048595,52.737372],[126.065684,52.744452],[126.10377,52.754706],[126.08782,52.775662],[126.066417,52.783474],[126.017507,52.78266],[126.007091,52.778876],[125.984955,52.764838],[125.976573,52.765245],[125.867198,52.849636],[125.860769,52.856309],[125.856619,52.864569],[125.857188,52.874701],[125.86142,52.881659],[125.863455,52.888861],[125.856619,52.899359],[125.837006,52.906928],[125.736257,52.896064],[125.691335,52.881537],[125.668386,52.878241],[125.646251,52.885118],[125.646902,52.90119],[125.660655,52.919623],[125.67864,52.933458],[125.688243,52.936713],[125.710704,52.941474],[125.719656,52.94656],[125.72405,52.95307],[125.733165,52.981879],[125.678233,53.005927],[125.649913,53.023627],[125.637706,53.046454],[125.621023,53.062364],[125.583751,53.05919],[125.521007,53.04267],[125.499278,53.050849],[125.476166,53.083767],[125.456065,53.091132],[125.427745,53.094997],[125.127045,53.206855],[125.073416,53.21251],[125.019054,53.211005],[124.918956,53.194159],[124.897472,53.185818],[124.879975,53.172797],[124.878835,53.15412],[124.891531,53.134467],[124.895925,53.117865],[124.869884,53.108222],[124.847748,53.113959],[124.821788,53.147528],[124.800955,53.155382],[124.747,53.147976],[124.719737,53.149115],[124.698009,53.162869],[124.695323,53.17003],[124.696544,53.176581],[124.695974,53.184027],[124.687999,53.193915],[124.678396,53.199571],[124.651378,53.209052],[124.639903,53.210639],[124.527843,53.210639],[124.500255,53.213935],[124.453624,53.228461],[124.40797,53.235948],[124.383393,53.246405],[124.35963,53.259711],[124.342214,53.272732],[124.32545,53.30622],[124.320974,53.310004],[124.304454,53.329291],[124.293224,53.351589],[124.275076,53.364936],[124.252615,53.3758],[124.232351,53.381944],[124.208507,53.382921],[124.182058,53.37877],[124.157481,53.370307],[124.139903,53.3581],[124.121593,53.352973],[124.100108,53.363593],[124.068451,53.389919],[124.055431,53.395209],[124.029714,53.400255],[124.0171,53.407294],[124.009776,53.414984],[123.98935,53.441718],[123.970307,53.45543],[123.876394,53.488959],[123.849864,53.495307],[123.731944,53.504014],[123.701427,53.510321],[123.677419,53.52029],[123.639171,53.551581],[123.614024,53.563666],[123.591563,53.558132],[123.560639,53.524482],[123.541596,53.51435],[123.519135,53.52029],[123.532319,53.532782],[123.539154,53.53738],[123.54713,53.540798],[123.535085,53.554958],[123.514171,53.56269],[123.494558,53.56037],[123.485769,53.544216],[123.485037,53.526313],[123.481293,53.518337],[123.471202,53.519232],[123.431407,53.536078],[123.419688,53.538764],[123.379893,53.543077],[123.367605,53.546088],[123.339854,53.561713],[123.309255,53.567735],[123.277192,53.56977],[123.252371,53.568061],[123.234386,53.560614],[123.203054,53.538601],[123.179698,53.530707],[123.163992,53.516628],[123.153331,53.513454],[123.002208,53.507636],[122.859304,53.474229],[122.470876,53.465033],[122.424897,53.452704],[122.401378,53.451239],[122.379405,53.461941],[122.357595,53.479804],[122.337413,53.491563],[122.316742,53.496283],[122.293386,53.492987],[122.225515,53.474189],[122.168468,53.469346],[122.147553,53.461371],[122.107839,53.438341],[122.081391,53.429755],[121.888682,53.430935],[121.640717,53.385199],[121.511811,53.330105],[121.458507,53.320746],[121.405365,53.317084]]]}},{"type":"Feature","properties":{"dissolve":"940River","scalerank":8,"featurecla":"River","name":"Nen","name_alt":null,"rivernum":940,"note":null,"min_zoom":7,"name_en":"Nen","min_label":8},"bbox":[123.465831,46.834581,126.056082,51.018744],"geometry":{"type":"MultiLineString","coordinates":[[[126.040538,51.018744],[126.043875,50.999864],[126.048595,50.992214],[126.053315,50.986355],[126.056082,50.98017],[126.053803,50.960557],[126.044932,50.943061],[126.031179,50.928534],[126.014415,50.918158],[126.020518,50.911322],[126.018158,50.90766],[126.000662,50.901679],[125.994558,50.89411],[125.992931,50.884223],[125.990001,50.875108],[125.980154,50.870307],[125.962983,50.885688],[125.951427,50.892524],[125.946218,50.887722],[125.944021,50.878119],[125.939057,50.869574],[125.932221,50.86225],[125.925141,50.856635],[125.917003,50.861151],[125.908376,50.862494],[125.899913,50.860867],[125.89088,50.856635],[125.898448,50.852322],[125.903575,50.847439],[125.911794,50.836208],[125.895844,50.82807],[125.846609,50.794542],[125.836355,50.784695],[125.823741,50.766669],[125.767833,50.767768],[125.753673,50.754218],[125.761811,50.743964],[125.799571,50.713406],[125.808442,50.695868],[125.802745,50.690619],[125.782481,50.675482],[125.784434,50.672309],[125.79005,50.666815],[125.802013,50.637519],[125.809581,50.596788],[125.809093,50.56212],[125.793061,50.534247],[125.753673,50.514024],[125.741222,50.511664],[125.72169,50.510443],[125.71282,50.507188],[125.705496,50.50019],[125.694021,50.482733],[125.689057,50.479315],[125.680186,50.477484],[125.667654,50.473212],[125.656749,50.467841],[125.651866,50.462836],[125.646495,50.452582],[125.633718,50.448065],[125.586436,50.440985],[125.574474,50.436225],[125.569347,50.428738],[125.572683,50.405341],[125.572032,50.393907],[125.565929,50.394232],[125.54184,50.406521],[125.530528,50.39293],[125.521007,50.342719],[125.513276,50.324897],[125.506114,50.314032],[125.497081,50.30919],[125.487315,50.306749],[125.474864,50.300482],[125.464122,50.292426],[125.459483,50.284369],[125.456716,50.272284],[125.45045,50.266628],[125.443614,50.262274],[125.438975,50.253974],[125.442882,50.246161],[125.451182,50.238715],[125.453298,50.231879],[125.438975,50.22602],[125.442556,50.211046],[125.434011,50.200629],[125.418061,50.194525],[125.384776,50.189805],[125.342784,50.164618],[125.359304,50.144477],[125.342377,50.128974],[125.31544,50.124457],[125.30128,50.137274],[125.288015,50.12934],[125.274425,50.117743],[125.264171,50.105658],[125.260265,50.0963],[125.263438,50.09516],[125.277924,50.074083],[125.280772,50.069037],[125.292654,50.06623],[125.316905,50.066352],[125.329112,50.062201],[125.311046,50.051134],[125.29184,50.049669],[125.250011,50.054755],[125.243337,50.050971],[125.251475,50.042914],[125.26295,50.035712],[125.2671,50.034247],[125.274832,50.029161],[125.281993,50.026231],[125.288666,50.022284],[125.295014,50.014431],[125.288259,50.004421],[125.280284,49.997911],[125.269786,49.99433],[125.256847,49.993272],[125.247813,49.988837],[125.232595,49.967231],[125.225515,49.959093],[125.199311,49.956366],[125.18629,49.951606],[125.188243,49.941759],[125.197846,49.934272],[125.217459,49.92414],[125.225515,49.918158],[125.223643,49.90058],[125.237071,49.888007],[125.24464,49.87698],[125.225515,49.863593],[125.234386,49.847927],[125.216319,49.840522],[125.190684,49.833564],[125.177745,49.818874],[125.182628,49.811103],[125.193858,49.806342],[125.206635,49.80268],[125.215831,49.798041],[125.222992,49.786892],[125.223562,49.776231],[125.219249,49.75373],[125.219249,49.668036],[125.215587,49.66116],[125.206716,49.653144],[125.196544,49.646552],[125.188243,49.643866],[125.178966,49.646837],[125.162039,49.660712],[125.150971,49.664333],[125.124929,49.656521],[125.130382,49.63642],[125.147634,49.61933],[125.163015,49.620551],[125.174734,49.614325],[125.195079,49.599799],[125.201264,49.591986],[125.206472,49.578315],[125.212413,49.568142],[125.220144,49.562323],[125.228282,49.559597],[125.235362,49.554267],[125.239757,49.540798],[125.233328,49.5421],[125.222992,49.532091],[125.218272,49.519599],[125.22934,49.513495],[125.230072,49.502143],[125.2671,49.438341],[125.263764,49.426866],[125.245535,49.400946],[125.239757,49.38996],[125.240489,49.378607],[125.251069,49.35456],[125.253429,49.3428],[125.244884,49.321072],[125.230398,49.30154],[125.222179,49.285427],[125.232921,49.273871],[125.227061,49.264187],[125.222097,49.258734],[125.219249,49.260281],[125.218435,49.258979],[125.218028,49.239814],[125.219249,49.239122],[125.219493,49.23432],[125.225352,49.231024],[125.225515,49.22545],[125.222667,49.219916],[125.214122,49.211615],[125.208995,49.203396],[125.200287,49.195136],[125.190033,49.187771],[125.181407,49.184516],[125.173432,49.180487],[125.164073,49.159695],[125.157807,49.150987],[125.135265,49.13878],[125.112641,49.135037],[125.062266,49.136746],[125.050385,49.140977],[125.041026,49.150417],[125.030935,49.164008],[124.954682,49.165554],[124.902354,49.177191],[124.87322,49.17829],[124.86378,49.17532],[124.856049,49.16767],[124.851085,49.157538],[124.849294,49.147284],[124.845714,49.136501],[124.837006,49.129584],[124.827891,49.123562],[124.822032,49.115668],[124.823009,49.081488],[124.8213,49.060818],[124.811534,49.044257],[124.797537,49.030544],[124.786143,49.014757],[124.698009,48.849392],[124.674897,48.83157],[124.669363,48.821845],[124.657481,48.794135],[124.632498,48.761908],[124.621593,48.741889],[124.624034,48.725857],[124.618256,48.714871],[124.615896,48.699164],[124.615896,48.667507],[124.613292,48.652371],[124.606863,48.638617],[124.589366,48.615912],[124.53769,48.571601],[124.531342,48.55919],[124.533376,48.547553],[124.54835,48.519802],[124.533295,48.501532],[124.53712,48.484198],[124.543875,48.466742],[124.53769,48.448065],[124.53004,48.431464],[124.526134,48.388536],[124.520437,48.368964],[124.54713,48.352159],[124.559093,48.314765],[124.561941,48.236151],[124.54835,48.205105],[124.543875,48.201239],[124.527843,48.190863],[124.526134,48.183905],[124.526541,48.178575],[124.527761,48.174506],[124.527843,48.170966],[124.524669,48.142646],[124.520274,48.128607],[124.510509,48.122504],[124.494151,48.119249],[124.482026,48.111518],[124.471283,48.102484],[124.458914,48.095242],[124.406668,48.083319],[124.381114,48.07156],[124.370209,48.050482],[124.365733,48.029242],[124.354991,48.01793],[124.341563,48.010077],[124.329112,47.998969],[124.325776,47.990261],[124.322358,47.969306],[124.31837,47.961493],[124.291515,47.941677],[124.283946,47.934434],[124.28183,47.920762],[124.288259,47.902777],[124.298839,47.88581],[124.308116,47.875515],[124.245535,47.804389],[124.230154,47.778144],[124.219249,47.765652],[124.246674,47.75255],[124.239187,47.736762],[124.230724,47.726589],[124.2199,47.719062],[124.205089,47.711005],[124.205333,47.708848],[124.204112,47.704169],[124.199229,47.69949],[124.159272,47.690009],[124.153575,47.687445],[124.106537,47.64289],[124.089692,47.615831],[124.095225,47.58808],[124.080577,47.579454],[124.04127,47.546495],[124.032644,47.543036],[124.013276,47.54031],[123.985932,47.526679],[123.94752,47.50141],[123.933686,47.488145],[123.931163,47.486396],[123.928396,47.483954],[123.924571,47.478217],[123.922862,47.470974],[123.924571,47.454698],[123.921153,47.447821],[123.893647,47.432196],[123.881602,47.422065],[123.87672,47.406277],[123.88087,47.397895],[123.899099,47.389716],[123.903412,47.379584],[123.901378,47.372504],[123.896495,47.366482],[123.891775,47.36168],[123.889659,47.358466],[123.891043,47.352484],[123.896007,47.339219],[123.897227,47.331488],[123.891043,47.320421],[123.878917,47.308621],[123.870942,47.296942],[123.87672,47.286444],[123.859874,47.253445],[123.848888,47.243232],[123.828298,47.231879],[123.82073,47.248725],[123.8095,47.250678],[123.763682,47.226101],[123.751231,47.221788],[123.690115,47.208848],[123.677419,47.204535],[123.644542,47.181586],[123.628998,47.176581],[123.608328,47.176459],[123.598237,47.178656],[123.595225,47.17475],[123.604991,47.04621],[123.597585,47.018134],[123.574474,47.026394],[123.51295,46.937038],[123.472992,46.85753],[123.465831,46.834581]]]}},{"type":"Feature","properties":{"dissolve":"947River","scalerank":8,"featurecla":"River","name":"Aksu","name_alt":null,"rivernum":947,"note":null,"min_zoom":7,"name_en":"Aksu","min_label":8},"bbox":[80.042979,40.468207,80.882253,41.187567],"geometry":{"type":"MultiLineString","coordinates":[[[80.042979,41.173122],[80.066661,41.187567],[80.091238,41.17711],[80.101329,41.171495],[80.149099,41.132921],[80.162608,41.130439],[80.17571,41.130805],[80.188487,41.129706],[80.20045,41.122667],[80.211436,41.112982],[80.221446,41.107856],[80.232839,41.105984],[80.248546,41.105658],[80.271414,41.097846],[80.287364,41.078396],[80.296886,41.052924],[80.302257,41.012559],[80.312022,40.993191],[80.313731,40.982123],[80.310313,40.969306],[80.303233,40.95954],[80.285737,40.941189],[80.305593,40.905382],[80.311534,40.887397],[80.313731,40.862006],[80.321056,40.849433],[80.368907,40.810818],[80.374604,40.803778],[80.384369,40.788845],[80.389415,40.783515],[80.399832,40.778144],[80.418712,40.772325],[80.452159,40.746283],[80.454194,40.742499],[80.484955,40.721462],[80.51295,40.694159],[80.517182,40.693183],[80.529226,40.695095],[80.533376,40.694159],[80.536143,40.689276],[80.540131,40.675482],[80.543386,40.670233],[80.575857,40.650906],[80.580577,40.643256],[80.582286,40.632676],[80.60491,40.577216],[80.617279,40.567003],[80.634776,40.56391],[80.659679,40.563788],[80.670828,40.560492],[80.676687,40.552558],[80.680756,40.542548],[80.686697,40.533393],[80.698009,40.525702],[80.7081,40.524197],[80.719168,40.524685],[80.732026,40.522773],[80.837169,40.471788],[80.882253,40.468207]]]}},{"type":"Feature","properties":{"dissolve":"95River","scalerank":3,"featurecla":"River","name":"Huang","name_alt":"Yellow","rivernum":95,"note":null,"min_zoom":3,"name_en":"Yellow","min_label":4},"bbox":[110.269949,34.583604,119.033214,37.830634],"geometry":{"type":"MultiLineString","coordinates":[[[114.837576,35.019802],[114.84726,35.03795],[114.846772,35.081488],[114.864757,35.120469],[114.859874,35.140448],[114.851573,35.159491],[114.851329,35.178046],[114.864024,35.188585],[114.913178,35.208075],[114.930186,35.211615],[114.941417,35.218777],[114.981619,35.266872],[115.002045,35.284735],[115.008881,35.294135],[115.021495,35.324774],[115.025971,35.332343],[115.053722,35.366767],[115.067963,35.379991],[115.091563,35.390326],[115.121755,35.393866],[115.131847,35.397773],[115.13974,35.404608],[115.14446,35.410997],[115.150483,35.415798],[115.162608,35.41767],[115.205577,35.414618],[115.226329,35.416124],[115.248546,35.424506],[115.266043,35.436143],[115.306814,35.475694],[115.316742,35.479356],[115.329194,35.480984],[115.340017,35.485053],[115.344737,35.496161],[115.342377,35.505479],[115.332286,35.523261],[115.330496,35.534369],[115.341319,35.555365],[115.383311,35.55744],[115.392589,35.572211],[115.392589,35.597032],[115.394786,35.615749],[115.402843,35.630479],[115.420421,35.643581],[115.467296,35.663438],[115.491791,35.678087],[115.502452,35.69538],[115.501964,35.716498],[115.503917,35.722724],[115.53655,35.719306],[115.576182,35.722235],[115.617686,35.731147],[115.654714,35.746283],[115.680593,35.767768],[115.729747,35.83043],[115.76116,35.849148],[115.850678,35.858954],[115.873546,35.865505],[115.885916,35.87755],[115.883718,35.887519],[115.874034,35.895046],[115.863373,35.900458],[115.858002,35.904242],[115.857921,35.916327],[115.86321,35.924913],[115.919932,35.967719],[115.943777,35.979682],[115.954275,35.976589],[115.965424,35.985785],[115.990733,35.980821],[116.033295,35.965684],[116.038992,35.976182],[116.064138,36.040839],[116.078298,36.051337],[116.086925,36.059149],[116.091401,36.068142],[116.089936,36.078477],[116.080333,36.098456],[116.077729,36.109727],[116.087494,36.11225],[116.110281,36.113715],[116.119314,36.116523],[116.12851,36.125027],[116.132823,36.134548],[116.135509,36.1435],[116.13974,36.150702],[116.198822,36.172553],[116.269623,36.240058],[116.311941,36.293321],[116.327891,36.30154],[116.347179,36.303656],[116.388113,36.313056],[116.410167,36.315212],[116.41684,36.318549],[116.454275,36.345526],[116.477061,36.355902],[116.530854,36.397732],[116.566417,36.410102],[116.575043,36.414822],[116.586029,36.427598],[116.597585,36.447577],[116.598643,36.467353],[116.578624,36.4796],[116.591319,36.48664],[116.601654,36.494981],[116.605561,36.504421],[116.598562,36.514431],[116.606375,36.524441],[116.633311,36.547919],[116.651134,36.577582],[116.65683,36.582709],[116.673106,36.58869],[116.736339,36.624294],[116.749522,36.643012],[116.768077,36.684882],[116.780772,36.702745],[116.79599,36.712714],[116.858653,36.740343],[116.881114,36.742743],[116.937755,36.733507],[116.943777,36.730496],[116.952647,36.724555],[116.962576,36.720526],[116.972179,36.723253],[116.976654,36.725938],[116.981619,36.726874],[116.992442,36.726671],[116.999604,36.729438],[117.003917,36.735785],[117.006928,36.742703],[117.009939,36.747138],[117.070323,36.783311],[117.088878,36.788764],[117.105724,36.796251],[117.116791,36.813747],[117.133474,36.849555],[117.163585,36.87995],[117.176199,36.898953],[117.181407,36.922187],[117.189464,36.93419],[117.226329,36.961046],[117.235932,36.980536],[117.234386,36.991767],[117.229747,37.000271],[117.226573,37.009141],[117.229747,37.021511],[117.237804,37.031033],[117.257091,37.038275],[117.284923,37.059394],[117.302257,37.062934],[117.345795,37.062527],[117.388113,37.073188],[117.552257,37.149237],[117.570811,37.16413],[117.578624,37.181952],[117.584239,37.200303],[117.597585,37.222357],[117.613373,37.242296],[117.627045,37.254259],[117.648204,37.260118],[117.668468,37.257025],[117.689138,37.2508],[117.712332,37.247423],[117.760509,37.247423],[117.771658,37.249864],[117.805186,37.26789],[117.827403,37.272081],[117.847097,37.269395],[117.867117,37.264431],[117.890554,37.261746],[117.908214,37.26789],[117.962169,37.309516],[117.983165,37.316759],[118.029796,37.327338],[118.06544,37.352078],[118.087006,37.356147],[118.133474,37.357286],[118.182221,37.366482],[118.207042,37.375271],[118.226003,37.387722],[118.229421,37.396308],[118.222992,37.428656],[118.225515,37.438788],[118.231537,37.450222],[118.243337,37.466579],[118.256602,37.478095],[118.281749,37.495144],[118.29127,37.508124],[118.295421,37.524359],[118.299327,37.560574],[118.304779,37.576443],[118.328868,37.596381],[118.365245,37.606879],[118.519135,37.615668],[118.55421,37.626492],[118.585948,37.644639],[118.672862,37.718695],[118.68157,37.733466],[118.710053,37.749823],[118.722585,37.754503],[118.758718,37.760281],[118.78655,37.774726],[118.860362,37.796169],[118.897065,37.824327],[118.917003,37.830634],[118.938894,37.819403],[118.9546,37.808783],[118.978038,37.79975],[119.003429,37.796251],[119.033214,37.802558]],[[110.269949,34.637274],[110.297862,34.621161],[110.335134,34.615749],[110.367686,34.617499],[110.37672,34.615749],[110.387218,34.608222],[110.393321,34.599677],[110.399669,34.592475],[110.410818,34.589057],[110.42213,34.590644],[110.426524,34.595893],[110.429861,34.602729],[110.437592,34.608913],[110.44866,34.61286],[110.459076,34.614854],[110.482921,34.615749],[110.491628,34.613145],[110.500662,34.607001],[110.517019,34.592475],[110.530284,34.583604],[110.539643,34.584296],[110.548839,34.589911],[110.561697,34.595893],[110.584483,34.600857],[110.64739,34.602078],[110.708425,34.620917],[110.718761,34.626288],[110.725841,34.642442],[110.743175,34.654242],[110.765636,34.661241],[110.883474,34.666042],[110.922862,34.685736],[110.910574,34.732449],[110.933116,34.735175],[110.973155,34.716824],[110.989757,34.721869],[111.007253,34.737494],[111.025483,34.747423],[111.109304,34.768622],[111.124278,34.778632],[111.138438,34.819159],[111.157644,34.82213],[111.198416,34.808132],[111.215261,34.800076],[111.222667,34.798529],[111.232595,34.800727],[111.237641,34.806464],[111.240652,34.815701],[111.245616,34.824246],[111.256602,34.827989],[111.268972,34.82449],[111.276541,34.818427],[111.284679,34.816352],[111.307384,34.83157],[111.318858,34.837104],[111.331065,34.840847],[111.342459,34.842312],[111.352794,34.839382],[111.373057,34.825751],[111.383474,34.821804],[111.393972,34.823188],[111.421397,34.835476],[111.444591,34.83747],[111.557384,34.863308],[111.569021,34.868964],[111.572276,34.87405],[111.578298,34.890326],[111.582123,34.896918],[111.586681,34.900458],[111.597179,34.904975],[111.603282,34.909939],[111.610606,34.92121],[111.622,34.94713],[111.630463,34.958319],[111.641368,34.964382],[111.667979,34.97248],[111.678315,34.978827],[111.670339,34.997382],[111.682709,35.007839],[111.704031,35.012519],[111.723074,35.013536],[111.740652,35.018907],[111.763276,35.042344],[111.778331,35.047716],[111.796153,35.051703],[111.807628,35.061306],[111.816905,35.072821],[111.829112,35.082465],[111.845795,35.086982],[111.881847,35.089301],[111.897472,35.096137],[111.915294,35.089911],[111.957449,35.094062],[111.976166,35.085557],[111.99171,35.073757],[112.034679,35.047716],[112.058116,35.033393],[112.12558,35.023953],[112.151378,35.013536],[112.161632,35.000312],[112.178966,34.970811],[112.189138,34.965155],[112.202159,34.962958],[112.218028,34.957709],[112.232351,34.950995],[112.240733,34.944688],[112.256114,34.958035],[112.265066,34.963446],[112.274832,34.965155],[112.281505,34.961534],[112.284679,34.954535],[112.288992,34.947781],[112.299083,34.944688],[112.324474,34.941433],[112.361095,34.924669],[112.384044,34.917344],[112.466726,34.910346],[112.480235,34.906806],[112.490896,34.897976],[112.73406,34.808132],[112.779226,34.797919],[112.823253,34.800605],[112.912364,34.821804],[113.047374,34.831651],[113.089773,34.842312],[113.130382,34.860175],[113.151134,34.866523],[113.175792,34.868964],[113.19752,34.876288],[113.210134,34.893866],[113.22698,34.931667],[113.24879,34.948554],[113.270763,34.951443],[113.292491,34.951931],[113.329275,34.968777],[113.353608,34.972357],[113.497569,34.965155],[113.508718,34.968695],[113.521251,34.975287],[113.534109,34.979519],[113.545665,34.975694],[113.590017,34.944688],[113.665619,34.907538],[113.70574,34.89529],[113.74822,34.890692],[113.759044,34.89171],[113.779877,34.896186],[113.789236,34.896918],[113.800792,34.894395],[113.826915,34.883246],[113.836925,34.882148],[113.856537,34.877509],[113.867768,34.87641],[113.877208,34.878201],[113.89503,34.887152],[113.905935,34.890692],[113.918793,34.891628],[113.930919,34.89114],[113.942393,34.891954],[113.953868,34.896918],[113.963145,34.907294],[113.970795,34.930528],[113.977631,34.94127],[113.997813,34.949083],[114.02239,34.945339],[114.062429,34.931667],[114.085134,34.930772],[114.155284,34.937852],[114.179454,34.935981],[114.303233,34.898464],[114.323741,34.896918],[114.343842,34.901313],[114.378917,34.918484],[114.399425,34.92418],[114.421641,34.924669],[114.493663,34.906073],[114.501394,34.903103],[114.509288,34.901923],[114.52239,34.903673],[114.53183,34.906684],[114.546397,34.914252],[114.556407,34.917344],[114.577403,34.91767],[114.609467,34.902655],[114.631602,34.896918],[114.646007,34.897528],[114.654389,34.901679],[114.65976,34.906602],[114.665619,34.909939],[114.676362,34.910712],[114.698822,34.909247],[114.707286,34.909939],[114.729991,34.920925],[114.745128,34.936347],[114.768891,34.972602],[114.781668,34.985867],[114.83074,35.019802]]]}},{"type":"Feature","properties":{"dissolve":"967River","scalerank":8,"featurecla":"River","name":"Di’er Songhua","name_alt":null,"rivernum":967,"note":null,"min_zoom":7,"name_en":"Di’er Songhua","min_label":8},"bbox":[123.465831,45.414374,124.674571,46.875556],"geometry":{"type":"MultiLineString","coordinates":[[[123.465831,46.834581],[123.476654,46.823676],[123.489187,46.817206],[123.503998,46.814276],[123.52296,46.813503],[123.54184,46.815782],[123.548106,46.822455],[123.549815,46.83336],[123.553966,46.848253],[123.562999,46.86518],[123.570404,46.873236],[123.579112,46.875556],[123.591563,46.875556],[123.593761,46.869208],[123.613048,46.84101],[123.612315,46.834581],[123.604747,46.832058],[123.599294,46.825751],[123.595876,46.817735],[123.5949,46.810085],[123.598399,46.806749],[123.655935,46.806098],[123.671153,46.800238],[123.677419,46.783067],[123.685069,46.784857],[123.701752,46.775702],[123.751882,46.738471],[123.773692,46.717312],[123.766612,46.703803],[123.762218,46.690253],[123.759939,46.675808],[123.759044,46.63935],[123.759369,46.635321],[123.762543,46.628119],[123.771658,46.615058],[123.773692,46.611151],[123.776378,46.59455],[123.78297,46.587104],[123.79184,46.582343],[123.800955,46.57392],[123.810476,46.555365],[123.808442,46.544013],[123.787364,46.519314],[123.803233,46.497911],[123.836355,46.425157],[123.852143,46.409451],[123.855154,46.402208],[123.842052,46.357611],[123.846772,46.342231],[123.854015,46.326117],[123.853608,46.312771],[123.842052,46.305732],[123.872651,46.303168],[123.884776,46.297146],[123.895274,46.26907],[123.907237,46.266669],[123.919037,46.272284],[123.924571,46.282782],[123.926768,46.28616],[123.932546,46.28974],[123.939138,46.292507],[123.945079,46.293321],[123.954031,46.292304],[123.956472,46.290635],[123.956554,46.286811],[123.958588,46.27912],[123.959565,46.267849],[123.957286,46.25434],[123.957286,46.239325],[123.965424,46.223822],[123.956635,46.209744],[123.958344,46.192572],[123.965343,46.175645],[123.972992,46.162421],[123.976085,46.161241],[123.980398,46.162421],[123.984304,46.162869],[123.985932,46.159288],[123.985606,46.148261],[123.986501,46.143134],[123.993175,46.133002],[123.99822,46.122423],[124.000906,46.112331],[123.996186,46.107774],[123.996349,46.098171],[124.001475,46.077012],[124.010916,46.055976],[124.023936,46.046332],[124.034679,46.042751],[124.038666,46.034369],[124.037527,46.02501],[124.033783,46.018378],[124.02239,46.014228],[124.011322,46.016547],[124.001394,46.016547],[123.992768,46.005398],[124.006358,45.996283],[124.000987,45.989325],[123.988292,45.983466],[123.979096,45.978054],[123.973725,45.964952],[123.972667,45.95185],[123.974864,45.939765],[123.979096,45.929633],[123.997569,45.914618],[124.05071,45.888739],[124.061697,45.871649],[124.058523,45.856757],[124.044444,45.841254],[124.04127,45.830349],[124.046153,45.820868],[124.054861,45.815497],[124.059581,45.808946],[124.051199,45.796169],[124.040294,45.790351],[124.027843,45.787218],[124.017589,45.781684],[124.013276,45.768581],[124.021658,45.762519],[124.061453,45.74787],[124.074718,45.744656],[124.070242,45.739122],[124.067882,45.735541],[124.063975,45.733181],[124.054861,45.731635],[124.087901,45.717841],[124.102794,45.709581],[124.116222,45.696845],[124.119151,45.690253],[124.12379,45.672553],[124.125987,45.668972],[124.146088,45.668524],[124.155284,45.666693],[124.164806,45.662706],[124.147878,45.647162],[124.140717,45.632107],[124.148936,45.622138],[124.177745,45.621772],[124.199636,45.629462],[124.214692,45.637763],[124.223399,45.635443],[124.226085,45.611192],[124.233328,45.601915],[124.261648,45.589952],[124.263438,45.58393],[124.261322,45.574327],[124.266043,45.561469],[124.274506,45.550238],[124.283946,45.545437],[124.332042,45.547146],[124.352061,45.541775],[124.362804,45.52558],[124.36085,45.521593],[124.351329,45.510443],[124.349132,45.504462],[124.350108,45.498481],[124.352306,45.494493],[124.355968,45.49079],[124.358165,45.481472],[124.361501,45.472764],[124.367117,45.464789],[124.376475,45.457302],[124.395274,45.451361],[124.414236,45.454291],[124.434093,45.460232],[124.455496,45.463446],[124.477143,45.456],[124.502533,45.423163],[124.524099,45.415635],[124.549246,45.414374],[124.562918,45.415147],[124.572195,45.419135],[124.577566,45.429633],[124.577403,45.439805],[124.578705,45.449246],[124.589366,45.457302],[124.611501,45.447821],[124.631114,45.446397],[124.674571,45.450466]]]}},{"type":"Feature","properties":{"dissolve":"96River","scalerank":4,"featurecla":"River","name":"Xi","name_alt":null,"rivernum":96,"note":null,"min_zoom":4,"name_en":"Xi","min_label":5},"bbox":[111.301362,22.569403,113.555919,23.480658],"geometry":{"type":"MultiLineString","coordinates":[[[111.301362,23.480658],[111.392833,23.477729],[111.424815,23.471625],[111.455089,23.458035],[111.467052,23.449042],[111.477143,23.438585],[111.485362,23.426622],[111.491628,23.413113],[111.504812,23.369086],[111.511648,23.355414],[111.547537,23.310126],[111.554861,23.293158],[111.553152,23.274359],[111.53476,23.239122],[111.532156,23.219835],[111.538097,23.204413],[111.549246,23.192898],[111.563731,23.18537],[111.596202,23.179633],[111.610932,23.175076],[111.658376,23.151231],[111.668224,23.148139],[111.678233,23.146186],[111.689057,23.145819],[111.710948,23.147569],[111.72169,23.147284],[111.727306,23.145941],[111.743093,23.139024],[111.752533,23.137274],[111.771658,23.137152],[111.800955,23.13227],[111.878429,23.140733],[111.882823,23.139512],[111.885346,23.136786],[111.889659,23.128689],[111.892182,23.125271],[111.898855,23.120673],[111.906342,23.118109],[111.91448,23.117499],[111.934825,23.121365],[111.94044,23.121609],[111.946788,23.120429],[111.952403,23.118109],[111.96282,23.11164],[111.968191,23.109565],[111.974132,23.096951],[111.986095,23.089382],[112.00058,23.085395],[112.052013,23.077704],[112.070404,23.077094],[112.089285,23.081977],[112.100597,23.086534],[112.112315,23.089789],[112.124522,23.09101],[112.137218,23.089708],[112.162039,23.080186],[112.168875,23.078925],[112.174815,23.078721],[112.20517,23.08515],[112.210541,23.087836],[112.225515,23.100206],[112.231456,23.103054],[112.25644,23.126776],[112.284272,23.148017],[112.31544,23.159613],[112.350027,23.154242],[112.374522,23.132392],[112.400645,23.073188],[112.425304,23.052069],[112.444835,23.047309],[112.464854,23.048163],[112.483897,23.053982],[112.501069,23.064073],[112.513682,23.076117],[112.543224,23.11872],[112.5678,23.146308],[112.595795,23.165595],[112.628184,23.175971],[112.664561,23.176866],[112.767996,23.168036],[112.78297,23.163845],[112.795909,23.155788],[112.805919,23.142442],[112.858653,22.972602],[112.927257,22.83572],[112.938975,22.823065],[112.953705,22.813096],[112.970144,22.806586],[113.039968,22.795722],[113.056895,22.790839],[113.0713,22.781806],[113.080984,22.767524],[113.084972,22.750515],[113.086192,22.696357],[113.089122,22.678087],[113.095307,22.660997],[113.106456,22.645819],[113.143647,22.616523],[113.154389,22.604763],[113.161794,22.592108],[113.165538,22.575629]],[[112.804698,23.147895],[112.845144,23.159857],[112.883718,23.148464],[112.917898,23.128241],[112.948334,23.10102],[112.971772,23.072537],[112.97991,23.055365],[112.982026,23.040351]],[[112.97991,23.041124],[112.982026,23.040351]],[[112.982026,23.040351],[112.995942,23.035264],[113.01295,23.034451],[113.029063,23.036892],[113.042003,23.041124],[113.075776,23.056464],[113.089854,23.054307],[113.11085,23.041124],[113.124441,23.059272],[113.137625,23.067328],[113.152843,23.067735],[113.172374,23.062852],[113.208588,23.044501],[113.220144,23.041124],[113.313243,23.055365],[113.323171,23.053168],[113.343354,23.043402],[113.35434,23.041124],[113.391205,23.038275],[113.407481,23.044013],[113.419363,23.062852]],[[112.982026,23.040351],[112.982595,23.036322],[112.982921,22.998481],[112.987315,22.980292],[113.002859,22.952948],[113.024099,22.927029],[113.049327,22.905219],[113.076182,22.890245],[113.096283,22.886176],[113.10906,22.890489],[113.121023,22.898383],[113.137625,22.904568],[113.157807,22.905097],[113.175385,22.902615],[113.192963,22.90294],[113.213308,22.911973]],[[113.082774,22.764268],[113.089773,22.761176],[113.138927,22.745795],[113.151866,22.739447],[113.160655,22.73196],[113.175792,22.709337],[113.186534,22.703803],[113.195242,22.707587],[113.207042,22.720242],[113.232188,22.734483],[113.244233,22.734687],[113.261729,22.726426],[113.303803,22.693223],[113.323171,22.684841],[113.342296,22.680609],[113.361095,22.678656],[113.371349,22.676378],[113.373546,22.670925],[113.373953,22.663926],[113.377859,22.657538],[113.425955,22.624091],[113.439871,22.610378],[113.456716,22.582831],[113.467784,22.573269],[113.487071,22.569403],[113.497081,22.571479],[113.509776,22.580878],[113.518077,22.583075],[113.529796,22.58161],[113.538259,22.57921],[113.546153,22.578803],[113.555919,22.583075]]]}}]}